100505715_at,100506965_at,10129_at,10202_at,10643_at,10974_at,1303_at,1380_at,1545_at,170712_at,1917_at,2207_at,2533_at,2534_at,2627_at,283120_at,3488_at,387914_at,3915_at,53335_at,54742_at,56271_at,56605_at,5672_at,57007_at,5728_at,57407_at,58480_at,5918_at,64092_at,6446_at,793_at,79652_at,81618_at,84267_at,8910_at,90141_at,9603_at,9886_at,9966_at,label
5.69,8.23,6.32,10.36,9.91,11.68,4.34,4.40,5.02,3.55,9.00,4.80,3.68,4.56,8.11,4.70,3.94,3.56,9.92,6.63,4.20,8.61,6.57,4.72,3.85,8.72,9.63,10.14,3.90,3.66,4.69,4.59,3.74,8.14,10.09,11.37,8.96,4.57,6.10,5.92,1.00
7.02,7.38,3.96,4.78,10.25,9.62,7.46,3.73,4.30,3.97,11.67,4.96,3.74,7.58,6.74,4.64,4.03,3.72,9.01,5.75,4.56,4.16,5.96,7.93,4.07,9.06,9.39,4.27,6.38,3.93,11.26,4.97,3.81,9.53,8.38,10.55,7.92,5.17,3.70,4.07,1.00
5.71,7.48,4.45,4.90,9.97,4.66,4.65,4.10,4.33,3.89,7.67,4.81,3.81,7.17,4.45,4.34,4.06,3.61,9.90,10.63,4.02,4.12,8.52,5.06,3.96,9.99,9.17,4.32,4.27,3.88,7.28,3.78,3.84,9.32,5.22,4.51,7.48,3.59,6.99,4.37,1.00
5.69,5.18,4.13,5.39,10.44,7.50,8.71,3.76,4.29,3.62,4.34,4.53,3.87,9.36,5.11,4.62,5.70,8.21,10.65,7.93,7.44,3.90,5.72,5.41,3.74,8.20,9.63,4.13,5.85,6.51,12.32,3.78,4.01,7.52,8.56,6.30,8.99,6.04,4.79,5.59,0.00
6.82,4.39,3.90,5.49,10.87,4.53,6.28,3.87,4.47,9.89,8.66,4.77,3.64,6.52,6.39,4.69,4.63,3.65,11.00,4.54,3.94,3.93,6.22,9.11,4.15,4.52,10.32,4.84,3.99,3.74,10.28,3.72,4.20,9.07,4.82,9.48,7.37,7.66,9.46,4.17,0.00
6.72,6.26,3.90,5.71,10.26,4.75,4.81,3.64,7.69,3.50,7.91,5.29,5.31,4.51,6.80,6.99,4.23,3.37,10.71,4.60,4.67,4.44,5.79,4.88,8.63,8.34,9.13,7.86,7.45,3.96,9.37,3.61,3.82,8.69,9.61,11.19,8.74,5.42,6.87,6.16,1.00
7.12,6.95,3.69,5.67,10.94,4.45,5.27,3.51,5.04,3.63,5.25,5.21,3.75,5.55,4.00,3.88,4.59,5.23,9.64,4.65,4.42,10.70,5.88,5.73,4.76,8.29,10.40,4.91,4.26,3.81,9.26,3.63,3.84,11.18,8.43,11.14,8.06,4.82,6.95,4.18,1.00
8.10,7.67,4.07,4.48,9.34,4.20,4.49,3.86,4.01,3.84,4.71,4.90,9.20,9.78,3.80,10.24,4.11,9.72,4.70,4.53,3.92,8.52,4.84,4.48,6.95,11.17,9.22,10.00,4.32,11.34,4.60,3.77,7.16,10.01,5.42,4.52,7.39,3.72,3.94,4.53,1.00
5.86,8.05,3.98,9.91,9.92,4.02,4.27,4.23,4.04,4.05,4.31,5.51,3.82,7.95,4.25,4.39,3.96,3.43,8.09,5.74,3.99,4.40,5.98,5.15,6.47,9.87,4.82,4.47,4.09,3.94,12.99,3.80,4.50,8.61,7.78,10.05,8.17,8.17,3.96,4.55,1.00
6.20,7.13,3.90,10.30,10.67,4.21,4.41,3.88,4.20,3.75,10.27,5.14,3.96,5.50,3.98,5.74,4.04,3.43,9.22,4.60,4.15,3.85,5.24,5.21,3.89,7.63,9.13,4.95,4.21,3.70,4.50,3.54,4.26,10.10,4.88,12.29,9.49,5.62,4.20,4.56,0.00
8.84,3.58,3.93,7.63,10.71,4.35,4.44,3.89,6.11,3.50,10.61,5.04,3.73,5.25,8.75,5.90,3.96,3.52,10.95,5.37,3.98,4.21,6.13,5.03,4.21,7.82,8.85,5.50,4.07,3.74,5.51,4.05,4.00,8.65,9.95,9.35,7.59,7.17,8.76,4.46,1.00
5.96,7.05,3.81,4.58,10.61,4.66,4.27,10.61,11.05,3.81,9.69,5.32,3.66,10.49,3.84,4.32,4.02,3.59,9.17,5.96,4.04,6.53,8.96,4.41,9.34,10.05,9.67,4.03,4.32,10.37,5.67,3.75,6.31,8.42,9.13,10.73,8.15,6.14,3.74,4.43,0.00
0.00,0.00,0.00,0.00,0.00,0.00,0.00,0.00,0.00,0.00,0.00,0.00,0.00,0.00,0.00,0.00,0.00,0.00,0.00,0.00,0.00,0.00,0.00,0.00,0.00,0.00,0.00,0.00,0.00,0.00,0.00,0.00,0.00,0.00,0.00,0.00,0.00,0.00,0.00,0.00,1.00
5.66,8.08,4.30,4.57,10.81,3.95,4.48,5.11,4.10,3.71,4.88,4.64,3.75,7.27,4.51,4.40,4.03,4.11,8.25,10.17,3.96,4.19,7.12,5.08,4.63,8.84,9.91,3.89,4.15,6.91,5.14,3.91,4.02,5.54,5.26,10.01,7.75,4.17,3.71,4.43,0.00
7.47,3.67,4.09,13.39,10.52,5.60,8.12,3.99,9.62,9.05,12.08,4.76,3.90,5.57,5.50,6.92,10.24,5.76,11.12,4.56,6.12,4.34,6.07,5.05,4.69,6.80,10.78,5.14,9.34,3.99,7.26,3.73,3.91,9.21,4.79,9.09,9.45,4.36,3.97,4.21,0.00
6.66,9.63,7.67,13.32,10.66,4.93,4.27,3.88,4.10,3.60,4.49,5.89,3.70,4.12,7.42,4.45,4.01,3.69,9.81,4.63,4.26,3.88,5.12,5.13,4.17,8.13,4.99,5.96,4.22,3.94,7.72,3.85,4.64,9.09,10.06,10.46,8.78,7.45,9.93,4.17,1.00
7.34,5.59,3.76,9.36,11.20,8.54,6.64,3.75,9.22,3.38,8.75,5.07,4.05,4.06,4.73,4.42,4.18,4.06,10.21,6.02,8.27,4.01,4.29,5.77,4.20,8.54,9.98,4.41,4.07,4.43,11.72,4.04,4.23,8.06,9.70,7.32,8.62,8.27,4.42,4.68,1.00
5.49,6.26,4.05,6.19,8.95,10.50,8.61,3.73,10.48,3.62,6.34,5.07,3.90,8.56,9.28,4.11,4.00,7.94,9.98,5.06,4.37,5.90,4.43,11.12,6.05,8.12,7.96,3.94,6.58,4.69,8.45,7.59,4.10,7.37,9.31,10.86,8.61,8.02,5.59,4.15,0.00
5.99,7.92,4.69,6.92,12.11,4.26,4.56,4.04,6.34,3.70,11.32,5.09,3.82,7.69,4.89,4.28,8.66,10.21,10.15,4.75,4.55,4.08,5.50,5.01,4.51,8.77,9.88,6.09,6.82,3.79,11.51,3.92,4.55,9.24,8.81,10.61,9.44,8.74,7.06,4.24,1.00
7.04,7.76,4.70,5.51,4.25,12.50,5.81,3.74,7.76,3.64,11.16,5.27,3.74,3.98,9.34,4.41,10.65,7.68,8.77,4.65,4.24,5.79,6.03,4.81,4.45,8.43,10.30,6.84,4.46,4.06,5.03,4.05,3.96,7.94,9.66,7.16,9.70,4.75,4.86,4.56,0.00
6.94,5.03,4.12,5.69,10.28,4.59,4.66,3.76,7.50,3.75,8.81,4.85,3.77,4.26,7.00,4.04,4.09,3.52,9.71,4.44,3.99,4.70,4.76,7.74,3.91,9.43,10.56,8.38,13.64,3.86,8.88,4.54,4.22,8.49,8.78,11.67,10.07,9.31,3.53,6.57,1.00
7.49,8.62,4.43,5.06,11.29,4.03,6.80,3.81,4.44,3.61,11.48,4.86,3.76,7.08,4.43,4.23,4.52,4.25,11.28,5.46,4.21,8.57,4.98,5.54,4.34,9.66,4.66,7.50,4.17,3.90,10.93,3.68,4.27,10.39,7.38,10.85,8.50,5.89,8.15,4.18,1.00
5.64,6.45,6.11,5.71,10.28,4.51,4.13,4.38,5.83,3.54,4.57,10.20,6.80,5.46,3.93,4.08,4.04,3.54,9.11,7.54,4.61,8.07,8.04,4.30,6.69,9.24,9.73,4.14,4.09,11.53,4.47,3.78,3.84,7.69,8.12,4.31,7.82,5.69,4.25,4.15,1.00
6.92,3.86,7.07,7.99,10.36,4.16,5.11,3.81,4.25,3.85,4.10,4.85,3.81,8.84,4.26,4.58,4.11,3.65,9.83,9.26,4.10,4.27,8.35,5.06,7.95,7.75,10.73,4.45,4.27,3.94,7.51,4.61,3.66,9.03,8.93,9.20,8.10,6.55,9.21,4.44,1.00
0.00,0.00,0.00,0.00,0.00,0.00,0.00,0.00,0.00,0.00,0.00,0.00,0.00,0.00,0.00,0.00,0.00,0.00,0.00,0.00,0.00,0.00,0.00,0.00,0.00,0.00,0.00,0.00,0.00,0.00,0.00,0.00,0.00,0.00,0.00,0.00,0.00,0.00,0.00,0.00,1.00
7.69,7.70,4.04,9.61,9.32,4.09,7.39,4.07,10.45,6.44,11.52,4.53,3.68,7.35,7.25,4.56,4.01,3.81,9.91,4.78,4.13,8.31,6.93,8.69,6.30,9.77,10.48,6.13,5.32,3.88,9.16,7.55,4.09,9.41,9.62,9.42,8.66,6.86,5.88,8.56,0.00
4.95,4.37,3.95,5.89,10.84,8.86,6.52,3.85,8.06,3.60,5.24,4.84,4.34,6.02,8.84,8.45,4.99,7.67,10.91,6.74,9.34,4.36,5.31,7.82,8.82,8.58,9.24,4.22,7.51,3.96,8.85,4.88,4.20,8.71,8.35,11.73,8.14,6.12,5.18,5.50,0.00
5.20,7.36,5.92,4.37,10.61,4.54,10.09,3.67,4.42,3.42,4.10,5.33,3.57,8.48,10.49,4.52,6.40,4.03,11.91,4.52,3.93,4.84,5.44,4.86,4.62,8.20,4.97,3.77,4.16,4.00,8.62,3.81,4.18,9.00,8.77,11.76,7.27,4.23,8.39,4.29,0.00
8.58,9.62,4.35,4.46,12.09,4.53,4.26,3.67,5.28,3.77,10.29,4.63,3.67,6.85,3.81,5.15,4.13,4.58,9.55,5.75,4.02,11.32,5.56,4.79,4.09,10.24,10.33,5.84,6.45,3.86,7.65,3.84,3.93,9.66,8.20,8.96,8.77,5.62,7.62,4.34,1.00
6.32,7.24,7.40,4.51,11.55,4.37,4.77,4.06,4.32,3.55,4.93,4.66,3.69,6.97,4.19,4.37,4.11,3.66,7.78,11.20,4.10,4.60,8.32,3.95,5.32,10.71,9.82,4.24,3.86,5.14,6.90,4.00,3.83,8.01,8.97,10.62,8.08,6.05,3.90,4.86,1.00
7.53,6.76,6.32,9.77,10.84,4.27,4.31,9.83,3.96,3.45,4.62,4.93,3.72,8.66,4.30,4.62,4.18,3.52,8.65,9.16,4.15,4.12,8.72,5.07,8.14,10.41,4.77,3.86,4.26,10.06,7.41,3.94,4.27,6.60,7.39,9.77,7.74,5.18,3.65,4.72,0.00
7.53,5.32,3.93,8.07,9.56,4.51,7.37,3.87,4.40,3.96,10.24,5.26,5.12,5.53,4.69,5.75,4.08,6.37,11.02,4.42,6.66,6.57,5.82,7.48,3.97,7.51,10.04,5.71,5.72,3.84,7.37,10.18,4.66,10.67,9.07,8.86,9.67,8.25,3.90,8.15,0.00
6.72,6.36,4.22,4.18,10.94,4.34,7.97,3.88,4.28,3.73,4.72,5.18,3.79,7.89,8.09,4.00,4.03,5.05,10.20,4.70,9.75,7.97,5.57,9.41,3.79,8.19,9.42,3.84,4.99,4.56,10.93,4.04,8.43,8.63,5.38,10.43,8.63,7.64,7.04,4.51,0.00
6.19,3.93,4.48,5.82,11.31,9.77,6.63,4.03,9.03,3.49,4.45,4.88,3.70,7.09,4.08,4.54,4.07,3.82,11.32,4.55,4.51,10.39,6.89,4.99,3.80,8.61,8.87,3.79,8.00,3.95,9.28,3.78,3.60,8.36,9.48,11.83,8.02,8.77,6.39,4.28,1.00
6.91,6.32,6.49,4.92,9.47,4.42,4.45,4.00,3.96,3.82,4.75,7.20,8.48,9.17,7.34,5.39,4.04,3.74,8.37,7.94,4.02,11.89,4.62,5.24,4.19,9.49,10.15,7.25,4.05,12.34,6.54,8.31,4.20,7.71,9.23,4.80,7.41,6.80,4.77,4.21,1.00
8.00,4.03,5.73,6.19,10.37,4.13,4.94,4.17,10.14,3.63,5.82,4.74,3.89,7.41,3.67,3.94,4.90,8.73,10.88,8.80,5.23,8.84,6.60,4.46,6.01,8.90,9.85,4.77,4.19,3.93,8.83,3.77,4.02,11.15,4.55,10.33,9.06,8.67,8.06,4.29,1.00
6.73,7.93,4.12,6.72,10.32,4.32,4.87,3.75,3.96,4.39,5.64,5.58,4.52,8.57,4.75,5.26,3.89,8.93,10.11,5.04,4.24,8.17,5.42,4.73,3.70,8.18,9.42,4.09,4.21,3.75,12.98,3.81,3.99,9.92,9.86,11.03,7.45,6.26,7.32,4.15,1.00
5.57,8.89,4.14,5.43,11.10,4.48,4.49,3.86,4.13,3.65,6.03,4.62,3.88,4.60,3.90,5.12,4.19,3.60,9.65,4.83,4.22,10.35,5.58,9.83,4.20,8.01,10.17,4.56,4.24,3.77,5.76,3.74,4.02,10.38,4.95,9.75,9.44,9.02,10.30,3.86,1.00
7.70,7.89,4.04,4.52,4.11,4.42,11.72,3.77,6.24,3.76,4.84,5.28,3.72,4.73,4.16,8.63,8.04,3.74,9.97,4.65,4.03,4.19,4.31,4.70,4.01,8.15,9.95,4.93,5.95,3.89,5.10,3.75,4.47,8.21,9.37,10.57,8.73,3.55,4.80,5.05,0.00
6.23,5.09,4.60,6.46,11.68,4.14,5.04,3.67,7.08,7.43,6.16,5.06,4.01,6.50,7.22,4.14,3.83,3.59,9.98,4.43,5.61,9.18,6.52,5.25,8.03,7.81,7.37,3.74,4.08,3.85,9.81,3.51,3.91,8.86,7.86,11.55,8.85,8.53,4.37,5.16,0.00
7.83,7.38,3.74,4.49,4.21,4.29,6.82,3.79,11.30,3.68,4.82,5.36,3.78,7.25,9.70,4.39,5.24,4.07,10.81,4.74,4.66,4.19,5.57,5.19,8.41,8.40,4.96,8.84,7.36,3.93,9.27,3.92,4.46,9.83,9.24,10.71,7.63,3.67,7.22,4.49,0.00
5.18,6.55,3.91,5.06,9.45,4.42,9.66,3.53,8.70,3.71,10.63,4.60,3.58,7.94,6.08,4.30,4.34,3.40,10.88,4.58,4.18,9.99,5.35,9.04,5.05,7.17,9.03,3.87,8.58,3.97,10.04,3.76,3.74,9.56,8.60,11.43,9.08,7.32,6.65,4.27,0.00
7.26,6.87,5.71,8.71,11.56,4.68,10.06,3.93,10.72,3.52,11.44,4.67,3.81,6.94,8.64,4.32,8.31,3.34,10.99,5.70,6.49,4.11,6.58,8.16,4.26,5.02,10.08,5.51,4.20,4.12,9.44,3.59,4.10,9.60,6.28,11.37,8.59,6.93,8.61,4.24,0.00
5.26,7.10,3.81,11.20,9.54,10.48,6.29,3.92,8.85,3.66,5.43,4.92,3.79,5.35,7.74,4.43,4.09,3.80,9.70,6.48,9.63,4.23,5.83,5.48,4.28,9.24,10.50,4.56,4.52,3.85,7.31,11.32,4.04,8.43,8.95,10.90,9.08,4.47,4.26,4.34,0.00
7.36,3.73,4.76,4.72,4.42,5.83,9.09,4.07,12.72,3.80,4.62,4.88,3.81,5.76,7.10,4.30,4.84,4.89,9.51,10.00,5.19,8.80,5.37,4.86,3.87,8.96,9.85,8.28,12.96,3.85,4.14,3.72,4.22,7.18,5.20,7.66,8.44,7.63,7.19,9.06,0.00
5.19,3.97,4.15,6.04,9.40,5.05,6.22,3.63,4.57,3.78,4.76,4.27,3.67,4.95,8.70,10.20,4.28,3.49,10.25,8.60,4.57,4.08,7.17,4.64,4.39,6.25,9.81,5.49,9.11,4.04,7.95,3.66,4.00,11.60,8.69,11.32,7.90,6.69,5.82,4.65,0.00
7.23,7.74,6.29,8.38,10.98,9.23,5.30,4.43,9.18,3.80,11.21,4.75,3.76,5.90,7.14,5.61,3.95,5.61,10.88,5.29,4.23,5.54,4.93,5.52,3.71,9.15,9.79,5.76,4.18,3.84,10.27,3.79,3.84,9.31,9.23,11.94,10.18,5.35,6.27,10.62,0.00
7.74,6.39,3.88,6.02,4.85,9.45,4.39,4.01,6.67,3.66,7.54,4.98,3.70,4.29,5.69,4.60,4.00,3.63,10.57,5.40,5.99,4.55,5.77,4.60,3.72,8.43,9.74,4.13,5.35,3.91,5.75,3.62,4.08,7.12,8.91,9.92,9.00,4.87,4.87,5.12,0.00
5.67,6.54,3.77,8.42,10.68,4.25,5.36,3.83,4.20,3.65,5.35,5.39,3.82,4.33,7.01,5.80,4.16,8.36,11.57,7.06,4.90,3.99,6.93,4.86,4.00,7.66,5.98,4.12,4.09,4.06,5.28,3.84,3.73,8.87,10.00,10.73,9.46,8.13,3.87,4.31,0.00
5.10,7.95,3.97,9.23,10.86,4.43,5.93,4.67,4.31,3.56,8.92,5.47,4.01,6.61,6.79,5.77,4.00,4.02,11.30,4.80,4.65,3.94,4.95,4.58,4.13,6.62,9.96,3.98,4.24,4.04,8.06,8.05,4.22,9.31,9.64,4.46,7.86,8.02,3.73,7.83,0.00
5.94,7.28,5.60,9.52,10.60,4.51,8.21,3.55,4.14,4.04,6.66,5.10,3.96,5.89,4.22,5.82,4.03,3.42,11.66,5.03,4.34,8.47,4.78,4.21,5.04,9.27,9.15,6.84,3.98,4.14,9.65,9.33,4.34,7.32,9.57,10.18,8.63,3.94,5.08,4.53,0.00
5.97,10.65,7.29,4.51,11.72,6.77,4.34,3.66,5.47,3.68,6.81,6.12,3.60,3.86,8.85,13.70,4.06,3.72,11.57,5.82,3.97,4.66,4.86,5.14,4.21,8.13,8.75,9.55,6.45,3.94,9.14,3.72,4.24,8.88,10.24,10.91,6.56,6.92,8.20,4.78,1.00
7.51,8.50,6.19,13.31,10.88,4.59,4.52,3.67,3.98,3.61,5.10,5.92,3.71,8.49,6.80,4.03,4.17,3.51,10.61,4.55,4.53,4.16,5.63,5.13,3.69,8.25,9.21,8.68,3.95,3.86,11.48,3.69,4.20,9.93,9.94,11.00,9.38,6.72,9.49,4.17,1.00
7.84,5.58,3.67,4.67,11.50,4.59,6.64,3.88,10.45,10.70,6.12,5.16,3.55,6.08,4.19,4.45,3.98,11.52,10.01,4.52,5.40,5.38,5.86,4.22,3.97,8.70,9.98,3.94,3.99,4.10,12.42,3.69,3.88,8.13,9.50,11.11,8.64,6.57,6.07,4.62,0.00
5.84,8.30,3.95,4.66,10.57,4.22,8.20,4.02,7.54,3.55,10.44,4.98,3.67,7.97,8.92,4.15,4.08,5.93,9.94,4.59,9.61,4.28,5.27,4.73,6.52,8.22,8.52,5.22,4.88,3.85,9.52,3.56,7.26,10.02,9.84,10.19,8.21,6.64,6.61,4.43,0.00
9.23,8.19,6.15,5.64,11.05,8.64,6.44,3.60,9.93,3.58,5.90,5.03,8.48,4.65,10.73,4.34,4.12,3.91,10.90,4.71,4.51,4.22,4.53,5.27,4.69,9.43,8.85,6.90,8.75,5.42,10.10,10.75,4.68,9.74,8.64,9.23,8.14,6.71,5.35,7.58,1.00
7.76,6.57,4.96,4.57,8.17,9.44,8.27,3.65,8.72,3.26,4.41,4.90,3.82,7.48,7.04,4.46,5.61,4.88,10.66,4.63,6.01,6.48,4.71,10.29,3.69,8.95,9.36,4.26,4.80,3.80,11.31,3.81,8.86,9.01,8.68,10.88,8.47,5.65,7.53,4.73,0.00
8.45,4.70,6.55,5.05,8.33,4.64,8.41,3.72,9.11,4.12,5.14,4.76,3.74,9.00,10.55,4.64,7.86,3.48,12.26,4.52,10.25,4.77,3.91,9.15,4.13,8.26,4.60,4.30,5.24,3.83,10.62,3.78,8.79,10.17,5.41,12.06,7.22,4.83,7.36,4.08,0.00
7.61,3.77,3.88,7.85,10.43,12.64,8.54,3.88,8.79,3.69,6.87,4.68,5.72,7.62,9.41,10.11,4.52,9.33,10.72,4.39,4.02,4.10,5.15,5.39,3.82,8.52,10.40,4.28,5.59,3.93,7.96,9.18,8.77,8.32,7.91,4.08,8.32,6.36,7.66,6.76,0.00
7.01,6.34,4.06,5.86,9.99,4.80,7.18,3.84,4.26,3.69,4.35,4.87,5.10,6.96,9.17,4.01,4.48,8.09,10.77,5.07,4.13,8.71,8.27,5.43,4.06,10.41,9.34,7.60,5.07,3.85,11.07,3.60,4.07,8.90,8.46,9.98,8.46,5.72,7.74,4.77,1.00
5.63,6.22,4.25,4.50,9.95,4.72,4.41,3.97,4.68,3.79,6.49,5.27,5.40,8.71,7.26,5.01,4.11,3.82,10.46,5.74,4.26,6.38,6.77,4.71,4.27,8.67,9.49,4.88,4.74,4.03,13.04,3.80,10.76,9.74,8.58,10.32,8.86,4.81,6.58,4.26,0.00
7.38,5.37,4.63,5.21,11.02,5.06,7.33,3.68,5.93,3.61,4.71,5.90,3.96,9.34,7.50,5.72,5.33,6.88,11.07,4.68,4.79,5.84,6.10,7.71,4.08,7.33,9.69,4.22,4.70,3.94,11.63,3.83,4.76,10.11,8.66,11.40,8.50,7.10,6.44,4.26,0.00
6.11,4.97,4.52,5.58,9.93,12.03,6.80,3.83,7.02,3.79,4.66,4.51,7.84,5.83,8.08,10.06,4.33,6.88,9.96,7.62,4.53,3.82,7.41,4.05,7.07,8.55,9.18,4.12,4.65,4.10,8.41,4.49,4.11,7.41,8.07,10.03,8.34,6.10,5.49,5.36,0.00
6.68,3.57,3.63,9.07,11.26,5.02,6.93,3.82,4.19,3.97,8.86,4.98,8.30,5.32,7.41,8.67,3.93,3.99,10.93,4.43,7.40,9.14,5.77,5.27,8.91,8.71,5.14,9.48,4.60,4.17,10.64,11.74,3.97,9.18,9.57,10.52,9.42,9.13,5.96,5.90,1.00
5.77,3.95,7.39,6.96,11.01,4.92,4.30,3.83,8.74,3.78,8.33,4.87,3.65,6.42,9.77,4.25,4.21,3.38,7.56,4.46,4.22,3.84,4.17,5.36,4.05,8.76,9.60,7.57,8.07,3.99,9.21,3.78,4.80,9.23,9.11,4.15,7.50,7.91,5.72,7.45,1.00
7.40,7.41,3.82,5.49,9.86,4.24,4.72,7.27,4.23,3.70,4.39,5.01,3.89,9.42,4.23,4.43,4.33,4.23,7.40,8.41,4.19,4.13,5.91,4.65,4.04,10.05,8.83,4.36,4.29,7.39,7.10,3.97,4.13,7.02,9.12,9.41,9.05,3.26,3.78,4.43,0.00
6.02,4.05,3.71,6.14,8.14,8.07,6.78,3.88,6.89,3.71,5.26,4.96,3.82,6.57,10.29,4.25,4.03,9.19,10.20,4.64,4.17,4.01,4.25,4.06,4.33,9.06,9.50,4.24,7.13,4.50,8.56,4.06,4.96,7.90,8.23,9.72,8.90,9.02,3.83,6.72,0.00
7.32,6.01,3.72,7.05,11.22,3.99,4.54,4.04,9.28,4.29,12.15,4.81,3.67,6.09,9.64,3.98,4.02,7.51,9.33,4.50,4.64,3.96,4.44,5.00,3.49,7.57,10.70,4.32,9.93,4.51,8.10,7.01,4.11,9.33,9.62,10.74,9.21,7.93,4.96,5.72,0.00
5.99,5.16,5.08,6.19,11.38,10.74,5.73,4.05,4.56,3.81,4.74,4.67,4.92,4.76,8.71,9.22,4.44,7.04,8.37,4.66,4.05,9.58,4.99,5.46,3.96,8.53,9.22,3.81,13.08,3.80,4.69,3.57,3.98,7.58,9.42,10.93,8.31,8.96,5.74,8.08,1.00
5.77,5.89,4.85,5.13,9.35,4.47,4.54,3.94,4.21,4.00,6.87,8.92,7.62,9.00,4.16,4.94,4.10,11.04,7.79,4.71,3.98,5.07,6.27,4.69,5.63,8.75,10.10,5.06,4.26,10.02,9.83,3.92,7.72,10.03,8.85,6.95,8.20,6.67,4.50,4.26,1.00
5.76,8.06,3.83,5.24,12.16,4.60,4.84,3.72,4.85,3.77,5.88,5.09,3.84,5.24,8.72,7.34,4.08,8.59,12.68,4.68,4.47,4.16,5.07,4.07,5.64,8.52,10.19,5.83,3.97,3.94,9.64,4.43,4.09,10.34,8.99,12.19,9.16,5.75,4.26,4.11,0.00
5.68,3.64,4.75,9.91,7.55,11.57,4.20,3.72,5.95,3.63,4.54,4.63,3.63,4.22,10.58,3.89,4.04,3.64,6.59,4.66,4.30,4.07,3.92,4.86,3.55,9.62,10.09,8.35,10.53,3.84,9.06,8.04,3.94,9.36,11.40,4.12,9.50,8.19,5.24,4.49,1.00
7.75,5.37,4.18,5.40,9.48,7.21,8.15,4.19,4.38,3.69,5.56,4.71,3.99,7.36,6.01,5.43,6.51,6.74,10.48,4.63,9.29,9.33,5.09,10.15,3.94,4.53,10.80,4.59,6.59,4.22,11.16,3.78,4.14,7.91,9.09,11.05,8.48,6.08,6.22,4.09,0.00
5.39,8.28,3.67,5.04,11.47,5.04,7.45,3.38,8.24,4.74,5.44,5.04,3.67,8.37,9.04,4.65,4.37,3.46,10.18,4.45,4.03,3.86,7.38,4.02,11.17,8.79,8.19,5.16,4.50,4.03,9.29,4.93,4.34,8.15,9.92,10.05,8.43,6.96,7.49,4.56,0.00
6.66,7.18,4.49,5.91,10.73,4.21,4.89,3.85,4.32,3.62,6.02,9.87,4.02,7.39,9.56,4.53,4.19,6.54,9.99,8.37,4.06,4.19,6.77,5.64,5.57,7.30,4.58,8.47,4.33,4.16,10.50,4.33,4.48,9.43,7.99,9.86,8.55,6.54,7.56,4.26,1.00
7.02,7.72,6.69,5.70,11.39,4.68,7.75,4.07,11.35,3.60,7.62,4.52,3.70,4.52,9.11,4.22,4.74,5.65,10.14,7.36,3.97,7.96,4.79,4.80,4.58,9.36,9.63,7.79,6.03,3.97,7.62,4.31,4.22,10.24,8.34,9.81,8.79,6.74,5.85,5.56,1.00
5.89,8.39,4.01,5.48,4.08,4.55,4.60,3.75,4.95,3.50,4.13,5.05,3.78,7.08,3.76,4.44,3.98,4.71,10.58,4.54,4.23,4.27,9.54,4.79,3.69,7.87,10.27,5.85,4.92,3.89,5.99,3.86,3.78,9.74,8.64,10.91,8.74,4.76,9.29,4.21,0.00
6.53,7.26,4.78,4.83,9.46,4.73,4.45,3.43,4.14,4.01,4.30,4.88,3.76,6.83,4.31,4.48,4.28,3.61,8.88,9.80,4.12,5.04,8.18,5.18,4.08,9.76,9.54,4.21,4.25,5.57,5.70,3.81,4.26,8.20,8.14,10.71,8.64,4.09,6.21,4.39,0.00
5.72,6.93,4.39,8.36,9.21,4.60,9.29,3.93,7.94,3.76,9.43,5.17,3.74,8.09,7.75,4.25,8.51,3.73,10.61,4.49,3.99,10.14,5.91,5.06,5.58,7.25,9.55,4.13,4.24,3.72,9.91,3.74,4.01,9.15,8.08,9.43,8.04,7.43,7.55,4.61,0.00
6.50,6.19,4.74,6.56,9.39,4.26,4.59,4.05,9.92,3.72,4.15,5.23,4.78,8.09,3.72,4.52,4.00,3.94,10.08,4.76,4.05,3.82,7.78,4.85,3.98,9.22,9.19,6.56,6.43,5.92,8.78,4.12,4.23,8.71,8.60,4.77,9.50,4.78,3.87,4.40,0.00
7.53,8.01,4.16,9.32,10.73,4.47,4.47,4.33,4.38,4.20,4.75,4.84,3.84,5.47,3.91,4.43,3.96,3.64,10.34,8.93,4.26,4.54,7.47,4.35,4.27,9.81,5.05,7.87,4.24,4.12,10.42,3.76,4.11,8.45,7.40,9.45,7.73,6.62,5.60,4.52,1.00
5.64,7.50,4.18,4.79,3.96,3.96,4.37,3.84,4.02,3.46,4.39,4.94,3.76,8.12,4.07,4.00,3.92,8.48,10.25,10.41,4.00,6.76,9.45,5.25,4.27,10.16,8.27,5.62,4.20,3.92,8.69,3.79,4.38,9.90,7.64,4.25,6.97,4.58,8.08,4.46,1.00
7.39,5.94,7.79,4.70,10.72,11.47,7.64,3.88,9.12,3.59,7.20,5.10,6.58,4.86,10.22,5.70,4.28,3.76,9.88,4.55,4.12,4.01,6.32,5.45,4.01,9.63,9.62,8.29,10.90,3.95,7.88,7.13,3.84,9.62,8.83,10.09,8.79,9.27,7.17,7.98,1.00
5.40,3.87,4.32,7.04,6.85,5.21,4.53,3.75,6.10,4.07,4.03,4.97,3.94,4.23,11.35,4.46,4.19,8.56,9.70,4.88,4.39,4.02,4.03,4.34,4.13,8.31,9.34,7.52,4.56,4.02,8.76,3.81,4.68,8.98,9.89,3.82,8.79,7.46,6.96,6.77,1.00
7.21,8.87,3.89,11.23,10.54,4.90,4.73,3.93,4.12,10.39,4.83,5.85,4.27,4.19,4.66,4.23,4.19,3.93,4.75,8.15,5.11,4.40,4.15,5.30,4.67,9.57,9.52,4.71,4.36,4.21,10.81,3.96,4.55,11.11,5.31,3.83,8.22,7.11,4.46,4.46,1.00
5.34,5.74,5.03,13.03,9.38,13.15,9.31,3.88,12.44,3.95,7.49,4.36,4.64,5.67,9.65,12.79,6.21,5.76,9.75,4.35,8.06,6.53,6.00,5.83,8.60,8.65,10.07,8.71,10.28,3.63,5.95,9.59,4.17,8.86,8.88,11.53,9.19,5.78,4.43,8.01,0.00
8.88,9.02,4.23,5.00,11.35,4.18,4.61,3.88,4.34,4.16,4.83,5.01,3.83,7.33,3.92,4.48,4.18,3.61,9.02,7.52,5.98,4.19,4.14,4.89,3.76,8.41,5.09,4.02,4.18,4.02,8.89,3.95,4.29,11.88,8.97,11.11,8.44,8.55,3.51,4.08,1.00
5.44,6.66,4.09,4.17,11.47,4.55,4.61,8.71,7.25,3.83,4.50,5.13,3.73,7.74,5.02,4.53,4.14,6.35,9.34,9.55,4.30,6.41,6.57,4.47,4.36,10.52,5.04,5.43,4.37,4.08,9.20,3.83,4.52,13.01,7.31,11.78,8.00,9.08,7.02,4.60,1.00
7.69,8.28,4.11,6.25,11.18,4.31,4.58,3.75,4.44,9.45,4.38,5.34,3.81,5.15,4.06,4.32,4.24,4.10,8.51,8.84,4.20,4.50,5.82,4.97,4.14,9.74,6.42,4.29,4.56,4.52,8.58,4.07,4.54,11.20,7.69,4.57,8.55,9.04,4.04,4.39,1.00
7.32,8.29,4.17,4.80,9.81,4.37,4.44,7.11,4.42,4.18,4.56,4.84,3.74,7.26,4.28,4.18,4.02,5.13,6.65,7.55,4.22,4.05,6.69,4.88,4.35,9.88,8.52,4.02,4.28,4.16,11.08,3.61,4.61,11.87,4.87,12.06,7.59,8.55,5.56,4.23,1.00
6.53,8.57,4.80,5.47,11.15,4.41,4.41,6.80,4.20,4.04,4.52,4.83,3.83,8.10,4.87,6.36,4.25,4.40,8.13,8.68,4.27,5.06,4.97,4.50,6.30,9.74,5.39,4.39,4.66,4.08,8.68,3.80,4.47,10.87,5.98,11.68,8.13,7.83,6.95,4.56,1.00
5.26,4.86,3.76,8.68,11.01,11.88,6.99,4.62,9.09,3.75,10.31,4.96,4.96,4.72,8.79,7.67,4.28,3.59,10.44,5.78,6.57,7.06,8.07,5.75,6.76,5.78,10.28,4.54,4.25,4.01,7.64,3.72,4.03,7.78,8.00,11.39,7.70,7.55,5.50,5.90,0.00
0.00,0.00,0.00,0.00,0.00,0.00,0.00,0.00,0.00,0.00,0.00,0.00,0.00,0.00,0.00,0.00,0.00,0.00,0.00,0.00,0.00,0.00,0.00,0.00,0.00,0.00,0.00,0.00,0.00,0.00,0.00,0.00,0.00,0.00,0.00,0.00,0.00,0.00,0.00,0.00,0.00
8.30,3.73,4.24,4.58,11.68,4.69,10.08,3.68,6.82,3.61,9.54,4.64,5.37,4.17,6.62,6.11,3.97,10.67,8.95,4.53,4.94,4.59,6.69,5.19,4.64,8.64,10.41,6.20,6.18,3.86,10.64,3.70,3.82,8.59,7.50,11.71,8.71,7.18,7.84,6.55,1.00
7.85,7.26,3.95,5.11,11.90,4.75,5.25,3.54,9.57,3.74,8.75,4.89,3.69,4.31,10.00,4.08,4.15,3.66,10.08,7.07,7.85,4.16,7.54,4.73,6.50,9.25,10.54,6.52,11.10,3.82,5.70,10.41,4.73,8.10,10.40,10.83,8.01,9.63,4.36,8.93,0.00
8.30,8.55,5.79,4.32,10.98,4.48,8.35,3.60,11.13,3.53,9.09,4.91,3.82,6.60,6.13,4.23,4.43,7.73,11.71,7.30,4.24,9.32,4.56,4.85,10.50,8.79,7.75,7.02,5.63,6.63,9.32,3.74,4.97,10.53,9.41,11.07,7.73,7.80,8.39,4.30,1.00
7.93,8.28,6.30,4.63,3.79,4.31,4.33,6.88,7.29,3.70,4.42,5.79,4.21,6.60,3.79,4.29,4.15,3.76,5.24,9.19,3.96,9.59,6.26,4.70,3.90,9.49,8.81,4.36,4.74,11.33,6.68,6.10,4.89,7.00,8.24,3.95,8.74,5.96,4.70,4.35,0.00
7.63,8.29,3.74,4.48,11.76,4.58,4.31,3.83,4.34,3.86,5.99,5.69,3.68,4.43,4.37,4.97,4.06,3.70,4.68,4.54,3.89,10.80,11.24,4.63,4.10,8.96,9.13,9.75,4.07,3.83,8.02,3.73,4.26,8.11,10.00,11.17,8.94,4.77,4.00,4.20,1.00
5.97,6.94,5.29,6.53,11.44,6.96,5.79,4.02,6.96,3.47,6.72,4.97,3.73,7.42,6.25,4.30,4.66,10.92,10.18,8.59,7.63,8.62,5.92,4.30,6.94,9.12,10.34,5.40,4.06,3.72,9.62,10.52,4.25,8.80,9.10,9.09,9.52,6.58,4.98,4.51,1.00
8.86,3.94,3.92,6.87,8.73,10.05,6.90,3.78,6.09,3.79,4.90,4.89,3.82,4.64,6.89,8.67,4.08,3.59,10.17,5.41,8.15,3.79,6.69,5.26,3.69,8.14,10.29,4.03,4.06,3.82,8.22,3.63,4.06,8.38,8.24,3.96,8.61,6.78,3.70,7.91,0.00
5.65,3.81,4.75,5.51,10.22,4.46,6.25,3.63,7.89,3.90,4.99,4.67,4.01,4.25,7.06,4.44,4.45,5.15,9.80,5.73,4.09,5.24,8.18,4.76,4.69,9.58,4.52,9.13,4.19,3.93,10.10,10.45,3.82,7.91,4.92,4.23,7.56,5.31,4.63,5.49,1.00
6.76,8.67,4.20,4.63,10.56,3.98,4.47,4.00,4.53,3.82,5.05,4.92,3.84,4.12,3.73,4.09,4.01,3.88,4.85,5.99,4.23,5.27,6.83,4.68,3.77,9.89,8.90,4.59,4.26,3.85,7.24,3.96,3.88,9.17,10.42,11.45,7.83,7.35,3.98,4.38,1.00
10.05,5.66,3.85,13.04,10.80,6.31,8.17,3.68,11.49,3.64,9.20,4.72,3.94,7.91,8.42,4.31,4.32,3.33,10.50,4.62,9.60,4.34,5.41,12.07,3.73,7.95,10.52,5.88,5.89,4.06,11.00,3.78,4.34,9.21,9.08,12.47,7.38,6.94,7.43,4.32,0.00
5.34,6.67,4.06,4.43,10.70,4.49,6.19,3.80,4.15,3.90,6.09,4.83,3.66,6.81,8.06,4.30,4.20,3.50,9.96,8.42,9.40,5.52,5.69,5.16,3.94,8.24,8.98,4.81,5.31,5.07,11.42,3.54,9.43,8.29,9.33,11.23,8.71,7.21,6.71,4.16,0.00
7.03,7.79,5.79,4.52,9.60,4.11,4.51,4.55,4.10,3.59,4.73,4.92,3.76,9.08,4.06,4.48,3.96,3.74,9.54,7.31,4.04,9.84,5.22,4.93,7.26,10.45,4.49,4.16,4.02,3.99,8.43,3.92,4.09,12.64,7.97,10.94,5.36,7.15,5.39,4.47,1.00
6.48,3.79,3.81,4.47,8.83,7.36,4.58,3.72,4.13,4.10,5.54,5.23,3.68,6.22,11.20,4.54,3.97,3.33,9.44,8.01,4.08,4.02,4.82,6.83,4.55,8.74,8.90,9.00,4.01,4.05,6.89,3.89,4.40,8.59,8.43,4.32,8.88,8.58,4.87,8.82,1.00
7.83,7.02,4.24,5.29,11.49,8.56,5.45,3.91,4.82,3.44,9.17,5.06,3.67,6.52,6.94,4.02,4.01,5.34,9.39,8.18,5.35,10.24,6.46,5.88,3.98,9.01,9.51,4.42,4.38,3.88,10.59,3.85,3.53,9.13,8.53,9.17,9.02,7.54,4.40,4.41,1.00
5.70,3.96,3.81,5.06,10.22,9.91,4.47,4.79,10.69,3.67,9.76,5.11,5.10,4.80,8.20,4.32,4.15,3.78,9.83,7.28,8.07,3.95,4.67,4.68,9.42,8.87,8.34,4.40,5.81,3.89,7.86,3.91,4.07,8.80,9.60,10.90,9.25,6.29,4.13,5.81,1.00
6.84,5.33,4.57,6.27,9.29,4.92,5.29,3.77,7.55,4.16,6.48,12.02,6.46,9.10,4.65,6.45,6.62,6.04,11.18,4.76,4.03,9.11,5.78,5.07,4.28,8.55,9.44,4.09,4.93,3.97,12.03,3.71,4.43,10.49,7.26,12.40,8.11,7.03,7.61,4.18,1.00
0.00,0.00,0.00,0.00,0.00,0.00,0.00,0.00,0.00,0.00,0.00,0.00,0.00,0.00,0.00,0.00,0.00,0.00,0.00,0.00,0.00,0.00,0.00,0.00,0.00,0.00,0.00,0.00,0.00,0.00,0.00,0.00,0.00,0.00,0.00,0.00,0.00,0.00,0.00,0.00,1.00
6.62,7.35,5.55,4.69,11.18,4.90,4.48,4.16,4.12,3.65,4.77,5.19,3.82,6.50,4.22,4.41,4.24,3.39,8.52,9.31,4.15,4.20,6.94,5.46,3.71,9.54,9.96,4.18,4.37,9.54,10.17,3.91,4.61,6.13,7.13,9.28,9.05,7.67,4.22,4.58,0.00
6.87,3.80,4.04,11.71,4.13,6.12,4.46,3.73,7.82,4.02,12.45,4.67,3.86,4.54,6.01,6.97,4.89,8.58,6.83,4.52,4.27,5.89,4.58,4.80,11.62,8.98,9.94,6.99,4.11,3.92,6.80,4.06,4.00,7.20,9.64,4.14,10.30,5.86,5.99,4.30,1.00
10.12,3.76,5.62,5.96,9.48,9.15,5.53,3.97,10.44,3.54,4.60,4.68,3.70,5.18,7.47,5.04,5.50,4.66,8.84,5.06,4.91,3.92,5.45,6.53,3.84,8.20,9.14,4.40,13.30,3.86,8.93,3.68,3.92,8.50,7.77,9.94,7.21,6.91,5.68,5.26,1.00
8.17,8.60,4.46,5.67,10.46,4.55,4.53,5.93,9.23,3.75,4.26,8.83,4.29,7.25,4.22,4.44,5.57,3.60,7.99,8.23,4.27,10.70,6.24,4.55,3.75,7.63,9.60,4.43,3.99,12.28,8.70,10.64,3.82,7.75,7.99,4.28,9.10,5.46,5.60,4.13,0.00
5.18,8.40,3.84,8.06,10.71,4.27,4.62,3.86,3.99,3.79,7.59,5.04,3.73,4.71,6.06,7.63,5.19,3.67,11.07,4.60,4.10,3.99,6.45,5.77,3.72,6.83,10.32,4.52,4.25,3.96,5.33,3.74,4.74,8.95,8.34,4.30,8.62,4.81,4.08,4.27,0.00
6.21,7.56,3.86,4.97,10.34,4.16,5.17,4.01,6.56,3.62,5.98,5.15,4.81,8.83,8.06,5.78,3.98,3.96,10.21,4.84,7.52,6.74,6.91,5.30,3.86,8.24,8.99,4.49,4.16,3.84,12.71,3.87,4.10,7.82,8.29,10.09,8.52,5.28,6.95,4.52,0.00
7.90,7.74,3.83,6.56,11.14,4.58,9.78,5.51,5.05,3.73,8.69,5.11,3.75,9.32,6.76,6.58,4.46,4.69,10.74,6.09,3.90,10.45,7.34,5.09,5.08,9.54,9.35,4.73,4.23,3.96,6.43,3.76,4.37,11.34,5.16,11.31,8.89,6.10,5.48,4.36,0.00
7.15,8.45,6.14,4.73,11.15,4.11,4.24,3.70,6.42,3.27,8.40,4.80,3.73,8.09,5.82,3.81,5.31,3.81,9.54,4.66,4.08,9.76,8.77,4.43,9.92,8.91,9.25,6.17,4.20,3.81,11.31,3.77,3.93,10.76,9.31,9.91,7.63,5.64,7.48,4.25,1.00
7.00,3.79,4.09,8.03,11.47,4.11,10.56,8.75,3.97,3.73,11.05,4.91,3.81,8.40,9.74,9.52,4.11,4.36,12.45,4.89,4.34,3.85,6.41,5.47,9.37,7.72,10.09,5.40,6.00,3.79,10.22,12.67,3.98,9.38,8.21,9.31,8.32,10.26,4.55,8.96,0.00
9.25,6.25,4.75,4.36,8.20,5.49,10.43,3.94,10.26,3.92,10.71,4.83,3.68,8.79,7.81,4.29,8.62,3.90,10.49,4.91,4.10,5.16,4.35,9.34,9.31,7.27,9.66,4.18,6.16,3.77,11.10,3.81,4.28,7.98,8.87,9.38,7.86,6.40,7.34,4.26,0.00
6.59,9.41,3.86,6.38,11.38,4.70,4.26,3.94,4.42,3.94,4.26,4.81,3.68,9.03,4.14,4.13,4.13,3.84,12.01,7.99,4.28,4.00,10.14,4.73,6.99,9.01,9.14,4.29,4.16,3.90,6.01,4.12,3.55,13.00,9.15,10.09,6.97,5.03,5.67,4.36,1.00
6.37,8.40,5.16,4.46,7.41,4.35,4.43,4.14,4.22,3.67,4.99,7.69,10.09,9.63,4.43,4.61,3.87,9.49,4.99,8.15,4.22,7.09,6.55,4.49,7.93,10.34,10.36,3.87,4.07,9.77,9.34,3.73,3.89,9.68,5.38,3.82,7.87,3.85,5.20,4.32,1.00
6.55,7.87,8.79,4.54,5.01,4.50,4.35,3.78,9.47,3.84,4.41,11.15,7.47,7.49,3.89,4.11,3.96,5.66,9.08,9.71,4.79,4.86,7.08,4.72,4.11,9.01,9.50,7.40,5.05,7.41,6.21,3.73,4.18,10.03,9.11,4.32,7.12,4.95,7.70,4.77,1.00
5.11,4.80,3.97,9.95,10.84,5.07,4.39,4.46,8.87,3.58,11.75,4.97,4.13,7.18,6.31,8.60,4.41,3.49,10.82,7.18,4.23,5.17,6.32,5.29,3.88,8.82,9.81,8.91,3.97,3.95,7.68,3.71,4.20,9.60,4.88,8.52,9.05,5.85,6.42,6.70,0.00
7.47,7.76,3.92,4.92,10.85,3.88,5.58,3.81,4.66,3.78,6.78,5.04,3.68,7.94,8.85,4.13,4.06,3.83,10.71,6.46,6.11,6.04,6.05,10.29,3.92,7.88,10.11,4.74,5.89,4.23,9.31,3.90,3.57,8.86,8.24,10.24,8.69,8.84,4.99,4.34,0.00
5.25,8.20,5.15,6.32,10.65,4.21,4.36,3.83,6.82,3.92,8.64,5.06,3.65,8.10,3.83,4.44,6.13,9.09,9.88,10.51,4.25,8.34,4.67,4.70,6.85,8.48,9.51,8.54,4.40,4.06,11.68,3.98,4.02,7.91,8.90,10.74,8.85,7.01,5.74,6.24,1.00
8.47,9.36,4.36,4.97,10.87,10.51,5.38,3.93,10.84,3.52,8.69,4.97,3.63,6.17,7.15,3.97,4.16,3.43,10.16,5.62,9.05,3.99,4.80,5.36,4.08,9.02,10.05,4.60,4.64,3.86,8.03,3.70,4.81,9.17,9.40,11.00,8.93,6.26,5.68,4.69,0.00
6.28,3.67,3.96,5.09,11.39,4.04,4.50,3.66,11.61,3.88,10.38,4.69,3.74,6.33,5.15,4.57,3.95,3.61,11.31,4.58,4.12,10.09,8.24,4.43,3.76,9.44,9.51,4.35,4.01,6.86,4.52,3.83,3.81,9.45,7.89,10.55,8.60,6.42,4.58,4.11,0.00
8.74,7.37,3.70,6.91,11.96,5.58,6.16,3.83,10.68,3.66,11.46,4.74,5.84,5.89,6.28,3.96,4.07,4.41,10.79,4.58,7.75,6.63,4.70,5.27,4.60,5.24,10.50,6.04,5.55,3.76,7.23,3.73,3.92,9.02,8.82,11.26,8.77,5.40,4.75,5.87,0.00
8.74,7.08,4.65,4.75,10.61,4.36,5.73,3.73,10.32,4.25,4.87,5.04,3.88,4.70,7.75,4.01,7.34,4.35,10.38,4.56,4.58,4.10,5.50,6.40,9.74,8.53,9.35,4.83,4.09,3.87,6.15,3.66,3.73,9.54,9.35,12.22,6.25,7.41,5.80,4.22,0.00
8.96,9.80,4.05,4.97,10.40,6.81,4.90,3.62,5.36,3.65,4.63,4.78,3.66,6.67,4.19,4.21,3.92,3.84,8.68,5.15,4.91,3.96,4.93,4.51,4.12,8.70,9.51,5.01,4.38,4.00,12.11,3.62,4.15,8.03,9.18,10.82,9.63,3.35,7.71,10.40,0.00
7.38,4.95,3.98,4.64,10.54,4.40,4.50,4.24,7.48,9.87,5.47,5.14,3.92,4.35,4.90,4.46,3.89,3.87,9.62,4.87,4.38,3.95,6.76,5.29,3.91,8.90,8.33,5.95,4.10,3.98,10.87,4.14,3.99,7.68,10.46,9.41,8.95,4.65,6.17,5.74,0.00
8.18,4.99,4.94,7.62,9.50,10.73,7.67,3.89,6.82,3.42,7.81,4.78,3.78,8.12,10.65,4.39,4.55,9.60,9.32,5.30,6.50,7.18,5.16,11.21,6.79,8.83,9.52,6.93,7.51,3.83,11.80,3.82,3.99,8.95,8.80,11.36,8.44,6.83,6.91,4.09,1.00
8.89,5.75,3.61,7.01,10.91,4.72,8.52,4.36,9.12,3.84,6.38,4.88,3.77,6.47,4.83,4.61,4.53,5.51,11.14,5.54,4.88,4.67,5.27,12.62,10.63,7.67,9.87,7.23,4.51,4.03,9.66,3.95,4.34,9.94,7.76,11.83,8.92,8.98,4.43,6.08,0.00
5.09,6.08,4.07,5.12,10.77,5.58,4.19,5.04,10.68,3.41,10.85,5.13,3.90,4.84,6.01,4.05,4.02,3.42,10.00,6.79,4.40,4.55,6.12,4.91,6.52,8.47,9.64,6.72,4.39,3.77,6.31,3.85,3.31,8.40,9.20,5.21,3.55,5.01,6.53,6.97,1.00
10.59,7.27,3.67,9.28,10.30,4.92,10.79,3.73,11.00,10.21,5.50,4.96,4.67,4.33,4.54,9.19,8.02,3.30,9.98,4.57,6.03,5.49,5.26,9.07,10.98,8.61,8.68,4.85,5.06,4.04,11.02,4.10,4.14,7.63,8.60,10.88,10.13,3.19,8.74,4.37,0.00
6.47,8.13,6.26,5.54,6.86,4.17,4.33,4.53,4.31,3.75,4.41,4.55,3.82,8.00,5.10,4.27,5.68,6.35,11.63,6.54,3.91,9.37,4.57,4.62,4.15,6.70,10.95,4.95,4.25,3.83,8.75,7.86,4.51,7.71,9.08,10.48,8.89,5.44,5.42,4.13,0.00
5.75,4.34,3.93,4.45,10.34,6.79,6.75,3.98,10.18,4.10,5.60,4.88,3.74,5.94,7.93,4.33,4.07,6.75,10.34,4.74,4.61,5.51,6.32,6.53,8.25,8.08,9.80,4.30,5.39,4.83,10.38,3.73,4.14,8.25,8.31,10.85,9.30,6.39,7.25,6.75,0.00
7.87,4.12,3.89,5.58,11.29,11.92,4.36,3.97,6.12,3.68,6.65,5.15,3.72,6.97,8.54,5.72,4.01,3.92,10.26,4.68,4.12,3.74,4.63,5.00,3.67,8.98,10.71,5.55,9.70,3.78,8.39,3.67,4.14,8.62,9.12,9.08,8.35,8.82,4.27,5.74,1.00
5.48,3.67,4.30,5.78,10.52,4.13,6.12,4.20,8.63,3.65,9.72,4.69,3.79,5.19,7.07,5.15,4.19,4.22,9.83,7.41,5.85,7.52,6.75,4.84,3.67,8.77,10.59,5.69,6.55,3.76,7.72,3.63,4.20,7.88,10.17,11.55,9.95,7.56,6.64,4.26,0.00
5.59,3.74,4.13,6.11,9.96,4.43,6.29,4.17,8.24,3.53,6.08,4.72,3.64,5.75,5.98,4.44,4.04,4.31,9.50,7.32,5.85,6.95,6.24,4.92,3.65,8.98,10.38,4.58,5.28,3.72,9.28,3.74,4.33,7.16,9.93,11.31,9.81,7.71,6.22,4.33,0.00
5.64,3.56,4.05,6.37,10.25,4.52,6.47,4.38,7.63,3.42,7.75,4.97,3.70,5.47,6.55,4.69,4.05,4.52,9.39,7.27,6.14,7.28,6.33,4.78,3.97,8.51,10.59,4.87,5.71,3.82,8.09,3.79,4.07,7.52,10.16,11.69,9.98,7.82,5.91,4.08,0.00
6.41,8.41,8.60,4.65,10.72,4.58,4.63,3.86,8.36,3.76,5.71,5.08,7.62,5.99,3.84,4.14,4.06,3.76,9.27,9.34,3.99,8.39,7.98,4.61,3.96,10.20,9.39,9.28,5.83,9.81,6.11,3.81,3.90,10.75,8.67,4.34,7.80,5.69,6.80,4.11,1.00
5.54,7.67,3.85,7.59,11.15,4.46,4.77,4.22,4.36,3.63,5.54,5.16,3.97,9.25,3.88,4.26,4.26,3.73,5.54,10.39,4.33,4.06,4.46,5.29,4.27,9.53,10.42,4.17,4.42,4.09,5.26,3.98,3.61,6.39,9.37,9.42,9.93,4.24,4.11,6.86,0.00
5.47,3.84,5.28,8.23,10.55,9.34,4.29,3.94,5.05,3.70,4.60,4.82,3.71,5.39,10.72,10.27,4.30,3.88,9.01,4.72,4.25,4.01,4.15,4.70,3.96,8.90,10.16,8.85,5.87,3.91,6.94,3.83,4.69,7.73,9.15,4.76,9.21,3.40,4.79,7.52,0.00
7.58,7.83,3.87,4.95,11.28,8.18,9.43,3.64,4.16,3.90,5.11,4.69,3.86,4.93,8.49,9.74,4.90,10.92,11.16,8.08,4.38,3.85,6.44,4.73,6.85,6.65,8.06,4.68,4.07,3.81,8.66,3.70,4.08,8.85,4.91,10.97,8.84,8.25,6.11,4.55,0.00
7.17,7.78,4.31,6.56,10.74,4.11,7.23,4.02,6.13,3.73,7.59,4.68,3.74,5.71,8.87,3.85,8.32,5.53,11.15,4.35,4.17,6.69,5.53,7.19,4.00,9.24,9.40,4.42,4.17,3.80,7.81,3.65,3.73,9.18,8.42,10.82,9.89,8.97,7.43,5.03,0.00
4.74,8.78,4.69,5.87,10.61,4.13,7.87,4.13,7.74,4.20,7.65,5.19,3.73,4.14,5.93,10.03,5.56,3.66,10.82,4.74,4.02,8.35,6.03,5.00,8.39,9.10,9.69,6.52,4.07,3.98,6.31,4.09,4.18,10.38,7.15,11.59,8.39,6.01,6.04,4.24,0.00
6.24,6.63,3.87,5.43,10.80,4.59,6.30,3.68,10.17,3.62,5.10,4.98,3.91,4.51,6.69,4.14,4.18,9.08,11.61,4.83,9.78,4.38,4.89,5.10,4.18,9.11,10.26,4.53,4.30,3.92,7.69,12.46,3.95,6.92,8.00,12.00,9.33,7.24,4.40,4.49,0.00
7.90,3.90,4.63,5.43,11.24,10.34,4.37,3.85,7.65,3.65,9.01,4.87,3.82,4.69,6.68,4.08,4.08,4.72,10.47,4.54,7.85,3.92,4.65,5.51,3.93,8.56,8.54,4.34,7.79,4.11,6.20,4.42,4.22,8.75,9.71,10.30,9.24,8.98,4.09,8.73,1.00
6.40,3.90,3.88,4.74,11.39,9.28,5.15,4.04,9.56,8.60,9.19,4.78,4.51,7.14,7.82,4.03,4.32,3.31,9.54,4.38,6.21,4.21,4.01,4.71,9.12,7.78,10.51,3.82,8.99,3.75,8.94,3.83,4.07,8.88,9.56,9.68,7.14,7.73,5.89,4.28,1.00
5.01,6.62,3.77,5.44,9.45,10.58,7.10,3.75,5.91,4.24,10.40,5.01,3.85,6.11,6.87,4.21,5.99,8.21,9.79,4.80,4.61,6.72,4.96,4.86,6.50,4.48,9.49,5.08,5.70,3.81,8.70,12.97,4.13,10.08,7.61,11.36,7.76,8.11,5.82,9.32,0.00
6.77,8.19,4.44,6.64,11.84,4.31,6.50,3.75,7.85,3.97,9.33,4.79,5.21,7.02,9.98,12.88,4.47,4.34,11.33,4.63,4.04,3.62,7.10,5.07,3.55,9.27,9.63,4.86,3.89,4.06,7.23,3.56,4.15,8.96,8.84,10.12,8.77,7.75,5.04,4.08,0.00
6.54,3.82,7.70,4.22,10.47,4.31,4.41,3.68,4.58,3.46,10.65,4.69,3.81,8.15,5.50,11.22,4.41,11.00,8.11,6.92,4.21,10.25,8.31,5.00,3.75,8.33,9.87,9.03,4.08,3.84,6.64,3.95,3.92,9.03,8.69,8.97,8.83,5.73,6.28,11.33,1.00
5.61,8.11,5.18,5.57,10.27,4.44,4.72,9.79,4.43,3.85,4.69,4.98,3.85,7.60,4.06,4.75,4.25,3.87,8.06,9.67,4.21,4.28,7.46,4.56,8.27,9.06,10.53,4.10,4.42,7.50,8.94,3.56,4.87,5.66,5.02,9.44,8.37,5.96,4.02,4.34,0.00
7.30,9.25,4.58,4.68,11.72,4.54,9.35,3.51,9.59,3.50,5.05,5.88,3.54,8.95,4.92,4.04,4.87,11.19,11.83,7.93,4.58,7.02,5.61,4.64,3.79,7.64,6.73,4.81,3.98,3.78,10.94,3.58,4.24,10.49,7.35,10.43,7.75,4.65,8.40,4.28,1.00
8.56,3.55,4.78,8.47,11.42,4.74,6.01,5.12,7.81,3.71,7.62,4.80,3.74,5.47,8.08,5.55,4.53,9.42,10.30,8.10,4.41,9.20,5.97,5.84,10.63,8.31,10.14,9.85,4.22,3.90,9.95,3.64,4.15,8.96,7.79,10.51,9.86,4.85,8.67,6.59,1.00
7.55,7.13,3.90,8.57,11.29,4.29,4.87,3.92,10.25,6.66,9.01,4.82,3.80,4.64,7.58,4.57,4.99,4.13,10.64,4.45,6.23,5.88,6.81,5.31,10.23,8.40,9.48,5.30,3.95,3.70,10.28,3.53,3.56,9.67,9.31,11.37,9.05,7.45,6.93,9.66,0.00
0.00,0.00,0.00,0.00,0.00,0.00,0.00,0.00,0.00,0.00,0.00,0.00,0.00,0.00,0.00,0.00,0.00,0.00,0.00,0.00,0.00,0.00,0.00,0.00,0.00,0.00,0.00,0.00,0.00,0.00,0.00,0.00,0.00,0.00,0.00,0.00,0.00,0.00,0.00,0.00,0.00
5.28,7.34,3.89,4.75,9.01,4.00,4.36,9.12,4.24,3.61,4.33,4.99,4.09,9.75,4.22,4.28,3.89,6.25,6.02,8.70,4.03,11.05,7.45,4.58,6.24,9.95,9.56,11.75,4.15,9.54,4.93,3.73,3.62,9.55,4.99,6.41,6.92,4.39,5.74,5.19,1.00
6.74,4.29,5.53,10.89,10.09,11.66,8.87,4.03,4.63,3.56,10.72,4.85,6.80,5.30,5.08,11.96,4.11,7.00,10.13,5.49,4.65,6.18,6.08,7.26,11.83,8.24,9.85,6.28,3.96,3.83,7.64,4.98,4.26,10.07,6.45,10.07,9.44,7.74,5.29,5.27,1.00
7.31,3.80,4.29,7.73,11.68,4.36,5.36,3.99,4.06,3.57,6.20,5.46,4.24,7.81,6.15,4.76,5.21,10.15,10.69,4.56,4.60,7.48,6.42,6.02,3.75,6.63,10.26,3.98,4.07,3.64,11.60,3.91,4.17,9.34,6.42,11.72,8.15,5.46,7.15,4.04,0.00
10.83,6.62,4.10,4.72,9.85,4.07,8.81,3.67,6.79,3.68,9.13,4.56,3.79,8.30,4.13,5.48,5.25,3.40,10.15,7.43,5.37,4.19,3.94,4.60,10.17,7.74,8.54,4.10,4.60,3.97,10.70,3.62,4.09,9.80,8.89,11.60,8.52,4.08,7.76,4.22,1.00
5.06,4.05,4.01,8.12,10.07,7.21,7.19,3.71,5.93,3.59,5.76,4.92,5.50,6.59,9.12,4.78,4.24,5.54,10.54,6.70,8.41,4.97,5.09,7.91,10.87,8.46,8.59,5.53,4.15,3.72,12.20,7.23,8.62,9.02,9.04,7.86,9.34,6.03,5.92,6.27,0.00
7.49,6.88,3.90,5.22,11.05,5.35,6.35,3.70,4.69,9.93,9.67,5.08,3.79,5.85,9.48,6.46,4.84,3.58,10.28,4.74,9.82,4.24,8.46,4.83,3.89,7.84,8.78,5.92,4.26,4.20,11.13,4.06,4.15,8.99,6.63,8.10,8.59,10.01,5.74,4.56,0.00
5.59,9.47,7.19,9.21,10.51,4.25,4.45,3.83,4.64,3.58,6.67,4.76,3.85,8.35,3.86,11.04,8.66,5.55,9.25,7.86,3.92,3.99,8.22,4.96,4.56,6.57,9.68,4.65,4.06,3.81,9.82,5.68,4.41,9.71,9.18,10.53,8.50,4.89,5.43,7.61,0.00
5.83,7.70,7.78,4.39,10.59,4.24,4.55,3.79,9.27,3.76,5.07,10.20,6.46,7.56,3.95,4.33,4.07,3.36,8.61,10.51,4.26,10.14,7.19,4.81,4.89,9.54,9.63,7.28,4.13,9.03,7.44,3.82,4.12,8.50,7.92,3.90,7.62,4.95,4.06,4.21,1.00
8.80,9.54,8.27,4.88,10.77,3.85,4.26,3.76,5.05,3.74,11.97,4.40,3.71,8.79,4.52,13.35,4.34,3.70,10.79,9.51,3.88,10.79,4.68,4.19,6.02,8.63,7.93,7.68,4.14,5.11,4.58,3.65,3.71,9.84,9.24,11.26,6.70,4.85,8.43,4.15,1.00
7.68,6.66,4.47,4.91,11.52,5.16,6.64,3.64,4.17,3.79,4.96,4.82,3.78,7.57,4.73,4.13,4.69,9.17,9.93,9.22,4.36,8.79,5.11,4.50,11.05,6.13,4.63,5.97,4.14,3.94,4.63,3.95,5.05,7.90,7.12,10.75,8.40,3.81,8.10,4.70,1.00
7.33,5.65,5.04,4.81,11.23,4.30,9.21,3.64,7.75,3.86,6.27,4.63,3.84,7.32,7.47,4.50,4.03,5.36,10.64,4.71,4.92,3.99,5.36,4.70,8.16,8.31,6.83,7.68,4.98,3.90,9.61,4.08,3.96,10.47,8.27,11.75,7.80,5.70,8.19,4.29,1.00
7.35,8.89,4.42,4.41,11.32,4.14,4.46,3.74,6.18,3.30,8.34,5.02,3.74,7.29,3.89,4.20,4.83,5.00,5.72,4.41,3.92,10.30,6.26,5.17,8.59,7.74,11.01,4.74,4.28,3.76,10.25,3.96,4.22,9.95,5.17,9.57,7.99,5.30,6.53,4.20,1.00
8.26,7.09,4.42,6.43,10.67,11.63,8.66,3.82,3.95,3.42,8.74,4.32,3.61,7.52,8.09,4.16,5.35,7.79,9.66,6.07,6.26,9.53,4.61,6.33,4.01,8.97,9.58,4.29,6.25,3.82,10.77,3.81,5.54,8.36,9.43,11.29,9.83,7.37,7.18,4.33,1.00
9.19,5.41,3.99,10.17,9.96,4.34,8.58,3.52,4.18,10.33,8.90,5.46,4.76,8.74,4.39,5.80,4.11,3.69,9.86,4.45,4.27,8.15,5.08,5.33,3.76,8.49,9.83,3.93,4.25,3.79,11.32,3.61,3.91,9.87,9.33,9.93,9.46,7.94,7.42,4.32,0.00
6.34,6.00,4.00,5.27,10.49,4.34,4.41,3.85,4.28,3.67,4.70,5.22,4.31,8.43,7.20,4.40,3.95,8.59,10.66,4.48,7.22,4.22,6.15,4.64,3.61,8.89,9.57,4.00,4.35,4.02,12.95,3.67,5.80,9.64,8.91,10.91,7.90,3.49,6.46,4.27,0.00
8.19,5.55,4.95,4.54,11.55,9.85,5.29,3.69,10.94,3.85,10.51,4.95,3.72,7.11,8.55,4.22,4.04,5.40,10.27,5.12,6.28,4.94,5.82,5.36,5.36,8.46,9.97,4.91,10.85,5.62,7.95,3.99,4.06,10.47,8.94,10.18,9.61,8.92,6.30,4.45,1.00
8.17,9.79,5.35,4.75,10.85,4.35,4.46,3.66,6.50,3.71,10.25,4.60,3.82,9.27,6.65,8.40,5.34,4.61,9.33,10.10,4.25,10.33,5.88,4.72,4.26,9.96,8.56,7.94,6.74,7.81,12.47,3.86,9.58,9.81,8.79,10.39,8.28,4.06,7.62,4.17,1.00
7.80,9.26,5.03,4.49,11.03,4.23,4.56,3.59,4.97,3.77,10.82,4.86,3.74,8.12,3.66,7.02,4.90,6.46,8.50,8.72,4.05,8.52,4.78,4.58,4.75,8.81,7.18,7.66,4.10,3.84,4.45,3.90,3.82,8.85,7.75,9.70,7.87,5.71,9.26,4.19,1.00
8.74,9.05,7.16,5.20,10.97,4.62,4.51,3.53,5.06,3.65,8.34,4.65,3.79,9.21,4.43,9.27,5.77,11.45,9.03,4.81,4.30,10.29,3.87,5.50,4.39,8.32,7.77,6.51,5.09,4.13,4.43,4.08,3.77,8.06,9.86,10.90,7.29,4.29,7.22,4.14,1.00
7.57,6.98,5.06,5.96,10.68,4.16,4.33,3.83,5.04,3.85,7.98,4.99,3.71,7.27,3.99,6.42,5.09,3.67,9.50,5.73,4.44,9.79,4.94,10.30,4.26,9.26,9.73,5.64,4.65,4.05,11.23,4.00,4.23,9.26,9.25,11.28,8.19,7.92,8.03,4.07,1.00
8.37,6.80,3.70,12.02,8.16,5.53,8.53,3.88,11.78,11.05,7.34,5.02,3.89,6.53,7.87,4.50,4.93,7.93,11.50,5.73,4.10,6.85,5.88,7.63,5.87,8.15,9.70,5.31,4.03,3.70,7.85,11.79,3.88,8.62,8.97,11.48,9.64,4.65,6.69,4.10,0.00
5.34,7.11,4.27,6.98,11.34,4.66,6.09,3.88,5.93,3.70,8.45,4.78,3.77,6.90,7.32,4.29,4.01,10.48,12.32,4.59,7.26,3.83,8.83,6.45,3.80,6.81,10.30,8.30,3.99,4.04,5.55,3.82,4.06,9.04,10.34,10.41,9.14,9.12,3.59,7.24,0.00
8.72,7.18,3.77,6.70,11.90,4.17,7.49,3.41,10.36,10.46,6.75,4.54,3.61,8.20,8.58,4.31,5.20,10.86,10.47,4.72,4.29,6.25,5.58,11.13,8.00,9.18,9.47,4.11,4.38,3.84,10.83,3.79,4.33,8.60,7.63,11.17,8.75,8.14,6.74,4.33,0.00
5.54,3.71,6.10,4.42,11.26,4.35,4.49,4.13,4.06,3.80,10.25,5.01,3.85,6.42,4.21,4.32,4.22,3.75,8.04,10.99,4.02,4.48,4.69,4.44,4.06,10.62,10.20,4.19,4.23,7.01,7.24,3.80,4.24,6.35,7.86,8.35,7.64,4.51,4.11,6.39,1.00
6.12,6.22,4.67,4.79,11.20,4.65,4.63,3.95,4.04,3.89,5.55,5.40,3.78,5.99,3.75,4.76,4.09,3.74,4.62,8.30,4.08,3.85,6.12,4.20,4.01,9.45,9.46,4.50,4.21,4.08,6.04,3.70,4.26,6.45,8.59,3.92,9.16,3.71,3.84,4.64,1.00
5.83,3.59,3.92,7.48,10.71,4.46,8.64,3.52,11.31,4.45,5.43,4.92,3.76,4.43,4.44,4.48,3.87,3.34,9.54,4.56,4.16,3.83,5.58,4.65,4.77,9.73,8.30,7.51,4.09,10.33,6.73,3.94,4.18,7.97,10.45,3.78,9.40,4.63,4.06,4.62,0.00
7.34,4.86,5.10,6.79,10.93,4.53,7.63,3.77,11.42,3.82,7.30,4.54,3.65,7.82,5.05,4.26,6.34,4.22,10.59,4.31,4.47,6.20,4.61,4.70,10.22,4.81,9.54,4.24,4.76,3.85,10.45,3.70,3.55,9.22,8.33,11.26,9.40,5.39,7.08,4.27,0.00
6.78,3.77,4.47,4.84,5.71,7.13,4.27,3.57,5.96,3.85,4.57,4.92,3.71,7.21,10.51,10.23,4.05,3.73,8.80,8.23,4.00,4.09,5.35,4.45,3.60,8.90,10.09,8.95,8.79,3.77,7.52,3.69,4.17,9.62,9.16,3.58,8.42,8.20,7.62,6.81,1.00
5.82,3.77,4.85,11.15,7.70,10.09,4.23,3.77,3.90,3.42,4.37,4.74,3.66,8.21,5.25,4.69,4.06,3.86,9.03,7.37,4.01,3.92,7.76,4.72,4.26,9.21,9.72,6.05,4.93,3.80,8.20,3.73,3.68,8.33,10.54,4.93,8.23,8.42,6.50,6.39,1.00
7.03,5.23,3.93,5.68,11.26,4.78,8.82,3.73,6.40,3.90,6.66,4.58,3.65,7.19,9.61,3.83,3.99,9.13,10.28,4.55,9.70,7.15,4.73,9.27,8.52,8.69,9.43,5.46,5.03,3.78,9.88,3.59,10.28,9.04,9.28,10.86,9.03,5.61,7.67,4.06,0.00
7.18,8.19,4.41,7.12,10.66,6.61,4.85,4.98,11.66,3.80,11.63,4.96,3.86,6.21,6.57,4.22,4.81,7.17,10.59,5.17,8.19,7.72,5.90,4.95,5.07,7.43,9.43,5.33,4.84,3.94,7.88,3.79,3.99,10.06,8.16,11.31,9.24,7.43,6.54,6.34,0.00
7.83,5.08,3.82,7.28,9.54,5.14,6.19,3.58,9.86,3.90,4.89,4.92,3.74,4.57,7.75,4.47,3.99,3.58,9.78,5.20,9.17,4.16,5.48,9.52,4.15,8.14,11.06,4.55,4.06,5.10,6.08,12.13,3.92,7.99,9.68,10.85,9.69,7.55,6.31,5.01,0.00
5.33,8.48,3.90,5.07,10.35,4.37,4.60,4.19,6.99,3.68,4.84,5.23,3.95,6.99,4.20,4.45,4.57,3.82,7.52,4.70,8.58,9.84,6.30,4.74,4.04,8.15,10.06,4.85,4.16,4.12,8.13,4.25,4.03,10.26,9.49,10.00,8.08,4.74,4.34,4.46,0.00
6.65,4.53,3.83,5.59,8.85,6.48,9.40,3.62,9.18,5.81,9.99,4.41,3.89,7.92,8.84,5.62,6.76,4.19,10.65,4.27,4.76,7.06,4.11,9.05,4.35,9.12,10.16,5.78,7.58,3.78,8.52,3.59,3.68,9.00,9.61,11.00,6.98,7.17,7.70,4.31,0.00
5.98,3.59,3.77,5.17,10.41,10.59,6.72,3.69,7.87,3.81,7.43,4.86,8.78,4.24,8.49,5.43,3.97,4.52,10.33,6.64,9.89,4.00,5.73,5.02,11.95,8.72,9.77,3.89,4.09,3.88,8.20,5.96,4.05,8.15,9.31,4.17,8.99,5.77,4.47,5.79,1.00
5.85,3.63,5.42,9.74,11.08,10.77,5.77,3.82,6.26,3.61,7.50,4.56,3.72,7.71,8.68,4.56,4.04,3.77,10.06,5.61,7.58,4.69,6.60,5.69,5.41,9.24,10.08,5.85,4.76,3.79,6.45,3.76,3.96,7.47,8.82,12.56,8.35,5.66,5.01,6.80,0.00
8.30,8.81,3.75,4.53,10.47,4.46,9.36,3.77,11.70,3.51,11.00,4.80,3.77,6.64,3.81,4.18,4.17,4.04,9.89,7.23,3.98,8.16,5.42,5.14,4.19,8.44,10.24,5.49,3.99,3.90,4.73,3.75,4.13,9.76,6.18,10.93,8.90,5.67,7.83,4.14,0.00
5.33,7.34,3.83,4.71,11.31,4.01,5.91,4.02,10.11,3.53,5.62,4.75,3.78,6.30,3.66,4.10,5.35,7.41,11.78,4.47,7.16,6.14,7.27,8.07,3.56,7.46,10.10,4.90,6.68,3.62,9.53,3.80,3.93,10.16,9.05,12.01,8.74,6.44,9.33,4.66,0.00
7.23,6.55,4.19,6.45,10.68,9.51,4.40,3.99,8.59,3.90,8.39,10.48,3.74,4.16,4.24,6.85,3.94,3.69,10.40,4.57,3.95,8.29,5.43,4.38,3.92,8.69,8.42,4.40,3.90,3.70,13.10,3.71,3.84,8.26,8.64,11.10,7.84,7.63,3.56,4.50,1.00
7.97,5.46,3.71,6.86,11.71,4.45,7.93,3.56,6.39,3.61,5.74,4.62,3.81,8.34,5.73,4.03,4.56,4.15,11.57,4.26,5.10,6.49,4.72,5.48,5.14,5.29,6.66,4.27,3.94,3.68,9.33,3.59,3.81,6.95,5.81,11.90,8.15,3.37,4.95,3.86,0.00
11.95,6.41,4.22,13.74,5.98,4.59,8.43,4.01,4.12,3.36,11.56,4.57,3.67,6.00,5.60,4.95,6.15,5.32,9.58,8.36,5.31,8.36,5.02,6.14,9.67,8.56,4.52,5.56,3.97,3.81,9.35,3.69,4.67,9.94,9.14,11.77,9.22,3.73,9.13,4.54,1.00
8.35,5.31,4.36,5.59,11.48,4.41,6.35,3.64,10.66,3.54,4.57,5.51,3.69,9.31,8.05,4.36,4.11,3.68,10.75,4.77,4.29,7.45,5.37,5.28,4.20,8.22,7.60,3.91,5.27,4.17,9.68,3.75,3.72,9.41,8.53,10.98,8.20,3.73,5.78,4.05,0.00
9.35,6.50,4.00,6.93,4.16,13.20,4.92,3.61,9.03,3.43,10.05,4.87,3.81,4.67,5.83,3.99,9.86,10.30,9.12,4.57,4.34,8.33,7.44,9.33,7.23,9.00,10.46,4.13,8.53,3.90,5.26,3.64,3.73,6.78,7.04,8.62,8.31,3.66,7.63,6.63,0.00
8.59,4.25,3.87,4.81,10.48,4.38,4.52,3.76,4.05,9.29,8.47,4.87,3.68,5.27,6.19,4.46,4.07,4.99,9.25,6.29,6.64,4.09,5.42,5.00,3.67,4.77,9.59,4.16,4.26,4.55,8.11,3.81,3.94,8.06,5.11,11.29,9.32,7.79,4.85,4.34,0.00
5.67,7.54,3.90,4.40,11.28,4.66,6.56,4.03,4.72,3.75,11.72,5.30,3.74,4.32,10.24,4.34,4.32,5.93,9.51,4.71,4.49,6.51,4.63,6.34,5.50,8.59,10.33,6.09,4.17,3.80,6.19,3.75,3.90,9.72,7.61,7.85,6.31,8.04,9.60,4.33,1.00
7.46,6.91,4.69,4.59,11.49,4.17,5.27,3.70,8.23,3.67,4.73,4.62,3.69,9.58,8.67,5.65,8.17,5.92,11.39,4.90,5.62,6.62,6.96,4.53,3.85,7.03,9.42,8.04,5.96,3.81,10.98,3.62,5.18,11.47,7.65,11.47,8.09,8.11,6.75,4.02,0.00
6.08,6.18,5.30,7.21,11.33,6.42,5.67,3.73,4.01,3.95,5.54,4.96,4.34,9.75,4.94,5.72,5.90,3.95,11.55,4.39,4.44,4.48,6.95,4.80,3.90,7.19,9.28,3.80,5.33,3.63,12.55,3.58,8.83,10.68,8.58,12.03,8.40,5.52,8.26,4.01,0.00
7.65,6.52,4.26,4.49,10.45,4.19,4.46,4.07,4.17,3.99,5.33,6.27,6.76,7.42,6.10,8.22,4.09,9.27,11.80,5.00,4.26,8.81,9.69,6.57,3.90,9.32,9.31,7.39,4.11,3.76,10.94,3.74,3.86,8.78,7.55,10.09,7.28,7.14,6.87,4.29,1.00
7.50,5.08,3.78,4.46,10.66,4.48,5.84,3.49,4.07,3.85,4.74,5.14,3.91,8.50,8.99,5.65,3.91,10.69,9.57,4.43,4.12,5.77,6.56,4.24,4.57,7.95,8.30,5.01,4.15,3.94,12.56,3.89,4.23,8.94,9.57,9.80,8.58,9.04,6.45,4.56,1.00
8.83,7.84,4.00,4.73,11.47,4.20,8.81,3.63,8.69,4.98,6.92,4.82,3.61,7.40,8.69,8.18,5.47,3.73,10.84,4.50,4.30,8.85,6.88,4.71,4.18,8.22,9.24,7.14,4.83,3.66,9.76,3.68,3.90,10.26,6.09,11.74,7.92,5.54,7.53,4.22,0.00
5.28,7.61,5.94,5.56,3.62,13.58,4.50,3.69,10.72,3.62,4.78,4.68,3.84,4.53,6.52,4.24,10.66,3.55,6.82,4.72,4.28,9.38,7.94,4.55,6.28,9.30,9.86,5.41,4.45,4.24,5.03,3.72,3.79,7.21,7.01,10.11,8.32,3.86,6.70,9.65,0.00
