1004_at,10439_at,10788_at,10855_at,11098_at,11167_at,1284_at,129790_at,13_at,147381_at,1475_at,1490_at,1728_at,1780_at,201651_at,202374_at,220134_at,2202_at,22835_at,22943_at,2353_at,27063_at,283537_at,290_at,2919_at,341_at,3485_at,3676_at,389421_at,4050_at,4734_at,4879_at,4935_at,51186_at,5142_at,51599_at,5176_at,5243_at,5321_at,54478_at,55228_at,55510_at,55531_at,5580_at,57194_at,57464_at,5746_at,6275_at,63898_at,6482_at,6775_at,684_at,6876_at,7852_at,79668_at,83871_at,84141_at,8910_at,9071_at,9415_at,label
3.89,6.82,4.69,6.85,13.09,12.44,8.66,5.42,3.68,3.97,6.75,10.78,12.14,4.74,4.23,3.37,7.50,5.12,7.67,4.86,11.03,3.69,4.84,10.46,3.91,5.43,5.25,6.54,4.69,4.49,7.95,4.16,4.05,12.27,10.07,7.58,4.97,3.67,7.21,10.30,3.76,3.70,4.80,4.87,5.83,6.38,4.27,10.15,7.92,7.51,6.54,9.55,11.33,4.26,4.56,10.27,7.86,9.85,4.20,6.63,1.00
3.73,9.89,4.59,4.23,11.46,12.91,11.37,5.05,4.99,4.28,3.59,13.47,10.91,5.42,4.11,3.46,6.55,4.68,7.31,14.05,4.40,7.72,9.55,5.28,4.30,5.22,8.70,6.75,3.83,4.34,8.82,6.34,5.34,11.71,4.76,5.84,6.22,3.92,3.59,10.82,4.00,3.61,3.91,6.95,4.67,5.16,3.94,14.32,7.08,5.16,5.58,5.76,10.72,5.43,4.56,10.95,8.37,9.48,4.35,8.90,0.00
3.89,3.81,4.75,6.80,10.08,8.46,11.60,5.99,3.64,4.18,3.94,10.50,13.42,7.20,4.14,3.38,7.31,9.46,5.81,11.39,5.74,4.23,5.65,9.92,11.28,8.61,8.99,7.51,7.99,4.49,8.92,3.61,3.68,11.73,10.26,6.47,5.97,3.72,9.53,9.67,5.62,3.64,3.80,8.03,4.51,6.43,4.08,9.29,4.45,6.33,4.89,4.08,7.56,4.00,5.89,11.81,5.77,11.25,4.13,6.71,1.00
4.11,3.92,5.15,4.80,5.01,10.04,4.37,5.71,4.15,11.39,4.92,7.14,10.39,5.59,3.92,3.60,7.42,4.26,9.45,12.47,6.04,3.92,3.58,3.81,4.43,11.32,11.19,3.73,11.82,4.60,7.76,4.05,3.82,11.14,4.19,8.25,11.22,3.93,4.28,9.68,9.88,3.84,3.75,6.23,4.95,6.08,4.49,9.13,7.83,4.54,5.15,10.39,10.27,5.83,7.49,11.80,4.07,4.54,4.07,8.59,1.00
3.90,4.04,4.48,6.33,11.12,9.84,11.11,6.59,3.85,6.68,3.82,11.28,12.15,4.60,3.73,3.28,6.59,4.49,7.36,5.19,6.94,4.27,3.39,3.60,9.80,7.33,4.94,7.21,3.75,4.72,8.20,4.07,4.21,12.06,4.52,7.06,4.53,7.42,3.40,9.36,6.35,3.71,3.91,6.23,8.44,8.28,4.05,7.38,7.38,4.56,10.68,3.99,7.32,4.12,6.63,11.39,9.53,12.33,4.29,6.02,0.00
4.04,4.14,10.94,5.44,4.40,3.89,4.48,6.05,3.90,4.41,4.13,3.48,9.81,4.08,4.02,3.55,9.49,4.16,5.44,4.11,6.25,4.03,3.78,3.67,4.27,7.17,4.77,11.05,7.87,5.48,7.32,4.20,4.04,7.25,5.30,8.22,12.39,5.60,3.56,4.82,4.17,3.79,5.72,7.91,4.65,5.36,4.33,12.40,4.96,8.21,5.44,9.84,5.57,11.68,5.84,4.79,4.19,10.05,4.46,6.34,1.00
3.88,4.86,7.63,7.19,5.80,7.00,6.65,5.71,4.36,4.54,6.92,6.22,12.27,4.60,3.75,3.91,6.34,8.83,6.92,6.52,6.43,3.61,7.75,4.28,4.54,6.00,7.08,3.66,3.66,4.29,7.46,4.19,3.90,6.36,6.01,9.06,5.10,3.83,3.82,9.44,4.11,3.67,3.78,10.09,4.85,4.96,4.16,10.81,7.53,7.34,5.87,7.17,5.28,4.35,7.83,5.49,4.86,11.90,4.11,5.00,1.00
0.00,0.00,0.00,0.00,0.00,0.00,0.00,0.00,0.00,0.00,0.00,0.00,0.00,0.00,0.00,0.00,0.00,0.00,0.00,0.00,0.00,0.00,0.00,0.00,0.00,0.00,0.00,0.00,0.00,0.00,0.00,0.00,0.00,0.00,0.00,0.00,0.00,0.00,0.00,0.00,0.00,0.00,0.00,0.00,0.00,0.00,0.00,0.00,0.00,0.00,0.00,0.00,0.00,0.00,0.00,0.00,0.00,0.00,0.00,0.00,1.00
3.86,7.96,4.29,6.47,9.57,8.87,8.11,6.84,3.88,3.83,4.41,3.51,13.77,4.27,3.81,3.42,6.58,4.21,8.84,6.75,10.01,4.02,8.24,3.86,6.44,5.76,9.25,3.81,3.79,4.59,8.19,4.00,3.93,10.44,4.10,9.85,4.56,4.11,3.29,10.89,4.00,4.08,3.84,9.75,4.46,7.14,4.38,5.95,7.45,8.76,7.04,9.96,7.33,4.31,4.32,9.63,8.09,9.09,4.42,5.26,0.00
4.75,6.60,5.05,9.13,10.36,12.61,8.73,7.66,3.69,4.10,3.69,12.93,12.83,4.48,4.02,3.51,7.32,10.49,7.41,12.70,7.55,3.64,5.26,12.10,12.95,6.35,4.92,6.05,3.91,4.24,8.67,4.09,4.16,8.09,8.06,7.34,4.86,3.86,5.96,10.96,9.51,3.91,3.83,5.64,4.61,5.62,4.23,8.29,5.86,6.46,6.01,5.39,11.97,4.97,5.06,10.75,8.78,11.09,4.08,8.94,1.00
3.97,4.04,11.30,6.26,12.70,4.20,6.80,8.94,6.48,3.87,4.34,7.24,10.84,6.56,4.45,3.25,7.50,3.95,8.19,13.83,9.10,8.33,4.66,3.74,5.06,11.63,4.62,3.86,9.11,5.11,7.99,11.92,5.49,11.49,4.49,10.20,6.81,8.04,4.17,8.53,3.94,3.77,3.91,7.84,4.27,5.87,5.94,9.32,7.46,4.98,5.63,7.87,13.77,4.80,4.59,4.37,4.16,10.16,4.20,6.31,0.00
3.87,3.88,5.54,5.95,11.76,6.05,8.34,6.29,3.88,3.97,8.37,10.46,13.25,10.55,3.83,4.35,7.07,4.14,8.15,9.86,10.33,3.87,5.70,3.47,5.06,6.15,11.77,6.84,3.82,4.27,8.14,3.57,3.92,11.87,8.67,3.99,4.61,3.96,11.25,9.87,3.90,3.71,5.38,8.52,4.56,10.50,4.47,12.78,4.84,7.99,5.05,3.93,5.29,4.26,7.04,10.83,7.56,11.74,4.17,6.63,1.00
4.08,4.22,11.35,5.14,4.54,4.35,5.62,5.76,6.17,4.09,8.80,11.99,12.65,4.51,4.92,3.79,6.39,4.05,7.54,10.29,5.95,8.75,4.25,9.57,4.50,13.54,6.27,3.71,10.73,5.39,7.34,5.10,5.34,9.77,4.44,9.29,12.75,10.24,3.89,9.19,4.18,3.83,4.18,7.16,7.69,6.02,4.36,12.72,5.63,6.52,5.58,9.07,11.67,4.33,4.18,8.09,9.48,10.46,4.51,7.29,1.00
7.49,4.94,4.31,6.02,8.39,4.79,10.63,7.41,3.74,4.00,3.87,12.66,13.54,4.88,3.85,3.40,6.27,4.51,8.70,9.19,4.68,4.40,4.39,3.80,5.63,9.53,10.94,3.90,3.58,5.18,6.66,3.94,4.24,12.09,4.49,8.77,4.29,6.50,7.65,9.48,8.17,7.29,3.72,6.04,5.35,5.15,9.28,10.15,7.73,6.39,9.20,5.86,4.21,4.84,5.99,11.30,10.48,11.95,4.27,6.55,0.00
4.36,4.03,4.25,7.72,10.66,12.82,10.06,5.61,3.76,5.85,8.37,11.23,10.72,6.05,3.94,3.79,8.53,10.76,8.25,12.29,11.44,4.39,5.83,8.45,3.78,6.01,5.00,5.61,4.00,4.45,7.70,4.39,3.75,12.30,9.81,4.87,4.15,3.74,8.76,10.12,4.19,6.86,4.69,5.44,7.71,6.64,4.55,10.30,7.17,6.02,6.25,3.66,9.89,4.19,6.76,11.10,9.52,11.97,3.93,7.73,1.00
4.39,5.03,6.60,6.82,8.36,8.22,4.80,6.58,3.76,4.28,3.80,11.03,11.82,4.45,4.55,4.70,7.25,8.52,7.67,12.18,5.60,4.96,4.55,3.71,12.00,8.37,8.70,3.80,3.58,5.00,8.88,3.89,5.76,11.24,4.65,11.29,4.50,4.88,9.25,9.06,4.43,7.39,3.72,6.72,5.01,5.89,4.32,7.79,7.53,8.70,5.43,4.00,4.72,6.89,6.90,8.39,4.18,10.08,8.37,6.81,0.00
6.23,6.24,4.63,5.10,10.98,11.32,10.46,6.20,3.60,3.84,4.18,10.55,10.44,5.24,3.89,3.52,6.33,7.54,7.75,10.21,5.42,3.83,6.41,3.69,6.56,5.97,10.08,7.52,5.65,4.50,8.22,3.86,4.27,12.47,5.27,4.19,4.50,3.78,5.34,9.69,8.82,3.54,4.03,5.59,4.49,7.43,3.97,6.63,5.47,7.05,5.57,3.94,9.96,4.10,6.35,9.54,8.82,11.62,4.44,7.85,0.00
4.73,5.63,7.59,5.28,10.37,9.95,11.02,6.12,3.96,10.33,3.82,9.18,12.83,4.67,3.65,3.39,6.63,4.62,8.46,12.40,4.39,4.05,4.88,3.86,4.18,5.07,9.05,8.50,8.58,4.19,7.42,4.07,3.93,11.75,4.66,5.44,11.30,6.61,7.85,10.35,7.81,3.70,3.62,7.27,4.62,5.60,6.40,13.39,4.90,5.25,5.28,4.17,7.26,4.21,6.82,11.18,4.53,10.85,4.20,7.31,1.00
3.87,4.67,4.75,8.31,9.20,4.48,6.66,6.63,3.87,4.50,5.40,4.76,12.51,4.44,3.62,3.76,6.26,4.09,4.80,4.33,7.36,3.71,8.33,3.82,5.69,6.69,8.71,3.71,3.64,4.39,6.29,4.19,3.84,9.71,4.52,10.03,7.98,4.08,3.79,9.10,4.30,3.72,3.60,8.04,4.73,6.92,3.88,14.75,6.31,6.40,5.38,9.41,4.76,6.92,6.09,4.19,7.51,4.31,4.05,5.39,1.00
3.81,4.43,5.57,7.07,10.65,4.63,6.67,6.63,3.95,4.16,3.79,4.20,12.70,4.47,3.92,3.72,5.77,4.26,5.70,4.32,6.35,4.02,9.51,3.91,4.48,6.93,9.89,3.86,4.18,4.93,6.84,4.32,4.15,6.55,4.66,8.96,5.65,3.98,3.30,9.28,3.84,3.85,3.89,6.70,4.53,7.68,4.30,13.61,6.63,5.85,5.49,8.28,4.96,8.17,7.50,4.39,5.09,4.53,4.22,5.84,1.00
3.87,3.99,12.62,5.63,13.47,3.66,7.17,5.88,3.70,3.90,5.52,3.79,11.12,4.83,3.59,2.95,6.37,3.87,5.01,4.68,9.86,7.49,8.37,3.74,4.58,5.10,5.54,3.74,3.51,4.39,8.58,4.09,6.92,12.09,4.24,10.26,4.53,4.90,7.03,8.91,3.93,3.83,3.64,9.45,4.32,6.70,4.48,10.33,7.52,5.01,5.60,9.87,6.62,4.14,7.69,4.37,6.56,4.20,3.93,6.39,1.00
3.89,7.63,4.91,6.89,12.11,3.70,7.42,7.48,4.15,4.56,4.18,9.25,10.58,4.20,3.76,3.34,7.52,12.07,8.63,8.54,11.46,6.35,4.10,3.76,7.59,6.93,4.76,3.74,3.48,4.60,7.23,5.07,4.07,11.76,9.05,9.04,4.12,8.49,6.37,9.42,3.60,3.69,4.08,6.27,6.32,8.23,4.04,9.74,7.40,9.32,7.10,4.00,4.60,10.50,5.75,4.37,7.26,9.42,3.93,5.73,0.00
3.93,4.07,4.54,5.67,9.64,9.92,4.12,8.20,4.17,3.98,4.83,4.64,8.81,4.29,5.02,3.33,6.38,6.36,7.60,9.23,9.30,4.06,4.51,3.79,5.53,10.22,7.09,3.94,7.72,7.82,8.10,4.39,4.03,11.75,4.56,10.22,8.37,3.77,3.48,8.51,3.69,3.55,3.71,7.92,4.21,6.18,4.02,6.46,7.62,8.73,5.28,9.22,6.48,4.29,5.75,10.65,4.27,6.47,4.21,7.42,0.00
7.84,4.18,8.23,7.40,9.96,11.39,10.04,7.89,4.08,7.96,4.10,11.21,9.57,6.84,4.00,3.51,5.45,6.29,6.46,4.49,9.89,7.64,5.38,4.09,8.44,8.28,11.16,3.83,10.11,8.14,5.05,6.24,7.11,12.34,5.72,8.91,4.04,6.75,8.60,9.26,8.28,3.89,3.86,5.69,4.35,4.92,9.75,8.45,5.94,6.16,7.14,9.93,12.76,4.25,6.12,10.77,6.33,10.53,6.03,7.81,0.00
8.52,3.69,7.10,7.77,10.60,11.93,9.93,5.67,8.26,4.69,4.04,11.58,11.06,5.92,5.74,3.60,5.97,12.39,10.29,11.49,9.84,8.20,7.36,5.90,10.83,5.98,10.29,8.17,6.74,5.30,7.85,3.95,4.20,11.96,4.97,7.97,3.61,3.60,4.74,8.94,5.56,3.78,3.87,5.24,4.87,6.52,7.75,12.08,6.31,5.54,4.59,10.04,7.29,7.29,7.42,10.50,9.31,12.00,6.64,8.49,0.00
3.84,4.20,5.91,4.34,8.39,3.73,8.34,9.35,3.75,4.14,3.93,3.42,9.41,4.93,3.98,3.32,7.37,4.15,4.82,4.29,7.80,4.01,7.82,4.23,4.15,6.71,4.79,6.72,4.29,4.83,8.35,3.82,3.99,11.15,7.17,4.31,4.40,3.91,11.23,8.58,3.80,3.77,7.46,7.67,4.58,10.49,4.33,11.19,5.24,10.05,8.60,8.99,4.68,4.43,7.54,4.33,4.17,4.71,4.05,5.83,1.00
3.97,8.97,7.77,5.43,5.99,13.15,5.92,8.82,3.75,6.01,4.13,6.83,9.68,4.58,3.84,4.00,6.75,5.45,9.99,8.60,4.03,3.86,5.87,4.85,3.87,5.78,9.29,3.67,5.40,4.53,7.29,4.29,4.66,12.98,4.14,6.14,5.46,3.99,3.90,10.32,10.15,7.61,4.18,5.25,4.29,5.27,4.11,5.64,5.40,5.37,5.67,3.49,4.93,4.67,5.15,10.09,3.96,8.96,6.65,7.43,0.00
4.11,4.17,9.97,5.78,4.58,4.18,4.69,7.15,3.76,4.25,5.03,3.48,5.82,4.65,4.24,3.68,7.98,3.77,7.88,8.13,5.80,4.06,7.88,3.74,4.63,6.08,4.63,8.34,4.13,7.69,6.82,3.76,4.37,4.28,6.40,7.62,9.15,3.95,3.66,5.11,4.01,6.62,3.97,9.70,4.49,6.44,4.28,6.21,5.10,5.85,5.36,9.54,4.49,11.56,8.23,7.89,4.41,10.62,4.12,8.54,1.00
3.83,4.88,6.02,7.81,11.60,6.29,8.39,6.45,3.62,4.39,3.74,8.60,12.92,4.85,3.70,4.46,7.39,11.29,8.19,11.95,8.01,5.77,7.63,3.96,7.83,9.67,6.26,3.68,3.44,5.77,10.42,4.17,4.05,11.26,5.02,9.27,4.34,3.57,4.13,10.26,4.13,9.22,7.35,7.28,9.27,8.26,4.36,7.97,7.37,4.94,8.22,3.73,11.01,4.70,6.66,11.38,4.55,11.27,4.66,7.93,1.00
3.76,4.24,9.99,9.16,8.83,4.06,4.77,6.67,3.92,4.16,8.31,4.23,11.92,4.77,3.63,3.19,5.62,4.06,5.74,4.75,6.03,3.89,6.41,3.83,10.76,8.36,4.79,3.96,6.91,4.86,7.43,3.94,3.83,10.89,6.37,10.36,4.66,3.91,8.47,9.91,3.99,3.96,4.36,7.21,4.31,6.66,4.18,11.41,7.29,6.08,5.18,10.23,4.61,4.08,6.26,9.06,4.23,4.42,4.18,5.56,1.00
4.11,4.14,10.28,5.13,4.89,3.76,4.38,6.34,3.83,3.81,6.19,3.69,6.13,4.37,3.95,3.67,7.51,4.23,7.49,4.36,6.85,3.64,8.18,4.04,4.23,5.84,5.39,8.68,6.61,10.63,6.03,4.10,4.23,3.81,8.02,4.58,4.76,4.33,4.14,4.71,3.96,3.50,3.95,8.63,4.70,4.79,4.26,7.89,4.78,7.04,10.15,10.53,5.16,10.35,8.88,4.14,4.01,10.28,4.50,6.18,0.00
4.15,4.35,10.42,4.70,4.84,3.98,4.74,7.62,4.25,4.01,6.24,3.71,6.04,3.91,4.13,3.42,7.35,4.37,8.16,4.09,5.81,3.81,8.83,4.01,4.46,4.90,5.02,8.98,10.43,10.74,6.20,3.95,3.70,4.32,8.85,3.98,4.37,4.22,3.76,4.87,4.71,3.86,3.85,8.26,4.84,5.11,4.28,6.09,5.23,7.88,9.68,9.76,5.63,11.21,8.89,4.30,4.20,9.77,4.48,6.59,0.00
6.10,4.19,4.43,5.91,9.72,10.76,10.15,6.48,4.29,4.45,5.07,8.88,10.15,4.63,3.90,3.53,6.10,8.62,8.05,9.97,7.78,7.65,4.34,3.61,12.15,10.48,7.35,3.97,6.41,7.61,7.24,4.92,10.19,11.45,4.65,9.43,4.79,7.84,4.36,8.79,4.45,3.56,4.16,6.95,7.31,5.22,4.09,8.99,7.36,7.80,7.24,6.66,10.81,6.10,7.07,11.15,8.22,10.37,4.74,5.19,0.00
10.33,4.01,5.31,6.22,8.58,11.07,12.44,8.82,6.60,3.79,7.65,14.52,10.88,6.57,4.39,4.25,6.81,10.37,9.07,4.36,5.52,10.08,4.74,3.97,13.10,7.31,11.59,3.64,3.81,6.92,7.94,3.80,3.82,11.70,4.75,8.51,5.81,3.62,3.72,8.06,9.29,3.63,3.63,5.42,5.09,4.08,8.60,10.03,6.51,6.45,5.54,8.66,12.87,4.57,8.13,11.49,5.91,11.66,7.18,5.97,0.00
3.98,3.84,10.44,6.57,4.36,7.35,4.80,6.30,3.92,4.24,12.87,3.76,7.02,4.38,4.01,3.31,7.35,3.88,8.02,4.30,5.04,3.91,7.38,7.62,6.08,7.06,12.74,9.84,6.60,4.46,8.61,3.89,4.04,3.70,7.09,3.78,4.09,4.00,8.09,4.76,3.96,3.93,3.64,9.29,4.60,4.98,6.64,10.59,5.17,7.99,6.53,8.07,4.63,9.61,8.82,10.91,4.07,3.98,7.03,7.65,1.00
3.92,5.93,5.75,6.33,8.50,9.24,6.47,6.86,7.44,4.16,11.89,7.27,12.72,5.58,8.14,3.43,5.76,8.51,7.14,10.79,8.65,3.51,6.73,3.82,8.16,6.77,5.97,3.90,4.09,4.78,7.47,4.32,3.91,10.76,4.34,9.07,7.97,5.07,6.40,9.80,4.08,4.03,3.80,7.69,4.51,6.04,4.20,8.40,6.58,7.26,8.23,8.10,5.09,4.25,6.73,10.82,4.08,10.79,4.33,5.75,1.00
3.92,4.02,11.74,5.03,7.73,3.72,4.36,7.90,3.86,4.18,5.72,8.69,13.05,4.82,4.10,3.76,7.01,4.68,8.23,4.49,4.76,6.73,6.13,9.25,5.49,14.15,4.81,3.92,3.78,10.66,6.23,4.74,8.17,12.74,4.48,8.87,13.22,3.83,3.43,8.31,10.04,4.00,4.00,7.89,4.61,6.00,8.89,7.39,4.14,6.91,7.32,9.77,4.96,4.37,4.59,11.06,4.53,5.84,4.23,8.53,1.00
4.83,8.21,6.29,6.01,9.88,11.48,10.62,6.42,3.78,4.06,3.71,13.35,10.08,4.74,3.56,3.39,6.69,4.14,8.20,4.46,5.41,6.36,4.91,3.59,6.34,9.06,11.54,3.55,9.67,9.11,5.04,4.36,9.32,12.13,6.01,8.63,5.32,4.48,4.99,10.00,9.32,3.68,5.22,8.72,4.43,4.34,7.32,12.84,4.45,5.28,5.98,4.05,11.68,4.36,6.55,10.17,9.54,10.33,5.24,5.01,0.00
4.29,5.55,11.54,5.10,8.94,9.84,4.00,6.05,3.90,4.42,3.90,11.14,11.07,4.44,4.15,3.59,7.10,4.34,9.01,13.26,9.80,3.76,3.87,3.74,4.27,13.02,9.50,4.22,12.16,5.15,7.39,4.01,3.85,11.77,4.21,8.14,11.31,3.81,4.11,9.76,9.86,3.81,4.14,6.69,8.20,8.44,4.12,12.39,4.63,5.17,5.09,10.24,11.58,4.20,3.96,11.12,9.16,9.75,4.26,8.39,1.00
3.95,5.01,4.49,4.93,12.42,7.77,4.61,6.85,4.18,4.63,3.87,3.88,11.92,4.46,4.10,3.49,6.83,4.21,8.63,4.65,11.47,4.05,4.01,3.49,4.13,9.36,10.66,3.72,4.00,4.62,7.41,3.99,4.12,11.56,4.72,7.91,8.29,3.75,6.32,10.16,3.93,3.55,7.90,6.53,5.03,5.43,4.56,13.90,5.15,4.76,5.39,9.89,13.61,4.45,5.78,11.78,4.71,10.57,4.30,6.18,1.00
6.71,8.53,9.23,8.75,11.56,11.33,11.08,4.63,3.69,3.89,3.85,12.44,8.54,8.52,3.72,3.44,8.54,12.49,8.42,13.80,8.20,6.48,6.60,3.98,3.69,4.76,10.99,6.12,3.51,4.53,8.71,4.84,3.80,12.00,6.20,5.45,5.67,8.89,4.64,10.82,3.65,3.64,7.92,6.72,4.60,5.97,3.91,8.62,6.45,7.49,4.60,3.72,5.91,6.95,4.35,11.95,10.17,10.71,5.89,7.82,0.00
5.61,3.73,6.26,7.24,9.87,10.46,4.87,5.72,3.76,5.81,4.30,9.68,8.73,6.18,3.94,3.73,5.76,3.98,5.07,9.57,8.89,4.24,4.42,4.14,6.94,10.73,7.80,3.98,10.43,5.80,6.80,4.10,3.85,11.45,6.49,8.72,5.30,9.55,5.58,9.50,7.01,3.64,4.11,5.45,4.31,4.91,4.66,8.22,6.71,6.04,6.81,6.71,5.34,4.14,7.12,10.15,8.03,10.80,6.14,5.49,0.00
3.93,4.09,6.12,5.34,6.39,10.56,4.23,6.90,3.73,4.24,3.71,10.07,11.60,5.11,3.83,3.35,7.92,4.21,8.12,7.55,5.60,3.68,6.11,5.12,4.47,6.16,9.24,3.71,4.29,6.27,5.86,4.46,4.21,12.34,7.32,9.79,4.26,4.17,6.43,9.52,3.96,4.04,4.20,8.27,4.94,5.69,8.45,8.37,4.94,7.03,6.03,10.04,6.22,10.45,6.19,8.07,7.18,7.66,4.20,8.82,0.00
4.00,4.89,8.51,7.05,10.94,9.23,5.83,5.79,4.12,4.22,10.74,10.07,12.43,4.71,4.25,3.33,5.74,8.43,7.87,11.34,10.31,3.80,7.75,4.44,4.66,4.79,6.43,4.06,3.92,4.51,7.32,4.08,4.00,3.98,6.30,10.11,5.38,3.70,6.62,9.67,3.92,3.66,3.93,8.91,4.46,5.87,4.34,8.57,6.25,7.81,8.63,9.82,8.77,4.25,6.88,4.56,6.15,10.33,4.26,5.43,1.00
3.96,7.37,5.54,6.04,10.20,8.66,8.11,6.47,4.11,3.88,11.94,5.59,12.03,3.92,4.19,4.06,6.96,10.30,8.20,8.89,10.20,4.04,5.86,3.53,4.19,6.78,7.31,3.67,3.98,4.27,8.20,3.87,4.16,10.70,4.16,9.77,4.78,3.75,11.40,9.55,8.91,3.48,3.72,8.55,4.61,7.46,4.28,10.04,7.69,6.44,6.79,4.01,4.52,4.24,7.53,10.11,8.91,11.94,4.02,7.87,1.00
4.02,6.21,4.52,7.20,10.18,11.01,10.26,7.04,6.87,4.17,4.42,11.00,12.42,4.65,4.49,3.46,5.53,10.29,4.95,12.30,10.70,6.73,6.92,5.78,8.45,10.33,5.10,3.67,3.41,6.58,7.54,4.43,3.99,11.17,8.85,9.28,5.03,3.86,8.31,8.40,4.04,3.71,3.78,6.46,4.43,7.77,4.07,9.38,7.01,7.74,5.66,6.06,8.35,4.17,6.60,10.75,5.34,4.71,4.60,7.04,1.00
3.93,7.06,4.84,6.09,12.11,4.73,8.52,6.32,4.12,3.74,5.95,3.84,11.35,4.92,4.23,3.49,3.58,3.90,7.26,5.42,5.69,3.66,5.81,3.96,5.45,7.45,9.38,3.99,3.69,6.20,7.12,4.04,5.02,10.31,4.42,10.42,7.29,9.35,3.56,9.06,3.74,5.51,3.91,7.82,4.29,6.10,4.29,10.19,6.47,6.20,4.95,5.17,7.92,4.27,4.46,4.06,5.79,4.15,4.34,6.24,0.00
3.81,3.94,4.47,7.93,9.52,8.92,4.30,7.29,4.18,4.01,5.61,5.33,9.67,4.54,3.78,7.09,7.52,6.70,8.09,11.68,9.86,4.81,6.75,8.59,10.42,6.50,4.82,3.78,4.14,9.76,7.43,4.20,4.73,11.38,4.44,10.54,4.68,3.88,6.68,8.67,3.78,8.14,3.72,7.41,9.33,7.95,4.58,6.49,8.30,6.96,6.01,9.20,8.79,4.33,7.12,10.53,6.30,9.92,4.23,6.71,0.00
3.67,3.92,4.09,7.85,11.42,11.44,6.50,6.50,3.84,4.02,5.37,8.54,11.34,4.69,3.59,3.39,5.64,12.08,6.40,10.05,10.64,5.24,5.65,12.16,6.14,9.82,5.84,4.29,6.80,5.84,6.91,3.76,5.47,11.89,7.06,9.89,4.47,3.85,7.54,9.34,5.59,8.45,3.49,7.36,4.06,6.18,7.55,12.63,7.43,6.28,5.53,10.66,8.35,3.91,7.38,10.60,7.30,11.74,5.92,6.88,1.00
4.24,4.12,4.36,7.42,11.60,4.79,7.80,5.97,3.95,4.24,4.13,11.45,12.12,4.69,3.95,3.58,7.00,4.08,4.90,5.24,4.66,5.41,3.97,3.82,4.04,5.05,4.78,3.81,4.02,5.64,7.82,5.35,5.56,4.07,4.14,9.51,4.78,3.96,3.45,9.48,3.92,3.88,3.74,6.87,4.30,6.84,4.40,7.12,7.07,7.96,5.41,9.55,8.50,4.33,4.49,11.08,10.22,4.46,4.52,6.67,1.00
3.84,3.89,4.59,7.59,11.84,10.76,9.56,7.16,4.00,4.33,3.89,7.25,8.16,5.25,3.87,3.48,7.83,4.39,4.85,8.01,5.59,7.03,4.17,4.22,4.20,4.71,5.10,3.65,3.79,4.53,6.81,7.57,4.11,11.90,4.62,7.88,4.55,4.41,3.52,10.25,4.08,3.74,4.06,6.12,4.17,7.29,6.46,6.42,6.13,4.67,7.35,9.46,5.37,5.62,7.32,9.99,9.56,11.61,4.19,6.04,0.00
3.94,3.99,9.97,6.95,7.17,7.50,4.61,5.43,3.77,4.07,4.88,3.75,7.06,6.56,3.85,3.85,8.26,4.10,7.45,4.59,5.42,4.02,6.71,9.74,4.50,10.26,9.62,10.99,11.53,7.10,8.35,4.01,3.78,11.54,4.93,4.61,5.71,9.24,9.67,4.48,4.11,3.98,4.31,7.08,4.37,5.80,8.69,12.20,5.14,6.40,9.01,4.47,4.85,6.37,7.10,10.83,4.07,5.56,8.20,8.49,0.00
3.82,4.02,11.05,4.18,4.89,6.58,4.97,5.89,5.60,4.03,5.53,12.61,12.64,4.39,4.87,3.15,6.78,4.35,8.25,11.24,5.45,7.49,3.48,9.90,4.51,13.64,6.90,3.70,10.88,5.03,7.38,4.52,4.09,10.60,4.30,9.15,12.93,8.65,3.86,8.85,4.31,3.78,4.13,7.54,5.01,5.64,4.05,8.20,6.20,7.84,5.25,8.20,9.20,4.24,4.33,4.83,9.40,11.00,4.22,7.34,1.00
4.10,4.57,4.97,5.07,4.66,4.58,4.60,7.17,3.93,4.37,3.95,3.75,6.84,4.45,4.06,3.65,7.69,4.16,5.68,4.46,4.16,4.19,8.05,3.70,4.84,5.46,5.10,6.36,4.03,4.34,3.58,4.29,4.32,4.35,4.32,4.29,4.83,3.85,4.39,5.72,3.98,3.84,4.18,8.32,4.75,6.14,4.94,12.53,7.11,9.10,6.02,9.26,5.05,11.59,6.22,4.31,8.00,11.04,3.96,5.67,0.00
3.82,3.85,4.67,5.58,13.27,9.40,4.64,5.44,3.69,5.44,3.94,10.99,11.23,4.71,3.54,3.97,7.65,3.88,6.25,12.03,5.32,4.39,5.04,4.06,4.68,8.89,5.02,4.12,9.51,4.99,10.19,5.14,3.88,12.15,4.27,4.22,4.87,5.75,5.01,8.86,4.17,3.66,8.39,5.16,8.73,4.72,4.08,7.78,8.21,5.20,5.37,3.60,5.47,4.15,6.60,10.62,10.50,11.11,4.44,5.77,0.00
3.74,3.96,5.48,7.59,5.28,9.76,10.63,5.44,8.89,4.06,3.77,9.42,11.75,6.53,7.22,3.94,7.84,4.15,7.80,7.12,9.89,3.86,8.66,3.77,4.13,7.39,5.35,4.66,5.22,4.17,7.61,3.90,4.08,12.40,4.83,4.92,4.01,4.96,8.63,11.31,3.95,3.64,6.57,8.35,4.43,6.76,4.27,7.92,6.46,7.54,4.23,4.07,5.14,8.33,9.19,11.11,3.90,11.12,3.91,7.39,1.00
8.31,4.10,6.39,6.78,11.79,10.90,10.62,5.48,4.09,6.79,3.60,11.54,12.05,4.89,4.17,3.51,6.42,9.38,7.59,11.57,9.62,4.20,7.05,9.00,4.56,5.90,8.55,8.06,4.14,4.11,8.66,3.89,4.01,12.32,6.80,5.55,4.47,5.12,8.61,10.23,9.36,3.91,6.11,5.45,4.48,8.43,4.16,7.29,6.37,6.30,5.46,4.92,9.75,4.05,7.43,11.25,9.41,11.88,4.09,8.51,1.00
9.08,6.09,4.42,4.70,12.11,13.10,10.91,6.15,4.34,4.36,9.86,13.37,11.42,6.85,3.99,3.53,5.01,11.51,7.57,13.34,4.30,7.39,6.75,8.95,5.25,5.19,5.13,7.56,3.83,4.67,7.35,4.06,3.60,12.24,5.50,5.26,9.51,3.99,6.18,8.43,5.51,5.25,4.07,6.66,8.33,5.85,3.91,11.68,7.58,6.53,6.70,3.65,13.93,4.28,7.25,11.20,9.56,11.25,4.18,6.88,0.00
7.17,5.30,5.07,4.50,10.99,12.60,10.52,5.74,4.01,4.07,4.24,11.89,11.98,4.73,3.81,3.69,6.13,10.48,7.46,12.64,9.35,4.44,5.18,11.35,5.97,5.73,8.37,8.26,3.85,4.72,8.35,4.01,3.89,12.38,6.56,6.06,9.63,4.15,5.80,9.91,8.47,4.57,4.00,7.05,8.15,6.11,4.18,13.68,8.14,6.47,5.33,7.67,13.41,4.08,5.94,11.33,8.90,11.09,4.08,7.52,1.00
5.94,3.96,9.61,6.33,9.56,7.23,10.49,5.87,3.96,4.47,3.63,9.94,12.35,7.15,4.16,3.48,7.65,5.76,7.62,13.26,11.32,3.99,6.43,3.55,7.49,5.76,7.60,3.89,3.90,4.18,7.53,3.81,5.46,13.00,8.12,4.25,7.81,4.03,9.76,9.41,6.40,3.43,4.19,7.52,4.53,6.04,4.24,14.15,4.90,7.73,4.90,10.16,4.64,4.06,6.41,9.91,8.12,9.98,4.17,6.43,1.00
5.27,4.16,4.80,7.03,11.81,10.63,10.09,7.19,3.86,4.71,5.26,10.58,13.14,8.90,4.09,3.76,6.52,5.62,7.52,9.81,9.62,4.66,5.35,4.35,9.82,7.75,7.04,9.82,4.49,4.25,7.59,4.02,5.58,11.88,6.74,5.01,4.33,5.05,10.03,10.07,6.51,3.86,6.35,8.02,6.86,7.76,4.21,13.06,4.69,5.83,4.98,9.79,9.95,4.13,6.68,9.66,8.34,11.40,4.01,5.60,1.00
3.95,4.19,4.34,6.82,11.75,12.34,10.36,5.22,3.72,3.95,9.36,10.59,10.35,6.32,3.60,3.79,6.72,6.92,7.74,10.78,7.95,6.43,3.69,3.90,4.57,8.74,8.60,3.99,7.23,4.56,7.55,6.53,6.56,11.18,4.29,7.31,4.61,4.20,7.36,6.56,4.54,3.81,4.04,5.55,4.62,6.91,4.00,7.88,7.18,7.00,9.90,8.54,5.47,4.21,7.11,4.72,8.78,10.52,3.87,5.97,0.00
4.02,3.96,5.68,5.97,12.44,9.86,11.00,5.89,3.90,3.97,4.28,11.35,12.57,7.22,3.74,4.96,5.70,10.84,7.53,11.61,8.74,3.81,4.79,7.51,10.69,6.53,9.02,9.29,3.84,4.49,7.92,4.10,4.01,11.36,6.21,7.38,5.54,4.44,8.56,9.97,3.93,7.03,5.90,8.41,5.07,7.57,4.11,12.12,6.24,6.80,4.73,3.91,6.78,3.81,6.60,11.09,7.86,11.37,4.04,5.52,1.00
4.13,3.89,9.23,5.77,7.51,3.83,8.08,6.75,7.22,4.03,4.01,6.71,12.45,5.97,5.90,3.73,6.29,4.06,4.81,10.94,9.46,4.01,5.80,4.01,5.85,6.87,10.05,3.89,4.19,4.70,6.44,4.41,3.81,10.81,4.22,10.81,4.39,4.20,9.21,9.34,4.08,3.68,3.68,7.92,4.88,5.62,4.30,12.87,7.32,9.38,5.81,8.63,6.34,8.99,6.52,4.38,4.24,4.15,4.25,6.31,1.00
4.15,4.20,5.09,5.02,4.69,3.65,4.67,6.16,4.03,4.50,4.01,3.96,7.34,4.60,3.94,3.55,8.93,4.40,8.29,4.32,3.95,4.05,6.60,3.98,4.61,5.64,4.68,7.75,4.04,10.89,5.58,4.18,4.17,3.89,6.52,7.73,7.09,3.80,3.94,4.50,5.20,8.11,4.35,9.79,4.72,6.51,4.50,5.72,4.92,5.76,6.02,9.42,5.50,5.51,8.08,5.72,4.20,9.41,4.16,6.27,1.00
4.65,3.96,4.38,8.74,9.15,9.45,7.74,6.80,3.98,4.26,3.70,6.92,10.41,4.52,3.91,4.15,6.67,4.71,7.39,11.93,7.92,4.53,3.83,8.85,7.57,7.83,5.40,3.57,4.05,8.13,6.56,4.29,4.23,11.38,4.68,9.30,4.84,6.59,7.54,8.20,3.94,3.82,3.60,7.57,4.58,7.02,4.43,7.62,6.97,9.05,6.08,3.89,4.53,4.61,6.61,9.82,5.46,10.74,4.48,6.45,0.00
3.79,4.04,4.30,6.73,10.36,8.03,7.31,6.47,4.81,4.08,9.97,6.66,12.43,4.60,5.98,3.37,6.63,7.39,6.75,12.45,7.15,5.63,5.62,4.93,6.55,6.75,5.07,3.72,3.93,4.70,7.60,4.35,4.10,10.42,4.35,10.75,8.18,3.77,7.29,7.31,3.79,3.77,3.79,8.46,4.96,5.70,4.25,11.75,7.85,6.85,4.83,3.99,4.28,4.09,6.95,9.88,6.58,10.93,4.30,6.64,1.00
4.09,4.09,4.74,5.70,11.21,6.40,4.16,8.00,4.03,4.13,3.68,8.87,8.35,5.23,4.00,6.22,5.76,4.78,8.65,10.14,8.76,9.32,3.71,4.61,4.73,8.02,4.53,3.96,4.18,4.62,8.50,3.96,4.00,11.25,4.54,6.52,6.92,3.80,5.88,7.65,3.85,8.63,5.52,7.30,7.60,5.63,4.45,8.01,7.60,7.46,8.20,9.60,8.78,4.17,6.69,11.13,10.10,11.79,4.44,6.30,0.00
4.05,10.41,4.72,5.82,11.30,11.04,5.83,6.86,4.10,3.73,3.75,10.85,13.45,5.31,4.98,3.20,7.76,6.83,8.18,13.94,4.61,5.37,8.24,4.32,8.57,6.34,9.15,8.41,4.07,4.54,8.16,4.01,3.75,11.85,8.24,4.21,4.42,3.76,6.84,10.59,6.46,7.09,6.18,7.18,4.15,7.72,4.33,9.25,8.83,7.29,5.11,9.21,7.27,4.18,5.28,4.47,10.21,11.60,3.89,6.02,0.00
3.86,4.13,11.54,9.53,7.40,4.14,6.30,5.61,7.25,4.08,4.38,9.35,11.75,4.33,3.93,3.25,7.93,4.34,4.98,4.31,11.48,3.96,3.34,6.36,11.58,5.78,12.07,3.80,3.54,4.58,6.52,3.88,4.12,9.98,7.31,10.52,3.77,3.89,10.76,8.95,3.54,3.54,3.79,7.38,5.65,7.41,4.10,14.02,8.07,4.85,5.42,9.74,4.83,4.20,6.49,4.60,4.78,4.12,4.23,6.00,1.00
3.98,11.61,5.00,4.82,4.53,9.09,9.13,6.15,3.59,4.23,3.38,3.30,7.29,5.88,3.81,3.39,6.89,4.17,8.99,9.72,4.07,3.82,3.63,3.81,4.48,4.97,9.86,7.67,10.96,4.33,6.47,3.95,3.87,10.73,7.96,4.45,10.17,3.68,3.45,10.79,9.77,3.87,4.77,4.97,4.58,6.21,4.46,5.19,4.08,5.60,5.00,3.71,4.67,7.46,5.25,9.69,4.15,9.85,5.94,8.17,0.00
8.25,4.54,7.57,8.75,8.10,11.90,7.52,5.80,3.91,7.41,7.10,9.44,11.58,7.21,3.74,3.27,7.63,5.90,8.39,5.35,7.87,6.41,6.34,4.54,4.63,8.30,9.82,4.04,3.90,4.34,6.25,3.98,4.70,11.52,4.62,8.35,5.36,7.56,9.26,9.33,9.34,8.08,4.28,6.62,4.50,6.30,4.66,10.77,7.04,5.17,5.06,5.66,10.47,5.92,6.79,10.86,7.80,10.39,4.09,8.64,1.00
4.30,9.65,4.84,5.70,11.26,12.63,11.66,6.03,3.74,4.06,6.33,9.42,10.70,6.05,3.91,3.91,6.11,7.91,8.23,12.77,8.80,4.16,5.64,3.88,8.35,5.82,7.70,4.76,3.69,4.78,8.33,12.40,4.51,12.31,4.27,7.79,4.49,7.91,4.12,9.14,10.32,3.62,3.76,6.08,6.10,7.59,4.81,8.20,7.75,6.83,4.89,5.21,11.84,7.67,6.21,10.78,9.32,9.69,4.05,7.01,0.00
10.60,8.77,7.71,4.81,10.83,9.92,9.60,7.68,12.55,5.21,3.68,12.26,5.00,4.39,10.13,3.64,7.29,11.86,8.62,11.06,9.09,4.02,4.60,8.83,12.25,8.80,5.55,3.77,8.91,4.70,7.37,3.88,5.07,12.27,5.00,4.02,4.23,6.81,6.22,8.77,3.73,8.29,3.79,7.58,5.29,7.24,8.72,8.52,7.57,10.26,6.50,8.41,11.13,4.64,4.93,4.27,4.48,8.30,4.09,5.72,0.00
7.17,3.73,4.67,5.67,12.42,9.58,10.09,5.86,3.83,3.93,4.08,9.75,4.82,4.64,3.58,3.60,6.60,7.59,6.70,12.64,7.57,4.93,3.59,4.74,5.94,9.53,4.92,3.65,8.86,4.72,7.24,4.30,4.12,11.31,5.79,7.23,4.63,6.32,7.80,9.80,4.24,3.55,3.86,5.27,7.08,6.38,3.86,8.39,5.67,6.33,6.12,5.44,10.44,5.19,7.03,4.41,9.55,11.81,4.79,7.06,0.00
4.07,4.23,11.18,5.08,9.26,4.60,8.81,6.11,11.96,3.99,4.74,10.15,13.10,6.37,4.48,3.66,5.70,6.01,6.60,11.05,7.15,3.97,5.32,9.12,4.67,13.63,6.64,3.68,11.08,5.20,7.39,4.30,3.76,10.24,4.14,9.32,12.02,9.02,3.76,8.49,4.39,6.26,3.92,7.49,4.52,5.25,7.50,8.54,6.71,5.65,5.38,4.05,5.12,4.49,6.96,4.51,7.35,10.81,4.13,9.77,1.00
6.89,4.17,4.66,6.90,12.17,10.19,8.82,5.38,6.89,3.89,5.27,9.85,9.91,4.48,5.12,5.59,7.56,4.18,8.12,11.19,7.27,9.97,6.77,8.87,5.80,6.01,6.38,4.02,3.97,4.61,7.52,4.60,3.88,12.06,5.08,6.76,5.02,4.66,8.46,4.21,9.44,3.88,3.84,5.86,7.55,7.05,4.23,9.02,7.32,7.88,5.65,8.16,10.85,4.31,5.83,10.48,8.23,10.05,3.97,6.13,0.00
8.45,4.93,5.31,7.26,10.68,12.41,8.86,6.83,4.15,4.55,3.70,11.44,10.92,4.57,3.90,3.59,4.48,9.28,8.41,11.42,10.81,5.16,8.76,5.59,7.77,6.50,8.97,3.83,4.39,8.31,6.36,4.60,6.55,12.39,4.31,9.40,3.73,5.08,5.69,8.86,4.25,3.95,3.62,7.31,7.67,5.22,4.63,9.53,7.49,5.74,5.37,5.33,8.34,4.44,7.16,10.30,9.99,10.65,4.36,7.33,0.00
9.51,3.98,9.92,7.85,11.84,12.17,8.73,7.44,3.79,11.34,3.64,12.28,10.54,6.08,4.29,3.37,6.44,6.70,7.83,5.06,9.58,8.89,7.89,3.85,11.42,8.09,10.72,3.66,3.31,9.54,6.49,4.49,6.56,11.27,4.63,9.96,4.40,3.78,4.36,8.90,10.62,3.94,3.74,5.98,6.01,4.09,8.60,12.45,5.76,6.50,5.81,10.70,11.76,4.30,6.68,10.77,8.00,9.81,10.83,7.74,0.00
3.91,4.61,4.43,6.32,6.99,11.80,10.45,6.07,4.25,3.77,4.66,12.12,12.38,8.42,4.07,3.39,7.06,4.42,8.62,6.00,8.18,10.62,7.49,3.69,4.47,7.41,4.71,3.80,3.78,4.79,7.41,3.99,4.44,13.03,9.91,4.46,4.58,3.78,3.22,11.30,9.69,5.51,3.83,7.23,4.59,6.26,4.63,8.08,5.67,6.33,5.07,8.44,12.20,4.48,6.40,11.72,4.28,10.91,4.32,6.77,1.00
4.05,4.62,8.79,4.81,4.70,4.08,4.27,6.14,3.98,4.51,6.66,3.32,6.09,4.68,3.71,3.53,7.67,4.22,9.32,4.52,4.37,3.85,7.20,3.72,4.04,5.36,9.21,8.72,9.62,5.55,4.75,4.25,4.09,10.00,9.36,4.16,8.54,5.37,3.68,4.11,4.01,6.27,4.08,6.78,4.70,6.07,4.50,7.50,5.51,5.15,5.29,5.40,4.92,12.83,6.69,5.85,3.96,10.71,4.41,6.20,0.00
3.74,3.74,7.75,8.56,9.25,12.29,9.85,5.13,3.62,7.18,3.70,11.03,11.40,4.88,3.78,3.37,7.58,5.13,6.91,13.46,10.30,6.95,4.11,3.72,10.74,10.25,5.09,8.00,4.22,4.50,7.90,4.03,3.88,10.92,6.84,5.61,4.26,4.74,6.63,10.07,4.69,3.64,4.86,6.94,4.10,6.83,4.11,7.69,6.78,4.97,5.36,3.94,7.61,4.03,7.27,10.72,8.84,10.09,6.32,8.93,1.00
3.90,4.04,9.19,4.69,4.25,3.83,4.22,6.73,4.31,7.56,13.46,3.68,7.04,4.47,3.92,3.52,6.96,4.12,6.41,4.17,6.78,3.82,7.17,4.21,4.07,5.84,4.72,8.63,3.76,8.95,4.32,3.98,3.81,6.41,8.54,7.60,5.71,5.77,3.21,5.29,4.23,3.76,3.71,9.16,4.62,4.15,4.39,10.95,5.01,6.46,7.61,10.49,4.92,9.63,8.52,4.52,4.90,9.78,4.12,8.05,1.00
3.90,4.05,10.91,6.21,4.32,4.17,4.01,5.29,4.17,4.03,3.50,9.37,9.54,4.47,3.65,3.39,7.29,5.95,8.43,8.34,4.35,4.10,7.05,7.14,4.31,5.98,7.07,11.41,3.81,7.80,7.74,4.14,3.70,10.25,7.04,7.58,6.10,3.89,3.49,9.96,4.33,3.79,3.84,6.75,6.15,4.97,3.98,9.23,6.18,6.32,5.10,7.47,5.28,12.58,8.11,9.20,4.14,4.25,3.94,7.80,1.00
3.83,3.93,6.88,10.04,5.11,3.86,8.77,6.17,4.02,3.74,9.22,3.32,8.26,4.86,3.81,3.59,8.59,4.13,7.60,4.44,4.95,3.93,7.14,9.82,4.32,8.34,11.26,8.95,3.64,4.64,8.13,3.84,3.61,9.07,6.60,5.99,5.27,4.80,9.21,8.19,4.07,3.67,3.71,7.13,5.70,7.32,8.87,11.28,4.90,8.69,11.12,8.61,4.43,7.60,8.35,10.34,4.20,4.78,4.13,8.76,1.00
4.35,9.46,4.63,5.51,5.20,7.60,8.77,6.80,4.01,5.79,3.81,3.35,7.14,7.96,3.79,3.21,6.12,4.12,9.35,8.49,11.51,3.74,3.65,3.81,4.41,9.16,10.84,4.50,11.90,4.65,6.61,4.31,3.86,11.37,7.66,4.92,8.89,9.22,3.35,10.73,10.33,3.39,7.90,4.96,4.61,6.60,5.47,6.24,4.87,5.34,5.36,3.65,4.30,4.67,6.28,9.57,4.24,10.61,4.20,7.42,0.00
4.13,3.89,12.31,4.87,6.52,4.58,4.31,5.89,4.32,3.82,4.93,3.45,7.73,4.43,3.97,3.51,6.28,4.10,8.42,4.33,4.24,3.78,7.17,8.37,4.82,4.98,9.03,10.05,3.56,9.96,7.41,4.04,3.88,5.88,6.75,4.87,4.25,8.65,9.58,8.08,4.19,3.83,3.68,5.42,8.69,4.60,9.17,11.22,4.98,8.49,8.58,9.35,4.93,6.95,4.65,9.46,4.06,4.18,9.27,7.91,0.00
10.24,4.31,9.73,8.06,10.85,11.69,9.69,7.05,4.67,6.15,5.87,13.86,10.39,4.82,4.03,4.08,6.31,7.66,9.65,8.76,6.85,9.72,3.99,3.52,9.30,6.79,12.08,3.87,3.92,9.40,3.71,5.27,7.66,11.66,4.40,10.40,5.11,5.32,6.33,10.40,9.49,3.56,3.92,6.45,4.46,4.34,4.24,9.04,4.58,5.93,5.85,5.34,13.64,5.84,5.94,12.02,8.10,10.39,6.95,7.13,0.00
3.88,3.94,4.70,7.42,9.56,8.30,4.40,5.35,6.41,3.93,11.38,3.92,10.54,4.39,5.85,5.52,6.21,7.60,6.77,10.65,10.07,4.04,3.51,4.01,9.70,8.27,5.12,3.68,3.75,5.23,10.61,3.80,4.58,11.82,4.14,9.87,4.16,5.45,7.62,7.28,3.80,4.05,3.75,8.12,4.58,6.30,4.12,8.55,7.13,8.53,5.74,9.11,6.68,3.95,7.99,8.76,5.29,11.53,4.13,6.69,1.00
9.37,3.93,5.00,6.19,11.75,10.96,11.32,7.60,3.45,4.06,3.64,8.46,11.32,5.24,3.88,3.73,7.03,4.26,7.39,5.02,4.17,5.44,6.79,3.79,10.13,5.55,5.36,3.76,3.47,5.05,9.84,4.19,4.09,12.23,4.16,9.62,4.44,6.36,3.96,9.16,4.13,3.62,7.25,5.84,7.58,5.54,3.93,6.99,4.89,5.85,4.93,9.22,4.85,4.25,7.65,11.46,10.14,12.33,5.27,7.05,0.00
4.00,4.10,12.57,6.59,4.16,4.00,4.53,7.28,4.02,6.15,3.69,3.51,10.79,7.82,4.21,3.74,7.92,3.95,5.73,4.97,10.23,3.77,4.98,4.09,4.00,6.77,5.47,7.96,3.80,5.16,6.49,3.96,4.09,3.79,4.63,5.04,4.52,3.64,7.54,6.76,4.07,4.02,6.39,6.66,4.76,7.01,4.19,9.09,6.77,8.30,5.62,10.02,4.76,9.57,6.71,4.40,6.30,11.78,4.56,5.93,1.00
4.12,4.17,10.64,5.84,4.66,4.07,4.34,5.53,3.47,4.27,4.26,3.57,6.90,7.42,3.78,3.31,8.24,4.12,7.34,4.46,4.08,3.99,3.61,3.61,5.06,5.95,5.21,6.58,9.47,10.25,4.10,4.12,3.78,3.93,7.99,7.64,8.75,3.91,3.98,5.28,4.04,4.06,5.02,8.45,4.33,6.21,4.18,13.20,5.34,8.62,5.62,10.32,5.36,9.77,5.10,10.63,4.01,4.57,4.45,7.89,1.00
5.75,3.78,4.44,7.22,13.57,13.94,10.47,5.96,3.81,5.23,3.60,13.06,10.56,7.64,3.81,3.90,6.20,12.54,7.72,11.62,8.31,6.30,7.44,7.12,4.35,5.50,12.25,6.83,4.13,4.60,8.49,4.39,3.85,12.22,5.03,4.36,4.56,3.81,3.40,9.82,8.43,3.94,8.27,5.11,7.59,6.05,4.55,7.29,8.12,5.73,5.23,5.90,11.28,8.02,7.04,11.20,10.38,12.39,4.29,8.26,0.00
0.00,0.00,0.00,0.00,0.00,0.00,0.00,0.00,0.00,0.00,0.00,0.00,0.00,0.00,0.00,0.00,0.00,0.00,0.00,0.00,0.00,0.00,0.00,0.00,0.00,0.00,0.00,0.00,0.00,0.00,0.00,0.00,0.00,0.00,0.00,0.00,0.00,0.00,0.00,0.00,0.00,0.00,0.00,0.00,0.00,0.00,0.00,0.00,0.00,0.00,0.00,0.00,0.00,0.00,0.00,0.00,0.00,0.00,0.00,0.00,0.00
3.80,6.57,5.14,6.01,8.96,7.39,4.16,7.13,10.20,4.46,4.59,10.06,11.81,5.74,9.55,3.38,6.96,4.21,4.50,10.52,10.39,3.80,5.03,5.25,7.06,10.45,8.10,4.76,6.13,5.03,7.57,3.83,3.90,11.67,8.47,8.46,5.19,3.85,4.27,10.38,3.87,3.68,6.77,5.54,4.35,6.83,4.17,6.46,6.03,4.99,5.24,3.82,5.05,4.44,7.03,9.94,4.63,8.90,4.83,6.05,1.00
4.69,5.95,8.96,7.23,10.93,11.12,11.51,7.75,3.93,4.66,7.83,10.01,10.82,6.03,3.92,3.50,4.90,10.48,7.47,10.82,7.48,4.66,6.10,7.98,9.96,12.08,5.30,8.72,9.07,4.56,7.79,4.23,4.34,11.71,8.45,5.83,9.87,5.93,10.91,9.29,9.45,6.42,3.79,5.88,4.24,5.60,9.17,10.97,5.04,7.26,5.81,9.18,12.43,5.14,8.11,4.51,8.95,11.07,8.01,7.86,1.00
11.50,3.86,8.46,5.69,11.26,11.64,10.65,8.23,3.87,3.93,3.62,12.52,9.59,4.81,3.86,3.27,4.19,5.57,4.53,4.00,7.31,8.33,3.80,3.86,4.54,8.95,13.35,3.92,7.54,5.51,5.60,3.72,4.00,11.86,4.29,9.10,5.04,3.81,9.27,9.21,11.74,3.32,3.76,7.43,4.52,4.34,9.46,14.35,5.56,7.40,4.91,10.57,12.43,9.75,5.84,10.25,5.92,10.23,4.04,6.87,0.00
3.99,4.10,4.53,8.44,7.03,7.28,11.84,6.49,4.16,4.11,12.66,8.25,8.80,10.72,4.00,3.46,7.01,7.29,8.02,11.98,8.54,4.18,4.75,3.72,12.04,8.96,11.39,4.22,5.27,4.85,6.44,4.26,4.05,12.32,7.63,10.37,7.83,3.80,6.32,9.75,3.82,3.62,6.31,6.65,4.45,5.46,9.01,7.79,6.72,8.08,5.97,3.98,5.12,8.78,4.62,10.37,4.92,9.09,3.98,5.62,0.00
3.95,4.76,4.74,8.28,10.34,9.05,9.69,6.33,4.15,4.32,11.40,7.99,12.24,6.66,4.48,3.49,6.65,10.78,5.00,12.57,9.51,7.28,3.48,4.02,6.98,8.52,5.33,3.94,7.83,5.03,6.08,4.31,4.28,11.36,4.27,10.03,6.42,3.79,9.33,10.05,3.87,8.33,7.65,7.27,4.74,6.10,4.39,7.76,6.86,7.51,6.20,8.70,5.46,4.25,5.20,10.67,7.30,9.31,7.19,6.27,1.00
3.88,3.88,4.83,9.04,11.83,10.76,10.90,5.64,4.06,3.85,11.11,6.82,13.45,5.24,3.90,3.27,6.64,10.97,6.97,12.98,8.66,4.41,3.91,3.69,4.75,8.63,7.10,4.32,3.72,4.70,8.93,4.13,3.75,12.07,4.66,8.49,5.86,4.20,7.52,10.53,3.91,3.93,4.76,5.92,4.42,7.20,3.94,8.71,6.68,4.78,6.21,7.39,8.56,4.25,8.11,10.12,7.40,11.98,4.43,6.25,1.00
4.06,10.26,7.09,8.00,9.90,3.87,7.44,6.76,7.05,4.05,10.76,3.42,12.76,6.54,5.69,3.69,5.35,9.12,5.80,12.19,7.11,4.22,4.44,4.13,8.08,5.34,8.30,3.77,3.84,4.75,9.19,4.31,4.05,4.11,4.68,8.04,8.72,3.74,8.67,8.93,3.66,3.93,3.80,6.01,4.94,5.44,4.29,10.59,4.77,7.03,4.90,8.46,4.96,4.95,4.30,9.68,3.95,4.23,4.10,8.70,1.00
4.10,4.00,8.03,5.25,4.74,4.05,4.41,6.01,3.95,7.43,4.02,3.83,10.17,4.37,3.87,3.84,9.03,4.17,5.05,4.47,4.91,3.78,3.78,3.99,3.75,5.65,5.02,10.86,8.14,4.32,6.93,4.13,4.11,8.65,6.11,7.18,4.60,4.13,8.94,4.94,4.16,3.74,3.64,5.67,4.80,5.24,4.71,5.47,5.16,6.97,5.29,7.99,6.05,10.18,6.70,4.88,4.45,11.45,4.20,5.33,1.00
4.70,4.04,8.39,8.15,11.95,9.11,7.54,5.70,4.21,9.32,4.39,11.88,13.39,4.81,6.29,3.42,7.22,6.89,8.64,9.89,6.86,3.76,6.79,4.33,3.90,5.76,8.38,4.53,8.03,4.42,8.21,4.72,3.59,11.86,4.47,7.87,4.23,7.87,7.95,10.25,8.39,3.84,4.12,7.47,4.65,6.71,4.46,11.64,6.89,5.33,4.73,7.65,6.17,4.20,5.69,11.48,8.45,11.57,3.89,8.22,1.00
3.95,3.91,9.41,6.00,11.96,8.70,5.04,6.39,3.94,3.81,4.57,7.61,8.35,4.51,3.90,3.39,5.47,4.20,9.51,12.82,9.93,7.29,6.35,3.77,5.43,5.86,4.90,3.70,4.10,5.27,6.37,8.27,6.12,11.82,5.01,11.11,4.85,3.99,3.66,9.11,3.97,3.86,3.70,7.41,4.55,5.95,4.34,12.54,6.81,9.27,6.06,9.74,10.22,5.43,6.54,4.29,7.79,3.81,3.93,5.99,0.00
3.88,4.09,10.53,8.50,8.50,3.84,9.04,5.93,4.69,4.08,7.30,6.27,12.51,5.31,3.96,3.50,7.00,4.12,5.23,4.43,6.43,3.58,6.22,4.17,5.79,8.08,4.91,3.83,3.51,4.66,7.48,3.91,3.97,11.04,4.01,9.88,5.32,3.72,7.78,9.68,3.71,3.61,3.78,7.27,4.55,6.30,4.56,11.27,7.00,5.94,5.37,4.72,4.99,9.41,6.23,4.35,3.97,4.16,4.08,7.08,1.00
4.12,4.26,7.10,6.81,10.81,3.57,8.73,5.05,8.63,4.32,3.99,3.70,11.66,4.90,4.60,4.17,7.09,4.13,4.95,4.27,10.56,4.00,8.66,3.98,7.76,6.12,4.98,4.01,3.91,4.63,6.97,4.97,4.32,8.89,4.24,8.39,6.10,10.16,10.02,7.89,3.92,3.77,3.74,5.68,4.70,6.96,3.98,10.58,7.06,5.10,4.68,3.62,6.09,7.54,7.35,4.62,4.46,4.32,4.00,6.56,1.00
3.96,4.40,4.83,6.43,8.58,11.18,8.36,5.70,3.74,5.02,4.14,11.41,12.70,5.23,3.74,3.34,6.65,7.54,8.06,9.76,10.33,3.85,4.51,8.57,5.08,8.15,7.45,4.66,4.29,4.99,9.88,4.14,4.08,11.83,5.15,7.33,7.86,4.55,6.30,9.19,3.99,3.91,5.59,6.31,4.70,6.17,4.44,6.33,5.78,6.55,5.74,8.65,4.86,4.40,6.49,10.79,8.90,9.17,4.50,5.95,1.00
3.91,10.37,4.24,6.20,11.47,3.96,4.48,8.51,3.96,4.08,9.98,4.00,11.53,4.32,3.78,3.58,5.27,8.28,8.19,11.16,9.43,3.96,6.50,3.85,4.53,7.06,10.37,3.73,3.93,4.51,7.77,3.93,5.51,3.88,5.81,9.74,4.91,3.94,4.02,9.48,4.05,7.00,3.63,6.47,4.47,4.46,4.18,6.16,5.01,7.80,6.09,3.98,4.51,9.36,5.96,4.13,3.98,4.14,4.27,6.64,0.00
5.53,7.25,7.44,6.83,10.74,11.64,11.19,7.07,3.73,4.53,3.95,7.79,10.00,4.72,3.76,3.40,4.96,10.66,9.70,10.29,4.68,4.81,6.36,5.68,7.97,5.68,6.62,7.18,5.23,4.69,7.73,4.06,3.74,11.24,8.65,6.92,6.21,3.89,3.50,10.38,3.91,3.67,4.03,6.29,4.40,6.48,9.11,9.82,5.49,5.25,5.45,8.75,8.48,5.23,4.33,10.77,8.60,12.27,8.40,5.63,0.00
3.71,9.16,6.79,5.58,9.57,11.89,8.58,7.50,3.71,3.70,5.80,7.18,11.72,4.36,3.82,3.70,6.44,5.31,7.49,10.67,5.46,3.75,6.25,10.96,10.42,8.29,10.59,5.29,4.20,4.76,8.81,4.17,3.20,12.12,5.74,7.29,5.08,4.07,10.43,9.64,5.95,8.63,4.58,6.63,8.33,8.09,4.26,10.31,7.40,8.47,6.60,7.92,4.65,5.96,6.84,10.06,8.54,11.16,4.23,6.42,0.00
3.92,3.96,8.77,5.15,9.12,4.20,4.61,5.55,3.68,4.67,3.90,5.83,12.64,3.98,3.89,3.24,7.31,3.91,8.75,4.12,11.68,3.71,8.04,3.95,4.59,6.02,11.40,4.01,4.17,4.67,7.82,4.39,4.96,3.97,7.39,9.60,4.25,3.80,3.87,8.96,3.78,3.84,4.33,8.87,4.56,7.52,4.39,6.15,6.79,8.73,5.23,10.17,5.28,7.15,4.31,4.56,3.89,10.12,4.06,6.74,1.00
3.94,4.16,5.55,5.93,8.08,10.85,7.61,5.67,3.80,4.22,4.01,6.02,12.20,10.69,4.04,5.69,6.79,4.22,7.25,5.67,8.05,3.78,6.18,3.74,7.57,8.58,8.77,6.45,10.12,4.62,6.61,4.19,10.08,10.87,10.47,8.17,6.26,3.73,5.65,7.66,8.60,3.74,3.75,8.68,8.44,7.37,4.27,5.33,5.33,5.67,5.70,9.35,4.90,4.35,4.44,10.05,8.86,11.06,4.28,6.09,0.00
4.46,4.77,4.74,6.96,4.53,7.61,4.73,5.80,3.92,4.25,4.12,8.96,13.32,4.71,3.65,3.58,6.96,4.43,5.68,4.56,6.85,8.45,8.00,3.57,4.40,9.34,8.99,3.88,3.81,4.70,7.74,4.16,3.58,11.42,10.25,6.98,10.94,3.90,3.41,9.70,9.10,4.30,3.93,7.09,4.67,4.89,4.19,13.58,4.77,5.47,5.49,10.40,5.72,4.40,5.87,11.15,4.46,4.30,4.65,8.55,1.00
4.01,8.87,4.94,6.06,8.47,10.13,9.05,5.56,3.94,4.08,3.66,9.22,11.95,9.40,4.44,6.61,7.02,6.94,8.43,10.26,10.71,4.00,6.62,3.59,8.27,5.62,5.21,7.19,3.84,3.99,8.27,3.91,4.62,11.97,8.91,5.42,4.71,4.45,9.19,9.60,6.34,3.75,4.38,7.87,7.02,7.12,8.30,6.66,4.93,6.70,5.70,3.45,4.89,4.67,6.84,10.88,7.62,10.09,4.42,6.03,0.00
6.81,4.06,5.14,8.18,8.05,11.79,9.77,5.76,4.07,4.23,4.50,10.82,10.74,7.58,3.97,3.31,5.81,4.20,8.76,4.14,10.03,4.91,4.04,3.51,4.65,6.61,8.84,3.88,3.78,5.75,4.91,4.53,7.14,11.80,4.58,9.96,5.08,4.03,8.56,9.70,4.09,3.91,3.81,6.85,4.73,5.85,6.27,6.08,5.83,5.46,5.23,4.23,7.41,4.82,6.19,11.12,8.12,9.89,4.07,6.55,0.00
9.48,9.06,5.23,5.20,8.84,12.02,7.52,7.26,3.88,3.93,3.84,14.21,10.32,5.34,3.73,3.52,6.79,7.35,8.80,13.07,10.80,3.65,5.39,10.61,5.56,5.60,9.56,8.08,4.11,4.63,6.59,3.73,3.92,11.78,7.02,4.61,6.06,4.07,9.22,9.82,4.81,3.64,3.76,5.52,5.14,5.52,4.10,12.84,8.66,8.98,7.20,9.17,4.98,4.29,4.16,11.61,8.50,10.30,4.25,6.33,0.00
3.99,10.16,8.76,6.39,4.93,11.44,9.07,6.03,3.78,4.23,4.77,12.58,9.06,5.48,3.88,3.24,7.02,4.23,8.77,6.62,12.02,3.87,4.88,5.09,4.01,5.70,12.02,7.15,4.37,4.07,7.59,3.60,4.02,11.46,6.29,3.83,11.45,3.84,6.01,9.86,10.73,7.38,3.96,4.79,4.35,5.15,3.93,8.45,5.10,5.33,6.01,11.04,6.66,4.37,7.02,9.02,4.37,9.91,4.00,9.67,1.00
3.91,4.00,9.58,5.10,8.48,7.63,6.75,7.13,3.68,3.90,4.29,4.80,13.00,4.73,3.94,3.51,8.03,4.10,8.77,10.49,6.14,4.19,6.28,3.91,11.67,10.19,5.82,3.97,3.91,4.70,6.85,3.99,3.79,10.77,4.22,7.30,8.27,3.97,3.57,10.34,8.32,3.69,4.89,6.16,4.66,5.04,4.16,14.05,5.19,4.80,4.99,5.03,5.78,4.19,4.33,10.63,4.34,5.43,3.98,6.40,1.00
3.88,3.98,10.49,4.95,4.54,4.76,4.43,7.54,4.10,3.87,5.91,3.52,7.66,4.57,3.76,3.30,8.69,3.97,7.85,4.40,6.20,3.58,7.90,3.73,4.37,6.31,4.49,9.25,4.13,9.56,3.81,4.07,3.90,3.81,9.78,4.43,9.15,3.79,4.09,9.95,4.08,3.73,3.92,8.32,4.64,6.67,4.32,12.22,5.95,6.93,5.19,8.89,5.12,11.79,7.38,4.60,4.13,9.57,4.26,6.97,1.00
4.14,4.17,8.48,8.50,4.76,3.52,4.39,6.12,3.74,4.25,4.21,3.55,8.35,4.21,4.07,3.32,8.15,4.05,8.19,4.55,5.14,3.63,5.86,8.37,4.63,6.06,5.17,6.35,8.31,8.67,5.76,4.14,3.80,4.48,12.36,4.68,4.55,4.03,10.64,9.22,4.06,3.62,4.04,7.29,4.46,8.88,4.50,12.76,5.24,6.53,7.03,9.64,4.97,10.80,6.04,4.38,4.39,7.35,4.51,7.76,1.00
3.88,8.86,11.33,6.40,8.78,3.52,9.61,6.05,8.96,4.05,3.97,5.46,12.42,6.94,4.40,3.39,6.54,4.16,7.22,12.63,10.15,3.79,5.16,3.83,5.49,11.68,10.01,3.64,4.14,4.60,5.94,3.91,3.85,10.62,5.07,9.93,4.38,3.69,8.74,8.87,3.98,3.66,3.74,7.39,7.61,5.32,4.40,14.16,7.89,6.46,5.43,6.73,5.30,4.34,6.49,10.39,3.94,7.04,4.26,7.63,1.00
4.16,9.27,5.64,5.13,10.16,12.72,10.93,6.74,3.54,6.83,3.58,10.68,11.91,6.75,3.78,3.66,6.30,12.11,8.57,8.97,7.92,3.95,8.18,8.31,4.25,5.56,7.11,9.15,4.09,4.24,7.88,4.30,3.94,12.47,5.64,5.60,4.39,4.65,4.49,9.10,8.42,3.77,4.42,6.37,5.02,6.22,4.07,7.08,8.93,8.18,6.62,3.45,13.31,6.41,4.61,5.15,8.23,9.38,3.89,6.81,0.00
3.85,3.91,9.49,5.78,4.42,4.97,5.17,6.72,3.75,3.91,13.14,3.64,8.72,4.96,3.87,3.74,7.94,4.03,6.47,4.28,9.43,3.98,8.03,8.86,4.17,12.19,5.56,10.37,4.25,5.68,4.29,4.32,4.04,4.21,7.63,4.45,9.37,3.89,9.56,5.37,3.93,6.13,3.79,9.44,5.66,7.79,4.45,12.89,4.83,7.38,5.40,9.59,5.33,12.43,9.42,9.16,6.22,4.32,4.73,9.19,1.00
3.83,3.94,8.10,8.51,9.76,10.64,9.50,5.46,3.91,9.36,4.00,8.98,10.23,11.28,3.58,3.49,6.71,5.94,8.94,6.89,4.17,4.55,6.66,3.75,3.97,5.82,11.30,3.68,3.64,4.95,7.21,3.83,5.06,11.91,7.77,8.90,9.11,3.92,11.85,10.19,8.85,3.54,8.72,6.11,6.40,7.19,4.40,5.41,5.48,5.44,5.24,3.91,6.52,4.91,7.68,10.43,4.87,9.41,4.23,8.06,1.00
3.82,8.28,4.57,5.92,6.53,4.39,4.19,6.23,3.59,8.24,3.92,3.61,6.58,9.86,3.73,4.79,7.55,4.77,9.67,4.21,4.59,4.07,6.61,3.68,4.36,5.59,9.99,4.13,4.17,4.48,6.70,4.12,3.88,11.41,4.99,6.15,4.85,3.99,3.89,9.94,9.99,4.20,4.05,4.00,4.57,7.30,8.38,5.75,5.55,4.97,4.71,3.43,4.40,9.31,5.66,4.55,5.43,12.12,6.35,6.97,0.00
3.91,4.37,4.72,5.98,9.33,8.98,4.54,5.39,3.94,4.30,5.42,9.39,12.57,4.58,4.64,3.41,7.34,9.35,7.97,4.68,9.51,4.13,6.15,8.95,12.85,9.63,4.35,4.90,10.08,4.21,9.34,3.91,3.99,11.85,8.91,6.61,5.98,4.45,8.87,8.57,9.23,7.64,6.96,6.28,4.53,6.47,4.11,7.39,6.80,5.66,5.62,6.33,6.13,4.73,7.24,11.17,4.53,9.93,4.16,5.16,1.00
4.02,11.39,5.21,8.11,4.87,6.62,4.06,5.52,4.01,4.35,9.11,4.08,11.85,5.70,3.80,3.91,6.30,6.20,8.16,3.98,9.36,3.72,5.68,3.62,4.04,8.81,11.44,3.90,4.03,4.49,7.33,4.22,3.86,10.13,7.68,7.29,5.62,3.92,4.87,9.90,10.45,3.74,4.11,5.73,4.51,6.85,4.20,11.29,4.74,4.90,5.47,5.61,5.34,4.26,4.19,10.56,4.27,10.74,4.17,7.52,1.00
3.82,7.96,4.71,6.96,9.62,11.05,11.07,7.65,3.76,4.07,5.36,7.63,11.43,5.76,3.63,4.07,6.12,10.76,7.95,9.77,11.79,4.04,5.79,3.80,4.40,7.37,8.29,5.04,4.70,4.65,9.43,4.29,4.58,13.09,6.89,9.15,4.46,3.90,4.35,8.99,7.35,3.58,4.22,6.15,4.71,4.80,4.35,12.06,8.62,9.30,5.28,3.73,5.82,4.30,5.60,9.06,8.62,11.68,4.09,5.43,0.00
5.52,7.43,4.43,4.66,4.64,6.66,4.18,9.14,4.00,4.39,3.39,5.52,10.82,11.14,3.83,3.44,7.49,4.27,8.58,13.71,8.95,3.79,5.29,3.92,4.07,7.04,8.16,3.84,11.68,4.34,6.73,3.75,3.86,11.96,6.01,8.28,7.02,3.94,3.73,9.06,10.11,3.70,8.28,5.95,4.50,5.35,4.57,5.98,5.05,4.94,5.03,4.45,5.81,4.05,4.73,10.98,3.87,10.55,4.31,8.00,0.00
6.97,4.11,4.50,6.02,11.69,4.74,7.88,7.17,7.02,4.16,11.89,5.97,12.09,5.20,4.75,3.62,4.25,10.59,8.15,10.24,8.09,5.08,5.24,3.98,12.90,7.45,6.30,3.82,3.72,6.38,6.93,4.45,4.48,11.46,4.15,10.72,7.07,3.60,6.35,8.46,4.09,4.14,3.80,6.72,4.72,5.96,4.10,9.05,6.99,6.30,5.22,4.90,4.65,4.60,7.09,10.63,5.29,10.24,8.15,5.16,0.00
3.79,9.67,4.68,8.92,10.98,12.13,9.14,6.43,3.85,4.06,11.04,9.08,12.43,4.47,3.94,3.48,7.14,11.13,8.71,8.71,8.67,4.71,4.63,8.75,4.81,6.65,10.82,9.21,3.57,4.31,8.40,4.09,3.90,11.81,5.04,10.65,4.27,3.99,3.36,10.25,9.78,7.11,3.77,8.44,5.42,6.21,4.09,8.85,7.90,8.84,7.41,10.20,4.97,4.07,3.99,10.44,9.95,11.26,3.97,6.94,1.00
3.80,4.03,4.22,5.70,9.60,6.06,7.47,6.87,5.18,4.06,13.41,6.89,11.94,5.41,3.76,3.61,5.48,10.75,7.21,9.95,9.16,3.82,7.68,3.76,11.14,6.26,8.40,3.67,3.27,4.65,8.54,4.06,3.90,11.38,8.63,10.18,6.21,4.02,8.07,7.97,4.19,3.60,4.21,7.68,4.25,5.12,4.00,9.81,6.61,7.52,6.59,4.54,6.79,4.08,7.22,10.15,4.63,8.91,3.95,4.83,1.00
3.95,4.01,5.61,8.75,11.50,11.42,5.83,6.07,3.81,4.41,4.17,10.75,9.82,5.72,4.26,3.62,6.94,9.68,9.83,10.70,6.77,9.66,6.27,3.58,7.05,8.81,4.89,3.86,9.94,7.62,7.50,4.38,3.98,11.19,4.53,8.68,4.62,4.25,8.76,10.44,8.05,4.06,4.72,4.32,4.42,5.34,4.69,9.63,7.85,5.07,7.58,3.84,11.40,4.49,7.12,10.72,4.60,11.78,4.90,7.57,0.00
3.86,10.56,4.35,7.22,5.37,5.37,4.34,5.79,3.77,4.24,3.87,3.58,6.78,9.39,3.88,3.42,5.94,4.21,9.63,4.22,5.63,3.87,4.71,3.62,4.31,6.62,9.57,5.86,4.12,4.59,6.52,4.11,4.15,12.41,4.98,5.28,4.44,3.92,3.33,11.50,10.83,4.40,7.60,4.36,4.62,6.75,4.29,8.05,4.68,6.21,4.76,3.49,4.63,7.64,4.22,10.26,4.07,10.98,3.99,7.18,0.00
3.72,8.87,4.87,5.40,6.27,5.30,5.83,7.45,3.98,4.36,3.88,11.04,12.93,4.27,3.66,3.47,8.77,4.23,8.73,6.61,9.49,3.92,5.58,3.56,5.05,9.65,6.86,4.13,4.13,4.65,10.24,4.11,3.87,11.96,4.33,5.57,4.42,3.89,4.07,10.08,7.42,9.09,6.11,6.39,4.62,6.09,4.23,5.53,4.77,5.50,5.63,3.87,5.07,4.21,5.23,10.89,4.52,10.33,4.28,5.56,1.00
4.04,3.89,8.43,6.80,11.31,9.93,4.17,6.79,10.02,3.74,3.79,9.31,12.91,4.67,6.27,4.25,7.54,11.51,4.82,11.42,5.05,5.28,5.13,9.79,7.26,12.45,7.13,9.33,4.35,4.61,8.48,3.91,10.90,11.00,5.03,7.32,4.15,5.40,9.91,9.08,9.47,3.69,7.77,6.90,5.34,7.11,3.98,10.91,7.23,6.62,6.26,3.63,4.65,4.37,8.08,11.10,5.55,11.13,8.25,5.43,1.00
3.94,3.90,4.51,8.33,12.36,7.12,4.48,5.98,3.75,3.87,5.12,9.24,13.51,5.06,3.71,6.17,6.17,9.41,8.59,10.33,9.12,8.43,7.69,4.23,6.17,4.84,7.39,3.81,3.97,4.83,8.69,4.25,3.67,11.72,4.35,8.46,4.75,4.00,8.58,9.63,3.98,3.67,4.18,6.47,8.36,7.60,5.89,10.30,7.43,5.48,9.04,4.00,4.41,5.45,6.52,10.65,7.06,12.22,4.15,7.61,0.00
4.01,4.04,4.29,5.07,10.88,8.71,4.84,5.93,8.75,4.26,4.31,10.45,12.22,5.37,9.65,5.10,7.50,4.39,5.51,12.51,11.29,3.98,3.76,5.39,7.60,11.39,5.05,3.83,6.54,4.46,9.45,3.98,4.34,12.28,10.08,6.85,4.64,3.75,5.24,8.79,3.98,3.75,3.83,6.98,4.89,9.66,4.70,7.00,7.38,5.72,8.08,7.27,5.63,4.19,8.33,10.38,10.19,10.82,4.16,6.73,1.00
3.92,10.12,9.07,9.00,9.29,9.33,7.06,5.68,4.94,4.98,10.79,6.28,13.05,4.77,4.01,3.44,7.87,5.93,8.63,6.22,9.89,3.93,8.19,6.21,9.01,12.79,4.97,3.70,3.57,4.28,7.55,4.03,3.86,10.26,6.33,7.54,4.50,4.58,10.37,8.37,8.40,3.60,3.73,5.51,4.64,7.04,4.55,9.66,7.52,8.34,9.86,8.74,7.45,4.31,5.63,10.66,3.95,9.41,5.05,8.43,1.00
3.90,7.78,5.29,8.66,10.15,8.25,5.65,6.15,9.26,3.91,4.15,13.02,13.38,4.64,6.40,3.47,8.07,10.73,4.85,11.15,9.23,7.05,6.86,3.86,8.32,10.49,8.42,3.67,4.20,7.41,9.27,4.03,3.84,12.12,8.51,8.93,4.19,7.76,8.46,10.66,3.95,3.44,5.82,6.46,7.23,4.73,4.18,9.62,7.22,4.74,6.12,3.43,8.30,3.96,6.18,4.78,4.93,9.90,4.07,8.16,1.00
3.93,4.29,5.06,8.30,12.88,12.42,10.65,8.15,4.06,3.79,5.40,7.60,5.26,5.23,3.49,3.92,6.15,11.40,7.57,10.60,6.43,4.41,5.11,5.14,5.90,8.38,6.18,4.11,6.22,9.99,8.09,9.13,5.84,10.70,4.41,8.86,4.65,3.61,7.19,9.62,7.93,4.21,3.99,6.08,4.08,7.57,4.19,7.72,8.27,7.29,8.61,4.14,11.30,4.42,7.81,10.31,9.74,11.83,4.83,6.15,0.00
3.79,4.00,4.46,5.66,11.79,6.08,7.17,5.79,8.98,3.89,11.69,7.23,13.15,4.33,5.23,3.65,6.94,7.11,5.41,8.35,7.95,3.95,6.91,3.81,10.46,8.93,8.45,3.65,4.06,4.16,7.54,4.41,3.94,10.18,5.56,9.16,4.64,3.68,11.35,8.85,4.04,3.75,4.03,7.82,4.35,5.61,3.95,8.65,8.22,7.18,7.53,3.80,4.36,4.36,6.26,11.07,4.02,5.21,4.22,5.38,1.00
4.15,3.97,4.98,6.43,8.26,6.26,7.19,7.76,3.96,4.11,3.82,9.73,13.60,4.72,3.80,3.71,7.05,9.40,8.68,4.28,10.98,3.83,5.08,3.70,6.62,10.66,10.71,3.49,3.44,4.83,6.82,3.85,4.02,10.13,4.39,10.34,4.59,4.05,9.70,9.23,5.08,3.44,4.04,8.69,4.76,6.42,8.46,9.87,7.84,6.19,4.91,3.97,6.84,4.67,5.63,11.04,4.27,9.75,10.86,6.43,1.00
3.96,4.65,4.68,6.20,11.26,12.19,4.86,7.25,3.58,6.92,4.14,10.35,13.26,4.61,3.77,3.71,7.59,11.46,10.68,12.02,10.65,6.83,6.75,4.39,7.40,5.86,5.00,3.92,3.84,4.29,7.36,4.74,3.77,12.53,8.55,3.75,4.65,9.03,8.46,8.97,8.49,3.95,3.71,4.56,4.57,4.99,6.59,11.70,8.86,5.52,5.97,6.24,10.37,4.21,4.41,10.27,3.94,10.88,3.92,6.72,0.00
4.87,7.20,5.35,6.13,12.99,12.72,10.28,5.40,4.45,4.04,4.68,10.57,11.21,6.94,4.22,3.46,6.67,11.53,7.20,12.37,8.79,5.54,5.05,4.20,7.17,5.29,5.77,3.92,4.47,4.71,9.15,12.52,4.98,11.46,4.24,7.99,4.32,4.07,3.88,8.90,5.97,3.55,3.72,5.65,4.80,8.64,4.02,6.51,8.82,6.80,5.02,4.56,10.49,4.19,6.23,11.54,8.38,12.01,4.13,6.64,0.00
4.07,4.32,4.59,7.99,9.04,8.73,7.38,7.15,4.07,4.23,7.62,7.87,12.00,5.32,4.01,3.78,8.49,11.57,5.21,11.68,10.32,9.29,3.71,7.75,8.46,8.21,6.46,3.89,7.43,4.46,10.31,4.30,4.11,11.53,8.21,7.47,4.09,4.15,3.52,9.28,10.91,3.87,8.05,4.71,4.51,5.66,4.65,12.19,8.72,5.77,5.60,9.58,6.86,4.76,6.61,11.29,4.24,10.55,5.59,6.60,1.00
4.89,6.51,6.52,6.63,9.15,11.77,10.57,8.89,4.56,4.28,4.24,9.52,9.97,6.51,4.38,3.72,5.97,11.48,7.72,12.83,9.62,8.15,6.43,3.74,13.10,6.44,9.31,3.72,3.98,9.60,7.95,6.14,5.07,11.45,6.60,10.47,4.54,3.69,9.40,10.71,3.82,3.55,4.83,7.58,5.71,6.90,4.12,6.73,7.22,5.63,5.71,4.17,4.63,4.29,6.92,9.74,6.98,11.92,10.42,7.45,0.00
3.74,7.23,4.67,6.95,10.78,8.74,7.70,5.79,7.82,5.75,4.65,10.28,13.23,4.83,6.75,3.42,7.30,11.81,8.07,8.58,9.35,4.35,5.52,3.78,11.71,9.40,10.52,3.61,3.98,4.57,8.45,4.10,3.89,12.41,8.93,5.36,4.27,6.29,11.12,10.03,4.00,3.49,4.10,6.28,4.44,6.73,4.52,12.40,7.75,8.45,8.84,3.85,4.12,4.21,5.74,11.53,4.21,3.43,4.16,6.86,1.00
11.15,6.91,5.99,8.30,11.77,11.81,4.21,7.12,3.86,4.61,4.04,13.33,10.27,4.43,3.86,3.25,7.93,5.86,10.29,13.52,6.11,7.50,3.88,4.83,7.88,10.44,7.20,3.68,11.38,4.53,8.20,4.50,3.99,12.97,4.33,7.90,6.39,3.83,3.35,10.15,9.46,9.93,4.40,6.08,4.55,6.88,8.55,6.58,4.89,4.89,5.16,3.85,6.54,4.25,5.71,9.69,5.65,11.66,5.38,8.00,0.00
6.56,10.45,8.34,6.60,11.06,4.48,8.58,6.11,3.79,4.11,3.58,9.37,12.06,6.77,3.98,4.01,8.25,9.04,8.53,12.21,9.02,3.67,5.61,3.91,9.74,5.41,9.48,3.86,6.67,4.86,5.72,6.75,5.53,11.12,5.01,8.95,8.96,10.02,3.28,10.03,4.08,3.50,3.78,6.89,5.96,6.06,4.48,13.77,7.64,7.85,6.86,9.84,5.57,7.45,6.33,11.11,4.62,10.62,4.30,9.23,0.00
4.04,3.97,4.45,7.02,5.01,4.33,4.23,8.32,4.03,6.12,3.70,3.62,9.11,7.44,3.94,4.15,6.83,3.89,7.56,3.95,12.03,4.08,6.17,3.74,4.37,5.77,9.61,4.01,9.79,4.85,4.82,4.09,4.01,10.58,5.25,8.37,5.04,8.05,3.66,10.86,4.08,3.79,3.83,6.58,4.51,4.33,7.27,7.68,4.72,4.48,5.05,3.81,4.74,4.34,6.93,4.21,4.27,11.49,3.95,6.86,0.00
3.75,3.91,4.53,6.85,10.70,6.17,7.06,6.79,3.82,3.82,3.71,6.86,12.58,5.06,4.06,3.54,5.85,4.14,4.68,7.50,8.32,4.80,7.41,3.78,4.46,6.86,9.23,3.64,3.88,4.56,7.31,4.11,4.10,3.62,4.10,10.93,4.55,3.76,8.59,8.78,3.97,6.50,3.63,7.68,4.23,5.64,4.05,11.34,6.87,5.09,5.74,10.30,5.26,4.21,7.20,10.54,4.04,3.72,4.14,5.16,1.00
4.05,3.98,10.61,6.28,5.22,4.24,4.86,5.84,4.70,4.29,5.94,4.37,6.60,4.60,3.78,3.38,7.44,4.27,8.38,5.80,5.33,4.14,7.68,5.42,4.67,14.26,8.45,10.78,11.37,7.46,7.62,4.16,4.06,7.40,4.00,7.02,10.73,6.52,8.46,5.77,3.77,9.18,3.96,6.40,4.75,6.20,7.43,10.48,4.62,7.01,6.08,7.77,4.83,4.51,7.77,7.42,4.24,4.58,7.82,9.19,1.00
4.08,4.17,11.78,6.61,7.24,4.10,6.21,6.88,8.81,4.34,4.34,6.96,12.23,4.85,4.00,4.56,4.60,4.22,4.85,5.83,11.37,3.84,5.89,10.77,6.29,6.24,10.13,3.75,3.71,5.04,6.98,4.39,4.03,10.23,4.34,9.17,4.56,4.94,5.48,7.21,4.15,5.49,3.84,6.83,4.62,5.34,4.80,11.80,7.88,7.91,6.32,4.14,4.92,11.48,5.48,10.29,4.22,5.61,5.08,5.43,1.00
3.93,3.93,10.26,7.42,4.53,3.93,4.17,5.94,3.95,4.13,13.34,3.42,7.70,4.45,4.06,3.49,7.83,4.42,5.19,4.29,6.90,3.99,8.25,4.64,5.43,8.19,4.64,10.47,8.05,6.71,5.89,3.95,3.78,3.89,6.95,4.12,9.11,3.86,9.07,7.50,4.35,3.72,4.00,9.81,7.32,5.80,4.34,12.65,6.55,7.26,5.06,8.24,6.65,12.57,9.48,10.00,4.03,5.20,4.04,8.01,1.00
4.24,4.35,4.56,4.78,4.42,3.92,4.39,6.25,4.45,4.32,6.16,3.35,9.10,4.84,3.67,3.72,7.52,4.59,8.70,4.49,4.93,3.99,4.47,4.06,4.54,5.48,5.13,9.46,10.16,10.06,4.35,4.09,3.99,10.31,5.45,5.98,7.28,3.93,3.74,5.10,4.01,4.06,4.05,9.71,4.95,5.13,4.70,5.62,5.34,4.73,5.62,8.87,4.63,5.01,7.17,4.62,4.76,9.42,4.41,6.39,0.00
4.04,3.99,6.38,6.86,10.89,3.68,7.24,5.82,4.49,3.88,3.95,5.29,12.71,4.73,4.17,3.58,5.63,4.24,5.16,4.79,10.07,3.76,4.50,3.64,7.27,9.26,5.56,3.93,4.26,6.06,6.04,4.34,3.78,5.42,4.57,10.33,7.54,4.20,3.68,7.64,4.08,3.92,3.75,7.69,4.83,7.35,4.13,14.71,7.75,6.87,6.85,3.49,6.55,4.98,6.43,8.77,4.17,4.76,4.07,5.73,1.00
3.91,4.14,4.40,7.53,10.26,4.63,4.26,6.19,8.20,4.15,4.15,5.26,10.56,4.68,8.10,3.79,6.08,4.07,5.07,13.77,8.60,4.69,4.79,3.96,8.49,7.92,5.17,3.87,4.31,4.63,6.62,3.96,4.03,11.19,5.04,9.29,4.45,3.89,7.08,8.18,4.04,9.07,4.02,6.80,4.67,7.41,4.70,8.49,7.81,8.06,5.58,5.90,4.66,4.19,7.13,9.68,4.32,8.35,4.22,5.96,1.00
4.31,3.88,4.81,6.10,10.86,10.40,10.50,5.44,8.63,4.03,10.43,7.40,9.54,8.69,5.58,6.44,5.10,12.51,8.07,11.38,4.90,4.83,5.92,3.70,4.61,8.45,11.59,7.21,6.97,5.37,5.96,3.96,4.61,11.48,7.59,4.62,9.27,3.88,8.99,8.83,3.76,4.09,3.86,7.11,4.68,6.09,4.27,7.11,6.23,6.51,7.97,4.93,4.62,5.72,6.92,9.85,9.32,10.97,4.08,6.43,0.00
9.59,4.17,10.84,9.97,9.91,4.84,4.58,7.70,9.64,4.11,9.06,8.03,12.80,6.04,5.94,3.48,5.89,10.98,7.63,12.07,7.66,7.40,7.28,7.95,9.03,14.01,6.06,3.78,5.80,5.44,7.42,4.05,4.60,11.82,4.30,11.02,5.29,3.88,8.85,6.35,5.86,6.99,3.87,6.46,4.97,5.78,4.22,7.36,6.21,8.43,8.29,5.57,7.08,4.34,5.48,4.12,3.95,11.86,4.21,7.85,1.00
9.52,3.90,7.25,6.95,10.87,12.32,12.01,6.17,3.84,4.00,4.73,12.79,9.53,6.94,3.76,3.37,5.80,7.17,7.93,3.92,5.69,9.24,4.13,3.73,8.65,7.47,12.32,3.69,3.79,7.11,6.79,11.74,6.83,12.19,4.61,9.83,4.12,3.65,3.81,9.63,7.71,3.68,3.58,7.72,7.22,4.82,8.06,10.85,6.89,7.92,5.61,8.22,14.02,4.47,5.80,10.80,8.47,10.82,9.49,6.27,0.00
10.15,3.97,11.22,6.27,10.49,9.80,9.28,8.79,7.27,4.22,4.51,9.27,9.36,4.84,4.22,3.56,7.70,9.60,9.37,5.82,6.36,4.30,4.44,3.71,7.76,5.33,13.68,3.68,3.98,8.55,6.08,4.07,6.16,12.50,4.95,9.99,4.16,3.48,6.62,9.81,9.98,3.69,3.90,6.86,4.50,5.18,9.42,13.37,5.23,6.46,5.10,11.90,9.11,6.14,8.63,11.17,8.83,11.59,5.04,6.57,0.00
4.06,4.20,4.62,6.46,9.68,9.46,9.78,6.36,4.11,4.04,3.65,8.65,12.55,7.97,4.01,3.89,4.66,4.21,5.32,4.22,8.72,6.44,4.95,3.63,11.06,7.04,5.07,4.03,3.83,6.06,8.57,4.26,4.43,12.36,4.54,5.00,4.89,9.52,3.76,10.11,4.70,6.02,3.94,6.66,6.64,5.18,4.28,10.77,6.68,4.68,9.13,9.24,8.13,9.50,6.86,11.26,9.60,12.00,10.14,6.67,0.00
4.10,4.48,8.92,4.58,4.64,3.90,4.39,6.44,3.90,4.44,4.27,4.27,7.35,5.34,4.09,3.67,6.94,4.42,7.35,4.71,4.28,4.61,6.81,4.24,4.21,5.76,5.45,8.20,10.52,7.86,3.93,3.87,4.99,3.74,5.54,6.96,5.22,3.61,3.56,5.67,4.65,3.68,3.60,8.85,4.96,5.68,4.62,5.75,5.36,5.85,5.39,8.41,4.90,10.37,8.00,4.48,4.61,8.14,5.01,6.74,0.00
3.90,4.48,4.64,8.77,11.94,10.60,10.10,6.51,8.63,4.07,5.25,8.46,10.89,4.42,7.93,3.52,6.60,11.43,6.77,12.71,6.63,8.84,4.92,9.27,8.28,7.29,4.63,3.74,4.07,9.11,7.87,4.45,5.07,11.86,4.43,10.58,5.14,4.27,3.91,8.82,4.04,4.01,3.72,6.99,4.38,6.94,4.29,13.07,7.15,8.04,5.31,10.71,6.59,7.04,7.32,10.04,5.13,10.13,4.58,9.04,1.00
4.01,4.02,4.62,6.13,10.74,4.02,4.89,6.28,4.33,4.08,3.91,5.70,11.94,4.70,5.34,3.41,6.37,4.08,5.10,12.25,7.02,4.08,5.65,3.79,9.11,5.67,4.76,3.66,3.76,10.29,7.48,4.38,3.81,3.87,4.19,9.35,4.84,3.91,4.71,8.93,3.79,3.86,3.70,5.30,4.50,4.93,4.62,13.87,8.13,7.40,6.85,5.62,5.02,4.15,6.44,4.53,4.91,11.09,4.26,6.05,0.00
3.83,4.02,4.52,5.99,11.92,10.36,4.66,5.96,6.31,3.75,9.03,7.26,12.45,4.27,5.47,3.44,5.96,9.80,7.41,12.06,11.23,3.98,3.84,10.26,4.82,8.74,9.73,3.74,3.55,4.59,7.63,4.34,3.91,11.92,5.70,9.87,4.45,3.85,6.21,9.91,3.84,7.00,3.73,7.20,4.52,6.75,4.39,12.36,7.40,7.70,5.57,3.75,5.70,5.38,6.46,10.94,6.45,9.68,4.28,8.59,1.00
4.04,4.29,4.46,7.71,10.19,11.97,8.79,6.36,3.67,4.01,3.63,8.95,10.60,5.65,3.99,3.50,6.52,9.19,6.86,14.26,4.46,4.09,5.35,10.99,10.98,6.39,5.42,4.48,3.77,5.08,6.54,4.34,4.43,11.67,4.82,9.62,5.14,3.92,6.96,9.30,3.69,3.84,3.74,7.41,4.68,6.81,4.08,10.05,7.00,9.19,5.55,4.24,5.84,4.38,4.48,10.16,8.48,11.36,4.29,8.62,0.00
3.89,4.08,4.38,7.71,12.23,7.89,7.71,5.54,9.13,4.08,12.05,6.98,11.99,4.48,6.75,3.73,6.11,10.64,5.04,11.96,10.65,6.59,3.57,3.66,4.21,6.74,7.24,3.97,4.24,4.96,8.39,4.43,4.01,12.14,4.17,10.31,7.96,3.87,8.02,9.69,4.16,6.48,3.97,6.69,4.45,6.32,4.23,7.47,8.17,8.26,7.39,9.24,5.63,4.42,6.80,11.39,7.02,9.36,4.08,6.50,1.00
4.17,4.26,4.90,5.03,4.75,3.43,4.46,6.64,4.16,4.53,4.82,3.52,8.37,4.68,3.82,3.64,6.58,4.22,7.54,4.09,4.24,3.88,6.83,3.82,4.52,5.96,5.68,8.38,4.90,9.72,5.35,4.14,3.73,3.76,7.59,6.42,4.50,4.64,3.56,4.79,4.12,3.94,3.98,8.55,4.54,5.86,4.16,5.63,5.52,5.04,5.13,8.87,4.98,11.33,7.11,5.04,4.82,9.44,4.84,6.60,0.00
3.86,3.83,4.86,6.11,10.26,12.04,11.17,7.10,3.89,5.34,4.00,12.10,10.45,5.67,4.00,3.26,7.70,4.03,8.73,12.89,7.82,6.70,4.42,7.20,5.75,6.23,10.43,10.85,8.96,3.99,7.37,3.91,3.75,12.48,8.53,5.63,10.15,3.70,4.35,10.15,11.08,5.80,7.08,6.13,5.08,7.09,4.17,9.60,5.06,5.46,5.45,4.25,9.59,6.38,7.18,10.79,6.40,10.43,3.84,6.03,1.00
3.73,4.31,5.29,6.08,10.79,9.18,9.29,7.36,3.96,4.96,11.43,7.55,5.23,5.51,3.80,3.67,4.65,9.70,5.12,11.41,7.09,6.08,4.93,4.88,5.73,8.74,9.48,4.12,9.73,4.70,7.00,4.51,6.24,12.76,5.03,9.11,7.59,4.03,7.83,9.01,8.41,3.60,4.55,6.11,4.03,5.06,5.03,10.31,6.78,5.89,5.42,4.02,10.07,5.64,7.01,8.48,7.07,10.51,4.37,5.68,0.00
0.00,0.00,0.00,0.00,0.00,0.00,0.00,0.00,0.00,0.00,0.00,0.00,0.00,0.00,0.00,0.00,0.00,0.00,0.00,0.00,0.00,0.00,0.00,0.00,0.00,0.00,0.00,0.00,0.00,0.00,0.00,0.00,0.00,0.00,0.00,0.00,0.00,0.00,0.00,0.00,0.00,0.00,0.00,0.00,0.00,0.00,0.00,0.00,0.00,0.00,0.00,0.00,0.00,0.00,0.00,0.00,0.00,0.00,0.00,0.00,0.00
4.21,4.15,4.31,7.67,6.61,4.08,4.34,6.47,4.34,3.98,3.76,5.71,9.82,4.86,4.46,3.61,6.26,4.12,9.40,4.73,8.31,3.88,4.54,3.69,4.66,8.73,9.21,4.03,4.34,4.73,8.08,4.32,3.74,12.03,6.55,7.95,4.94,3.77,7.89,8.61,3.98,4.01,3.66,6.10,4.55,8.93,4.20,6.25,6.90,6.88,5.61,10.03,7.97,4.36,7.71,4.33,4.46,4.46,4.43,6.72,1.00
4.07,3.89,5.62,5.78,11.07,11.35,9.68,6.31,3.55,4.29,6.47,11.72,13.07,4.83,4.38,3.21,7.09,5.68,8.35,9.19,9.91,4.08,6.36,9.80,9.01,6.77,5.55,8.88,4.16,4.49,7.92,4.08,6.44,11.74,6.34,5.50,8.75,4.06,7.51,9.54,3.97,3.83,3.99,7.53,4.77,6.82,4.49,13.82,7.59,5.66,5.47,7.22,9.99,4.18,6.13,10.59,9.09,11.56,4.13,7.09,1.00
3.88,3.92,4.45,4.94,9.54,5.15,10.37,5.83,8.75,4.12,12.14,6.93,11.16,4.72,6.54,4.28,6.36,7.28,7.92,11.40,10.31,4.00,4.67,3.75,4.11,6.90,9.01,3.89,3.65,4.24,7.56,4.17,3.90,11.78,4.61,9.55,6.00,3.83,8.07,8.23,4.02,3.61,3.77,8.08,4.57,5.48,3.99,11.81,7.37,8.21,6.62,7.98,7.50,4.22,6.07,4.05,6.89,10.07,3.99,5.88,1.00
3.97,7.69,4.92,6.77,11.47,10.31,9.76,5.65,6.63,3.96,12.00,7.43,10.38,4.56,4.21,3.18,6.70,12.35,7.30,12.91,9.90,3.55,4.24,7.23,10.41,7.62,6.15,7.33,3.77,7.75,8.15,4.37,7.02,11.93,4.39,9.12,6.46,3.88,8.22,9.38,3.80,4.08,5.22,6.51,3.96,6.73,7.52,8.00,4.83,6.90,7.80,10.25,10.56,4.35,5.77,10.52,7.17,7.86,4.19,6.38,1.00
4.05,4.13,4.15,7.62,9.48,12.03,9.18,6.47,3.79,3.72,12.88,9.10,11.56,4.32,3.98,3.45,6.63,10.80,8.11,12.24,6.65,4.40,3.59,3.96,9.91,5.07,5.02,4.44,4.35,5.15,8.37,4.14,4.09,11.11,4.52,9.27,7.26,3.73,7.18,8.97,7.64,3.87,6.50,6.62,4.54,7.99,4.22,8.31,5.42,7.65,5.96,4.37,10.43,4.07,5.24,9.54,8.01,11.28,4.18,5.21,1.00
0.00,0.00,0.00,0.00,0.00,0.00,0.00,0.00,0.00,0.00,0.00,0.00,0.00,0.00,0.00,0.00,0.00,0.00,0.00,0.00,0.00,0.00,0.00,0.00,0.00,0.00,0.00,0.00,0.00,0.00,0.00,0.00,0.00,0.00,0.00,0.00,0.00,0.00,0.00,0.00,0.00,0.00,0.00,0.00,0.00,0.00,0.00,0.00,0.00,0.00,0.00,0.00,0.00,0.00,0.00,0.00,0.00,0.00,0.00,0.00,0.00
3.96,6.45,4.62,6.95,4.49,6.90,3.95,6.18,3.82,6.12,3.82,3.84,6.10,4.61,4.01,3.21,6.70,4.17,9.46,10.49,12.12,3.85,4.28,3.65,4.01,8.14,10.57,3.70,11.55,4.39,6.39,3.81,3.78,11.10,8.51,4.74,4.48,10.68,3.15,10.05,10.83,3.84,3.81,6.30,4.29,5.28,4.40,5.62,4.76,4.69,6.15,3.47,4.61,4.95,4.32,4.23,3.98,11.26,4.79,8.19,0.00
3.91,6.99,4.38,5.57,11.08,11.20,8.88,7.36,4.67,7.04,4.47,10.53,4.97,5.29,5.45,3.95,6.94,7.98,7.22,13.70,5.67,9.10,5.95,11.77,11.33,5.14,7.97,8.66,3.79,4.51,10.06,8.06,3.79,11.96,4.21,4.32,4.80,4.53,3.94,9.26,9.59,3.76,7.24,5.68,4.50,6.26,3.99,6.15,8.49,5.08,5.04,6.82,6.64,4.15,5.94,11.08,10.01,11.01,7.26,5.96,0.00
3.90,3.80,4.93,6.75,9.15,10.35,4.17,7.72,3.80,3.82,8.74,12.26,12.11,9.53,4.33,7.86,7.14,4.18,7.38,10.52,9.58,8.28,5.06,3.70,7.49,7.16,5.36,7.32,8.38,4.47,7.83,6.14,9.23,12.50,9.18,7.42,4.36,4.42,6.74,9.04,6.50,8.37,3.94,8.93,5.30,6.88,7.56,8.19,4.94,6.48,5.70,4.88,4.52,3.95,6.05,9.64,7.84,9.93,4.08,5.72,0.00
3.88,7.54,5.45,5.98,9.57,9.03,9.82,5.91,3.79,3.98,3.80,7.98,13.35,8.62,3.98,7.71,7.71,4.37,7.54,9.68,9.75,3.80,6.47,3.69,8.58,7.93,5.16,4.54,4.45,4.28,7.21,4.04,10.14,11.98,9.99,6.99,6.50,4.16,8.85,10.29,4.00,3.85,3.78,7.75,8.26,6.91,4.20,7.00,4.24,5.94,5.41,9.19,4.75,4.16,4.93,10.77,8.48,10.91,3.92,6.07,0.00
4.17,5.23,4.60,5.84,12.36,10.94,10.85,7.22,3.76,3.96,5.03,12.60,12.11,9.87,3.90,4.34,5.49,7.67,7.49,11.14,7.04,3.99,7.69,3.66,6.54,5.10,11.51,8.42,4.11,4.66,7.34,4.07,4.11,12.43,6.87,5.85,4.64,5.69,10.31,9.99,4.62,3.72,3.91,7.77,5.28,7.80,4.11,12.92,5.21,8.01,5.08,8.17,5.33,3.90,6.82,10.70,9.22,11.89,3.88,6.27,0.00
3.77,8.93,4.62,6.41,9.62,8.94,7.56,5.91,3.61,3.91,4.52,8.59,13.28,9.88,3.92,7.46,7.11,4.04,7.45,8.00,9.67,3.73,6.19,3.53,10.69,8.60,10.58,5.19,4.00,4.89,7.24,4.04,10.45,11.67,8.03,3.94,9.49,4.28,8.85,9.69,9.19,3.91,4.03,9.21,6.13,7.03,4.02,6.38,5.08,7.79,4.64,3.63,4.07,4.51,7.39,10.14,6.67,10.98,4.29,5.37,0.00
4.11,6.86,5.77,6.63,8.72,9.86,7.27,7.40,4.72,4.88,3.84,3.96,11.95,4.75,4.56,3.12,7.21,7.48,8.30,12.09,9.67,3.81,4.35,8.45,4.62,6.49,9.95,6.03,4.14,4.56,7.23,4.56,4.19,11.86,6.26,5.59,7.77,5.09,4.32,8.61,7.25,3.69,4.17,5.20,4.34,6.47,8.46,13.42,5.32,9.11,5.63,4.03,5.70,7.57,5.97,4.27,5.74,11.04,5.32,8.26,0.00
4.42,10.22,5.76,5.64,5.90,8.86,9.10,8.06,3.93,4.42,4.29,3.45,7.55,6.56,4.03,3.61,3.79,3.65,9.74,12.01,8.39,3.98,4.02,3.89,4.23,6.52,11.96,4.60,10.05,4.74,5.21,3.93,3.93,11.29,6.31,3.96,9.45,3.66,3.67,9.96,9.39,3.67,4.17,3.89,4.72,4.74,7.29,7.48,4.51,5.47,6.77,3.75,6.05,9.72,6.23,4.47,5.95,10.39,4.23,8.41,0.00
7.86,4.40,4.52,7.69,10.76,12.08,10.73,6.30,3.90,4.39,3.52,11.54,12.56,4.45,3.85,3.96,7.34,6.99,9.20,9.77,10.31,7.19,6.01,8.56,10.44,6.77,5.54,4.51,3.93,4.43,7.53,4.13,3.98,11.86,4.37,7.68,4.52,3.99,3.52,8.93,3.69,3.57,3.63,6.05,5.04,4.19,5.42,14.27,6.68,5.10,5.72,8.07,12.58,4.22,6.53,9.25,8.18,11.48,6.99,6.98,0.00
4.01,3.89,9.69,6.90,6.85,3.72,7.82,7.37,7.72,4.02,12.22,7.66,12.82,4.45,5.23,3.42,7.91,4.19,7.86,6.83,7.58,4.14,5.29,6.11,4.55,8.38,8.49,3.80,4.28,4.96,3.65,4.05,3.91,6.44,4.08,10.01,4.15,3.73,6.47,8.60,3.79,3.75,3.64,8.14,4.39,6.33,4.54,11.77,7.25,4.72,5.32,7.21,5.01,3.99,5.92,8.70,4.09,7.46,4.08,5.73,1.00
7.89,4.48,6.86,5.90,11.70,13.31,12.36,6.91,3.72,8.13,4.16,13.49,8.95,7.55,3.84,3.53,6.49,12.74,7.74,12.21,10.16,11.74,7.84,3.58,6.09,6.47,11.65,7.58,7.97,4.15,6.64,9.65,4.82,12.06,7.61,8.35,7.42,3.90,8.84,9.26,10.38,7.42,3.99,6.55,4.67,5.60,4.23,9.05,6.53,8.78,7.18,6.00,12.72,6.62,5.59,11.02,9.37,10.50,4.18,7.09,0.00
4.01,4.07,4.73,5.70,10.12,9.14,4.31,5.82,3.83,4.25,4.24,10.82,12.69,4.98,3.88,3.60,7.26,4.25,7.78,4.49,6.17,4.26,7.37,3.96,4.52,5.14,8.31,3.99,4.19,4.61,8.00,4.00,4.16,11.45,10.01,7.71,4.35,3.94,3.79,10.98,3.92,4.00,3.68,3.95,4.67,10.29,4.09,13.95,7.70,5.26,4.91,9.54,5.29,4.16,6.18,10.51,4.56,4.78,4.17,5.77,1.00
3.95,7.32,5.19,5.47,5.75,10.06,6.88,7.16,3.92,4.10,5.37,9.61,4.79,6.62,4.05,3.02,6.61,5.58,8.07,10.24,8.09,3.91,6.05,4.35,3.63,7.79,10.99,3.90,9.64,4.65,6.73,4.06,3.73,10.87,4.50,9.73,5.08,4.43,7.91,9.56,9.60,9.68,4.78,6.21,4.33,5.86,4.67,5.64,4.79,5.08,4.67,3.94,5.20,4.06,6.69,4.63,4.42,11.39,4.16,6.20,0.00
4.92,4.01,6.69,5.05,12.14,12.17,10.69,6.48,3.83,4.24,3.45,11.88,7.64,4.25,4.43,3.73,7.56,8.78,7.24,12.18,6.40,10.39,6.83,3.66,5.75,5.14,5.32,4.20,6.40,4.67,8.51,9.52,3.77,12.35,4.44,5.09,5.96,5.78,5.80,9.59,5.05,6.56,3.94,5.59,5.37,6.77,9.06,6.14,7.32,5.85,5.12,4.41,10.93,6.64,6.18,9.39,8.61,11.17,4.09,6.50,0.00
7.12,3.92,4.68,6.35,13.22,11.98,9.37,8.40,5.26,4.15,3.62,11.59,6.95,4.33,4.86,3.80,5.21,9.56,8.16,11.86,6.05,6.82,6.25,3.87,7.21,7.81,7.64,6.66,3.41,4.43,8.19,4.37,4.26,12.15,5.28,6.01,4.93,12.21,4.21,10.32,6.45,3.65,5.18,6.52,7.11,5.70,9.32,9.45,7.18,5.31,5.67,4.29,12.62,5.82,4.14,10.91,4.09,12.18,4.52,7.79,0.00
6.95,3.73,5.51,6.38,10.92,11.13,4.19,8.19,10.29,3.74,11.26,8.69,12.32,4.92,5.13,6.17,4.12,11.18,7.57,9.33,8.60,7.19,6.64,3.79,9.50,7.63,7.64,4.28,6.42,4.64,8.57,4.10,6.77,11.20,4.65,10.84,4.17,3.81,8.53,8.99,3.54,3.85,5.15,7.18,4.03,5.64,4.48,7.99,7.78,8.81,6.89,6.70,6.75,4.39,7.60,9.50,6.57,11.08,9.83,9.13,0.00
4.18,4.11,4.84,5.85,4.76,4.16,4.68,6.40,4.03,3.91,3.80,3.60,6.32,4.37,3.97,3.37,9.05,4.01,7.86,4.81,4.57,3.92,8.16,3.75,4.63,6.08,4.35,9.08,3.87,12.09,7.06,3.95,4.07,8.97,4.54,7.75,4.90,4.09,3.93,5.09,4.01,3.60,4.23,8.86,4.74,5.82,4.74,5.64,5.00,5.27,5.37,7.53,4.75,11.92,7.22,4.42,3.93,11.02,4.57,7.88,0.00
3.98,4.02,5.66,6.50,11.69,8.71,4.78,5.36,3.56,4.08,4.54,8.77,11.78,4.88,3.85,3.56,5.75,4.06,5.03,12.81,9.26,4.70,5.85,8.17,5.09,6.70,4.82,4.13,5.73,4.40,8.05,4.59,4.00,11.71,4.16,7.06,4.63,9.34,4.12,8.51,3.92,4.18,3.78,5.90,4.84,6.85,4.06,12.87,7.15,6.88,4.87,5.71,4.87,4.51,6.81,10.25,4.62,9.79,4.48,5.88,0.00
4.15,4.39,4.34,4.79,4.67,7.54,4.54,6.72,4.02,4.87,4.31,3.53,7.12,5.74,3.80,3.54,7.00,4.69,8.89,6.38,5.84,4.13,7.66,3.87,4.38,6.25,8.18,9.60,4.64,8.06,7.09,4.02,4.09,11.33,4.49,4.31,7.22,4.21,3.65,9.10,4.11,3.70,3.99,4.89,4.64,6.42,4.54,7.31,4.61,5.17,6.09,4.05,4.69,11.62,5.89,4.68,4.35,4.40,4.12,7.23,0.00
3.88,4.11,11.05,5.08,10.01,10.61,4.05,7.29,3.72,4.11,3.97,14.06,11.88,5.06,4.06,3.44,7.36,4.10,12.35,8.62,10.23,10.26,8.00,4.06,4.23,4.94,7.53,3.87,3.69,4.32,7.42,8.80,3.83,10.15,4.28,4.13,4.22,3.68,3.72,9.10,3.95,8.81,7.77,6.54,5.84,6.18,4.32,7.57,5.57,4.72,5.16,8.71,10.23,4.23,3.95,10.91,11.18,11.20,4.05,6.69,0.00
3.90,8.80,8.66,7.27,10.13,3.98,9.47,6.53,3.99,4.07,5.82,6.50,12.72,4.26,5.12,3.40,6.06,4.13,7.61,4.25,8.41,3.64,8.69,6.10,4.74,5.50,9.67,3.73,3.77,4.71,8.16,3.98,3.92,4.32,4.83,9.90,6.06,7.17,6.71,8.54,3.66,3.64,3.86,7.68,4.60,6.45,4.36,10.29,6.56,4.82,4.95,3.81,5.40,8.93,7.40,4.39,5.42,3.58,4.06,5.12,1.00
4.08,7.94,11.26,6.40,8.72,4.08,9.42,7.43,3.69,4.33,4.08,7.66,11.27,5.17,3.84,4.24,5.40,4.69,8.57,10.79,8.26,10.33,6.34,3.76,4.62,9.37,9.56,3.79,4.13,6.71,7.57,4.57,5.80,11.70,5.95,9.98,9.83,4.65,3.67,10.39,4.29,3.68,3.52,7.38,5.03,6.32,4.32,13.16,7.76,6.18,4.97,6.23,6.89,9.97,5.50,4.46,8.00,3.80,4.33,6.12,0.00
3.94,4.00,4.60,8.32,6.94,3.57,4.30,5.83,3.99,4.10,4.60,4.81,11.27,7.00,4.10,3.56,7.84,4.07,4.80,3.89,8.97,3.78,4.50,3.68,4.06,8.14,8.34,3.92,3.74,4.42,6.18,4.23,3.53,10.73,11.89,9.86,4.12,3.95,4.61,7.98,3.95,4.22,3.97,7.07,4.72,6.46,4.18,12.71,7.40,4.73,5.52,3.47,4.78,4.25,7.27,4.27,4.38,4.93,4.16,6.02,1.00
8.26,4.17,4.40,5.72,10.78,12.75,8.94,6.60,5.52,4.33,6.49,12.80,13.00,5.99,5.26,3.38,7.72,10.04,5.99,11.54,8.10,3.72,5.03,11.69,4.81,6.89,5.32,6.74,3.67,4.23,8.54,4.18,3.80,12.75,6.84,7.09,7.87,3.83,10.76,10.13,4.72,7.51,3.92,6.95,4.58,5.44,8.63,13.70,7.50,6.67,5.32,3.54,5.95,4.09,5.97,11.22,9.77,10.86,4.15,7.13,1.00
3.83,4.66,4.46,4.39,6.78,4.25,8.54,6.26,4.15,4.36,3.77,5.61,11.78,5.21,3.96,3.25,5.63,3.98,8.25,6.51,5.65,4.14,4.96,4.06,5.75,9.21,6.36,3.48,3.44,5.02,7.03,4.00,3.80,11.09,4.03,8.89,10.50,6.14,3.70,10.20,4.00,3.61,4.17,6.99,4.90,6.58,3.97,14.06,6.15,4.74,5.52,4.08,5.55,4.68,7.76,4.95,4.11,9.53,4.34,5.55,1.00
3.84,6.26,5.42,6.22,11.10,8.11,7.20,6.86,7.26,4.37,3.84,8.95,11.11,5.74,4.65,3.95,4.65,11.43,8.02,12.67,9.57,6.83,5.15,3.80,7.05,8.02,9.32,4.67,3.65,6.75,7.19,3.92,4.28,11.40,4.74,9.34,4.00,3.81,8.57,10.71,4.64,7.86,5.08,6.42,7.91,7.91,4.13,7.55,7.47,7.08,7.08,10.45,4.84,4.72,6.01,10.84,9.24,11.31,10.17,8.12,0.00
3.95,4.19,4.85,8.76,11.39,11.09,9.29,6.28,7.48,4.14,4.62,7.18,13.18,4.85,5.70,4.00,6.12,11.06,4.74,11.08,4.80,5.26,5.45,3.43,11.07,6.77,5.08,3.79,3.24,6.93,8.21,4.42,4.55,11.67,6.74,10.14,4.77,4.06,5.71,8.51,3.68,6.86,3.87,5.89,4.42,7.77,4.10,6.87,8.02,7.60,6.15,11.26,6.03,4.38,6.56,11.16,4.35,10.85,4.33,7.24,1.00
3.89,11.11,4.58,4.83,5.33,8.32,4.73,6.51,3.93,4.18,4.08,3.91,11.59,5.32,3.82,3.14,5.53,11.09,8.05,6.91,4.62,3.82,8.81,3.67,4.66,5.83,10.60,3.99,3.93,4.72,7.34,4.36,4.27,9.99,4.37,8.21,7.19,4.13,4.57,8.76,4.34,4.03,3.76,6.93,7.56,5.32,4.26,9.56,5.32,6.36,5.16,9.41,5.54,5.01,4.50,9.47,4.09,10.04,4.52,6.66,0.00
3.92,3.93,4.39,6.27,9.62,7.03,6.35,6.20,3.94,4.13,4.71,7.98,12.33,6.55,3.97,3.49,5.71,4.05,7.84,12.51,8.15,4.47,5.43,3.91,7.68,6.65,5.38,3.69,3.86,5.66,7.22,4.21,6.34,9.98,4.48,11.34,4.57,9.14,3.33,8.51,4.10,3.62,3.85,8.04,4.60,6.92,4.11,11.59,6.78,5.14,5.33,10.23,7.40,4.21,4.32,4.42,6.92,4.13,4.02,4.97,0.00
9.46,8.15,9.12,8.14,12.56,11.85,10.25,5.71,3.80,4.54,3.85,11.09,13.63,4.59,4.04,3.61,6.23,8.37,7.72,11.35,8.33,3.71,8.51,3.71,4.25,6.72,10.89,4.41,3.63,4.20,9.32,4.05,3.89,12.13,4.83,6.42,4.51,3.92,3.93,10.30,3.98,3.79,3.87,6.46,5.42,5.71,4.26,10.19,7.12,9.63,5.80,9.11,5.85,4.11,5.27,11.50,8.65,12.53,4.29,8.46,0.00
3.98,10.26,6.94,5.42,4.53,9.05,4.83,7.68,4.00,4.18,4.30,4.06,8.75,5.99,4.03,3.44,6.71,4.07,7.97,4.61,7.00,3.89,5.89,3.79,4.38,9.37,10.54,6.28,9.70,4.46,6.68,4.46,4.11,11.26,5.08,5.03,9.39,4.12,8.64,9.53,9.41,3.54,3.80,4.33,4.65,5.83,4.48,8.06,4.87,5.48,5.30,4.14,4.57,5.27,5.87,10.26,4.65,10.00,4.49,8.70,0.00
3.97,3.53,4.49,7.63,11.65,11.10,5.47,6.60,8.88,3.77,4.87,10.81,12.92,4.59,7.77,3.78,7.50,10.42,7.88,12.15,10.79,5.45,5.78,4.12,4.22,10.93,5.17,3.84,3.45,4.82,8.80,4.54,3.86,12.27,5.48,6.72,4.45,3.93,4.26,8.38,3.68,3.47,3.56,7.04,4.39,5.89,4.15,13.22,8.03,6.22,6.00,8.86,11.12,4.03,5.17,8.36,9.69,11.00,3.87,5.89,1.00
5.82,9.44,4.72,5.08,5.13,6.58,4.31,6.99,3.87,11.14,4.31,13.74,10.94,4.44,3.83,3.49,5.83,4.31,8.99,10.18,10.81,5.92,4.66,3.90,4.39,9.17,6.56,3.67,10.25,4.59,8.05,3.98,4.15,10.66,10.54,9.30,6.22,3.95,3.72,10.27,10.39,6.88,4.06,5.97,4.42,5.66,4.38,5.48,4.90,4.74,4.82,3.43,9.40,4.33,5.04,11.77,4.11,9.54,4.12,7.13,1.00
3.95,5.01,4.37,8.71,10.35,10.12,8.59,6.16,8.84,3.99,13.12,5.08,11.71,6.21,7.88,3.54,5.90,8.80,5.14,11.34,11.79,3.84,5.66,3.42,6.06,7.05,10.51,4.37,4.49,4.89,7.52,4.08,3.96,11.67,4.36,9.25,7.21,3.73,8.45,9.44,3.79,5.45,4.15,7.97,4.72,6.71,8.71,8.50,7.10,6.99,7.07,9.59,7.92,4.04,4.79,10.19,4.34,10.97,4.00,6.37,1.00
3.90,4.42,9.20,6.36,4.52,3.64,4.49,6.08,4.00,4.00,5.07,4.20,7.23,4.64,3.98,3.63,7.75,4.35,8.73,4.05,4.21,3.93,7.17,4.29,4.44,5.15,5.30,9.02,4.51,8.68,4.88,3.94,3.95,8.80,7.74,4.19,6.48,6.39,3.60,4.01,4.09,3.87,4.04,6.90,4.78,6.93,4.32,8.21,5.81,5.98,5.01,7.06,5.45,12.43,7.63,5.96,4.00,11.06,4.51,6.33,0.00
3.91,7.55,6.41,6.15,4.57,12.18,10.87,5.67,4.24,4.74,8.57,12.75,9.97,8.29,4.99,3.43,7.50,10.07,8.71,4.26,10.34,8.16,5.46,3.50,4.05,5.90,4.58,4.24,7.59,4.47,7.22,6.24,3.92,10.97,5.99,8.55,8.29,6.08,5.11,10.74,3.93,7.76,6.19,6.43,4.46,5.76,4.47,7.93,4.54,8.06,4.67,4.04,9.67,4.18,5.91,11.72,8.85,11.77,4.18,8.19,1.00
4.04,4.05,10.96,6.65,4.20,4.73,8.79,6.35,3.93,4.13,12.03,3.75,9.03,4.70,3.80,3.64,6.82,4.16,6.18,4.25,5.25,4.03,3.91,10.09,4.29,5.15,10.12,10.18,4.63,5.43,7.87,4.13,4.26,4.52,7.40,4.36,4.44,4.50,10.38,8.97,3.84,4.18,3.90,9.03,4.69,7.78,4.66,12.70,4.31,7.59,5.45,9.48,4.42,10.74,6.22,4.90,3.79,5.13,4.62,8.38,1.00
3.89,5.84,6.18,5.57,10.67,9.21,8.93,6.95,3.86,3.99,3.95,7.74,11.87,9.05,3.95,8.02,7.27,4.07,6.19,9.58,11.50,3.80,8.05,3.75,10.77,11.97,8.12,6.27,8.50,4.42,7.62,4.16,11.26,11.82,10.09,5.77,10.60,3.85,9.24,10.59,10.18,7.41,4.01,7.45,8.68,7.23,4.16,6.72,6.08,5.93,5.16,4.37,4.67,4.61,5.48,11.07,9.20,10.65,4.49,5.64,0.00
3.94,4.02,6.49,5.07,10.69,10.16,9.03,6.52,3.84,3.90,4.46,10.41,11.71,7.16,4.10,3.92,5.89,5.08,7.75,5.52,10.43,3.87,3.69,3.62,6.36,7.12,10.22,8.85,7.85,4.55,7.27,4.28,3.98,11.93,6.89,6.35,9.93,4.25,9.31,9.46,4.10,6.83,7.90,9.59,5.15,7.03,4.23,8.91,4.52,8.11,5.46,8.89,4.54,4.39,6.50,11.14,7.26,10.34,3.77,5.85,1.00
5.20,5.11,9.25,4.98,8.64,9.29,8.68,8.51,4.25,4.37,7.06,10.76,11.84,4.60,3.75,3.58,6.18,4.44,6.98,6.24,6.65,7.69,5.13,8.90,5.33,5.50,4.66,3.99,4.07,5.12,9.99,11.58,3.98,11.69,4.55,9.32,4.84,9.66,3.51,9.33,3.75,3.94,4.51,6.82,7.71,5.64,4.15,5.91,5.77,6.63,7.02,7.98,6.75,4.73,6.89,8.23,8.64,7.85,4.59,7.52,0.00
9.12,4.03,4.46,5.44,9.73,11.37,10.76,7.98,3.62,4.12,4.46,10.47,12.28,4.49,3.83,3.92,6.91,4.16,8.34,6.78,6.18,4.24,5.78,3.67,5.34,5.58,9.01,5.25,3.88,4.82,10.56,4.15,4.45,11.46,4.39,8.42,4.33,7.45,3.83,8.71,6.03,3.58,4.11,6.32,7.50,5.61,4.93,7.23,6.57,6.65,8.87,4.13,6.97,4.74,6.39,11.35,8.06,12.51,5.63,7.80,0.00
3.67,3.90,4.24,6.05,11.07,11.04,11.98,5.34,3.80,3.87,7.12,8.72,12.89,7.23,3.78,7.90,7.10,4.23,7.75,7.02,7.23,3.75,5.68,4.23,6.80,14.24,12.26,8.74,3.41,4.31,7.59,3.81,8.68,11.69,6.87,7.46,7.09,4.06,9.77,10.11,10.36,3.54,3.86,9.27,4.46,8.43,4.11,7.17,4.74,6.96,4.59,9.53,4.93,4.11,4.36,11.38,9.72,12.03,3.92,8.22,1.00
3.88,3.97,5.87,6.62,11.35,12.28,9.93,7.64,3.99,4.56,4.73,13.86,12.91,6.52,4.32,3.39,7.26,10.26,7.08,12.94,9.44,4.12,6.83,9.23,13.35,6.84,9.63,9.00,3.88,4.47,9.31,5.97,3.96,11.81,8.56,5.86,4.21,5.93,8.60,8.99,3.93,7.39,5.77,7.33,4.30,7.23,4.44,11.25,4.81,8.21,5.88,8.95,7.81,4.08,7.20,9.66,9.78,11.86,4.32,6.53,1.00
4.02,4.16,5.40,6.04,11.32,9.40,9.00,6.49,3.71,4.01,4.00,9.83,12.78,7.66,4.31,5.30,6.66,9.02,4.91,4.70,7.72,3.84,4.35,3.62,5.84,8.82,7.08,10.01,4.09,4.32,8.13,4.05,8.02,11.07,6.19,4.32,6.63,4.32,9.20,8.61,4.10,3.77,4.00,9.69,4.78,6.15,4.39,12.05,5.06,6.26,5.39,4.03,7.33,4.36,6.42,10.26,8.09,10.09,4.21,6.43,1.00
4.01,9.30,7.95,5.62,4.58,4.15,4.95,5.51,4.63,8.33,11.62,5.81,11.92,4.74,3.84,3.44,6.27,9.42,9.03,7.09,10.76,3.92,8.27,3.88,3.98,6.43,10.44,3.72,3.76,4.92,7.57,3.96,4.87,10.84,4.64,8.30,5.56,4.04,7.43,9.12,7.68,3.64,3.98,8.31,4.99,5.46,4.41,7.82,6.45,7.46,5.22,9.59,4.72,4.87,5.25,9.06,4.50,10.41,4.23,6.01,1.00
3.83,3.92,8.35,4.60,12.17,6.30,5.15,6.07,4.73,4.01,4.46,8.95,12.39,4.76,3.98,3.65,5.41,6.80,8.75,9.79,11.17,3.96,7.71,3.68,4.42,5.96,9.96,3.72,4.03,4.70,7.42,4.06,5.19,10.85,9.68,9.13,5.40,3.69,3.28,7.91,4.11,3.66,3.72,9.09,4.79,4.90,4.48,10.31,7.08,9.99,4.92,4.09,4.28,8.49,4.78,8.68,4.47,10.11,4.23,6.45,0.00
