100132815_at,1001_at,10406_at,10536_at,1236_at,1281_at,129607_at,1365_at,142678_at,153579_at,1690_at,170712_at,171425_at,1839_at,221120_at,23066_at,23462_at,23641_at,2697_at,27345_at,28231_at,283897_at,29899_at,339766_at,3625_at,3655_at,4013_at,401494_at,481_at,5168_at,5266_at,54843_at,54947_at,5570_at,56994_at,57153_at,5783_at,5962_at,6451_at,645323_at,7058_at,7298_at,7620_at,79605_at,83468_at,83729_at,9180_at,9308_at,9590_at,9603_at,label
7.01,5.57,4.16,7.00,4.05,4.31,4.13,3.91,6.15,3.79,4.43,10.05,5.29,7.09,8.70,4.44,7.81,4.39,11.41,7.05,8.27,3.47,10.18,3.55,7.29,9.67,6.17,3.79,9.70,9.37,4.22,4.95,4.21,3.60,9.43,6.73,8.20,9.21,10.00,7.42,4.88,13.31,6.88,4.07,9.33,9.52,8.41,7.33,6.95,6.13,1.00
5.68,5.83,5.14,6.99,3.97,13.28,5.93,3.93,6.21,4.13,5.00,3.72,4.65,7.68,8.50,5.12,5.40,10.13,12.85,5.28,5.41,4.13,9.49,3.50,5.43,7.54,6.28,4.03,10.36,10.62,4.21,10.34,4.45,3.87,10.00,7.07,7.43,10.23,10.37,4.21,4.69,12.80,6.05,4.46,10.63,4.30,8.80,6.86,7.37,3.96,1.00
7.89,5.33,4.11,3.86,8.43,4.03,7.84,4.01,5.26,7.85,11.26,3.89,6.73,8.20,8.90,7.07,5.40,5.70,12.14,5.16,8.40,9.66,9.40,3.58,4.51,7.50,5.55,4.25,8.62,4.33,4.20,4.87,4.46,3.49,10.10,7.25,4.38,9.49,10.58,3.97,4.39,13.21,6.91,4.19,4.35,3.91,4.63,9.65,11.01,3.59,1.00
4.64,5.19,5.68,6.72,3.65,6.24,10.87,4.61,5.88,3.87,4.33,10.56,5.38,7.19,8.52,7.23,8.58,9.32,12.57,6.24,4.78,8.73,8.96,3.39,4.10,7.64,7.62,8.63,11.38,8.98,4.24,7.33,4.29,6.12,8.90,7.04,8.45,8.26,10.25,5.03,5.71,12.37,4.44,4.77,9.62,10.98,8.55,8.86,8.07,5.87,1.00
6.72,5.94,5.27,7.87,4.06,5.33,6.78,4.03,6.26,4.09,6.65,3.68,6.54,6.01,8.83,8.79,4.89,9.60,3.59,10.25,6.39,3.42,10.43,3.62,4.33,8.22,5.30,6.68,5.42,3.91,3.96,10.73,4.63,3.69,10.92,8.03,7.39,8.93,10.37,4.04,5.09,13.19,4.82,4.13,5.33,4.09,8.10,7.28,9.99,9.64,1.00
4.21,11.79,8.65,5.11,4.18,7.70,5.44,4.00,8.49,6.85,4.46,4.36,4.96,6.39,6.81,4.63,7.67,4.67,12.56,8.39,7.62,3.46,9.74,10.06,5.94,11.78,7.51,8.13,11.60,3.99,9.15,4.53,8.11,3.56,9.12,7.24,9.74,9.02,3.77,4.33,5.11,11.82,4.42,6.59,6.15,4.32,9.12,7.02,10.03,7.40,0.00
7.85,6.02,4.64,6.01,3.78,11.65,4.35,3.97,5.80,8.69,4.74,3.89,5.42,6.10,7.90,8.03,8.93,7.66,13.48,5.17,7.75,3.54,7.63,3.66,4.62,5.90,5.29,3.75,6.17,3.86,4.09,4.93,4.41,3.47,10.15,6.36,9.15,9.77,10.42,4.26,4.70,13.05,4.78,4.00,11.64,9.07,4.63,6.29,6.90,4.65,1.00
9.15,5.48,4.51,3.85,9.56,3.68,11.39,3.93,6.69,3.83,4.75,3.84,6.66,9.20,8.77,4.60,5.31,5.10,4.23,5.61,8.68,10.56,9.23,3.53,4.70,7.09,5.64,3.93,7.23,4.07,3.99,4.45,4.67,3.70,6.17,7.82,7.96,4.55,11.26,4.06,4.54,13.54,7.66,4.01,4.31,4.37,4.44,7.36,4.77,3.72,1.00
7.47,5.93,4.39,4.67,4.23,3.82,4.44,4.32,9.37,3.84,8.69,4.05,7.37,5.67,7.59,6.71,6.98,5.27,4.37,8.20,9.35,9.32,7.72,3.73,4.74,8.77,6.68,4.29,5.65,4.01,4.38,5.04,5.13,3.66,9.25,3.96,4.45,10.25,9.54,5.18,4.92,13.22,4.02,4.09,4.72,11.11,4.73,6.99,4.69,8.17,1.00
7.21,5.94,4.49,4.74,4.09,12.36,4.22,3.85,5.79,8.19,4.79,3.50,5.92,6.40,8.36,8.78,9.23,4.98,13.69,5.17,7.84,3.34,8.70,3.61,4.41,7.53,5.34,4.44,6.31,3.87,4.11,5.52,4.88,3.60,9.64,6.33,8.16,10.14,4.59,3.90,5.03,12.57,6.31,3.81,4.73,4.13,6.85,7.77,9.51,7.17,1.00
8.22,5.22,4.02,4.24,4.10,3.86,6.92,4.00,6.75,10.49,10.40,3.72,5.42,6.70,8.60,7.55,5.27,4.81,4.15,8.19,7.78,4.10,9.10,4.02,4.76,4.15,5.45,4.16,5.96,4.22,4.20,8.45,4.45,3.65,9.18,6.73,4.46,4.33,10.70,5.98,4.89,13.07,3.77,4.27,4.30,4.27,4.64,10.21,4.84,6.21,1.00
8.64,12.44,5.54,4.39,3.55,3.76,4.53,5.11,6.02,8.04,4.86,9.05,4.51,5.99,8.84,4.77,5.50,10.31,3.29,6.02,8.20,3.26,10.56,4.41,11.90,8.54,8.40,4.16,10.86,4.07,6.80,8.25,8.23,7.13,9.80,9.13,5.15,10.39,7.42,4.91,4.81,12.07,6.70,4.35,8.31,3.87,9.41,6.71,5.35,4.36,0.00
7.53,6.89,4.40,4.25,4.08,3.78,6.26,7.81,5.51,4.06,6.88,3.77,5.81,5.40,4.22,4.74,5.19,8.53,3.44,4.82,7.54,3.25,9.04,3.61,10.76,7.13,5.17,3.90,11.93,3.93,6.24,8.09,4.24,8.65,10.19,8.79,7.83,6.39,10.16,4.65,4.75,11.94,4.84,5.44,3.97,3.61,5.08,5.83,4.55,4.41,0.00
4.51,6.61,4.83,5.34,3.96,3.66,6.69,3.85,5.84,3.74,4.64,3.71,5.99,7.11,9.00,6.15,11.56,4.64,3.60,5.68,7.59,3.50,7.91,3.46,5.01,10.35,9.74,3.87,11.31,11.50,4.25,10.84,9.07,5.09,11.78,7.32,7.56,8.74,10.61,5.08,12.19,12.72,4.08,4.01,5.15,4.19,9.02,7.70,8.96,5.47,0.00
6.35,5.64,4.22,5.29,3.98,3.75,4.47,5.74,6.64,4.20,7.27,3.60,6.51,6.40,8.31,4.64,6.04,4.70,4.18,7.62,8.48,3.53,7.92,3.68,6.72,9.23,7.18,4.10,12.08,4.44,4.64,5.05,4.36,3.77,12.24,4.14,4.64,8.73,6.21,4.18,4.86,12.54,5.53,4.03,4.17,9.59,8.32,5.98,9.55,7.45,0.00
6.74,10.86,8.75,4.30,4.13,3.81,5.15,5.51,5.29,4.18,8.80,3.38,5.42,8.86,8.89,7.76,5.34,10.03,3.84,8.72,6.50,3.41,8.91,3.78,4.82,9.63,5.81,9.06,9.31,4.11,8.73,5.33,9.52,3.51,10.40,10.05,5.60,10.75,7.65,4.31,4.93,12.68,5.78,3.91,9.23,3.98,9.12,7.62,8.73,8.27,1.00
7.13,5.09,5.10,7.13,3.93,12.61,6.42,4.30,7.07,4.00,8.19,3.69,4.50,8.31,9.11,5.31,6.37,9.44,12.21,5.90,4.34,3.42,9.60,3.51,7.81,6.64,7.56,4.25,11.68,6.43,4.11,8.45,7.77,4.10,10.11,6.85,6.71,9.60,10.34,4.16,4.61,12.65,5.36,4.41,9.16,7.46,8.63,6.95,7.39,4.93,1.00
5.98,12.22,13.27,5.85,3.94,5.06,7.20,8.43,5.98,3.96,5.16,3.76,4.58,9.12,7.37,5.60,5.34,10.81,5.30,8.60,7.38,3.45,9.91,4.06,9.10,9.40,6.77,9.38,12.18,4.04,7.62,7.79,8.20,8.99,9.98,9.13,6.70,9.91,10.88,4.16,5.19,12.54,5.43,3.91,5.66,3.71,9.92,8.85,6.43,9.63,0.00
5.76,9.15,10.16,3.82,4.00,3.65,7.98,9.19,5.66,5.19,8.47,3.77,4.55,7.17,8.01,4.36,5.19,5.29,12.53,8.00,9.34,3.55,8.56,3.65,4.38,11.37,5.75,4.97,13.16,3.99,7.02,6.18,6.09,7.55,10.36,7.90,7.78,9.20,10.46,4.70,4.83,10.80,5.24,8.26,4.38,4.47,8.83,7.60,8.36,8.76,0.00
5.44,9.71,11.61,4.03,3.69,3.76,7.46,9.12,6.08,4.03,5.44,3.75,6.01,9.55,8.13,4.17,5.10,9.98,3.37,7.78,8.82,7.13,8.97,3.52,5.20,10.66,9.87,4.01,11.85,3.97,6.40,7.46,9.71,4.42,7.61,8.94,7.19,10.14,10.66,3.86,4.51,11.57,4.72,4.47,4.03,4.02,9.21,8.47,9.78,9.31,0.00
5.24,5.71,5.02,6.29,3.58,6.44,4.35,3.85,6.14,3.60,8.59,3.90,4.41,9.24,8.55,6.87,9.97,5.54,12.60,5.57,6.61,3.51,8.57,3.54,5.37,8.01,7.69,4.24,9.63,8.17,5.02,8.45,7.17,6.78,9.73,7.00,8.29,8.63,10.75,9.82,11.58,10.89,4.65,5.91,9.78,6.57,8.16,6.34,9.46,6.50,0.00
6.96,5.17,4.18,3.93,3.75,3.66,11.06,3.94,7.44,4.04,9.83,3.54,5.17,5.49,9.38,4.70,5.18,4.91,3.60,7.22,9.00,10.06,8.59,3.52,4.22,3.97,8.42,3.70,9.33,3.89,4.05,4.76,8.09,3.67,10.18,7.52,7.38,10.03,12.29,4.10,5.08,13.16,6.02,5.45,4.09,3.84,4.37,9.26,4.22,5.69,1.00
5.72,10.82,9.16,4.28,4.12,3.72,4.11,6.89,9.68,5.29,5.10,3.83,5.81,10.46,9.26,4.92,5.49,11.05,10.68,7.06,10.26,3.77,8.29,3.79,5.08,11.88,5.63,4.13,11.36,3.96,4.58,6.37,4.51,7.21,9.57,7.95,7.85,9.91,8.63,3.89,6.83,9.37,5.11,4.34,4.50,5.34,7.61,7.71,12.25,7.97,0.00
4.33,11.47,9.80,3.95,3.91,3.97,5.68,4.29,6.54,4.36,8.43,3.60,4.75,7.13,9.23,4.91,6.33,4.23,10.48,8.85,8.30,3.35,8.48,3.41,8.61,11.78,8.93,7.23,12.50,4.02,9.87,8.45,7.08,3.90,9.48,8.23,8.09,10.14,8.41,4.31,4.94,11.02,3.95,4.24,5.81,5.24,9.82,7.59,9.19,6.12,0.00
7.52,5.65,4.74,4.22,4.90,3.78,7.65,4.01,6.70,11.58,10.40,3.55,5.26,6.27,8.15,6.37,5.60,5.23,4.50,9.96,8.44,9.52,8.70,3.55,4.32,4.11,5.75,7.01,4.72,4.14,4.28,4.67,4.54,3.91,9.60,7.67,4.68,4.86,11.14,7.12,5.19,12.26,5.73,4.02,4.41,4.54,4.64,10.92,4.68,6.05,1.00
6.34,9.30,10.33,4.12,3.97,3.72,5.46,4.27,6.28,4.08,4.56,3.62,5.00,11.44,8.98,4.60,7.25,10.45,3.74,9.57,10.04,3.46,9.04,3.66,4.59,10.23,5.58,3.90,10.93,3.90,4.11,6.35,6.22,5.55,8.42,6.95,4.38,9.62,9.11,5.21,4.27,12.20,4.38,4.40,9.47,4.02,9.19,7.80,7.94,8.62,0.00
5.95,8.51,9.76,5.32,4.11,3.62,9.22,9.65,6.21,4.45,7.65,3.30,4.62,8.16,8.50,5.53,6.32,10.16,10.69,5.06,9.72,3.37,7.97,3.55,9.11,7.47,5.63,6.51,10.07,3.79,9.24,8.02,4.29,4.69,9.97,4.33,8.51,8.88,9.08,4.05,4.98,10.23,5.15,6.54,6.10,11.61,8.44,7.74,7.44,7.18,0.00
6.78,5.98,4.56,5.30,3.90,3.78,5.24,3.80,6.31,3.89,11.34,3.77,6.06,6.41,9.52,4.89,5.44,4.84,3.89,4.85,9.00,10.11,8.44,3.75,4.33,5.69,5.79,9.02,4.40,4.08,3.96,4.98,9.06,3.53,9.84,4.87,7.32,8.82,10.87,4.15,4.99,12.85,6.50,5.97,4.51,4.18,4.41,8.94,4.62,4.64,1.00
8.46,5.66,4.14,4.17,3.89,3.74,5.27,6.85,6.20,5.10,8.87,3.59,5.11,7.31,7.87,8.45,13.18,9.14,4.35,7.24,7.83,3.41,8.28,4.07,4.68,9.07,7.66,3.89,10.37,4.09,4.56,5.01,5.78,3.56,10.51,6.30,6.86,9.39,10.21,10.53,5.46,12.26,5.37,6.74,8.01,5.77,8.28,6.37,8.72,4.98,0.00
4.05,5.68,4.52,6.65,3.83,3.84,4.50,4.28,5.35,4.17,4.87,3.73,5.08,10.55,8.85,4.96,6.70,5.17,3.70,5.48,9.16,3.41,8.66,3.71,4.48,10.63,5.60,9.53,11.00,7.33,4.04,9.33,6.43,3.69,10.51,5.34,6.25,9.89,10.16,4.47,5.09,12.88,3.95,4.06,6.11,3.86,8.69,7.16,11.18,7.64,0.00
6.51,7.72,5.24,6.25,3.99,3.79,10.16,3.84,5.52,3.85,9.59,3.49,5.83,7.68,7.77,8.02,5.40,8.65,11.05,5.01,9.04,3.18,8.90,3.66,4.38,8.35,5.22,8.29,10.80,6.49,8.36,4.79,6.91,3.81,10.14,6.02,6.26,8.45,10.10,9.32,4.47,12.30,4.76,4.47,6.93,6.02,8.76,7.33,8.62,8.77,1.00
7.19,5.69,4.42,4.76,3.99,3.67,11.38,4.04,7.06,3.87,9.69,3.82,6.28,5.97,8.83,6.18,5.17,5.31,3.30,4.87,5.42,8.29,7.65,3.59,4.44,4.23,5.24,8.64,10.36,4.46,4.07,5.00,7.98,7.77,12.66,8.13,8.18,8.32,11.44,6.60,4.63,12.90,5.62,3.91,4.28,11.08,4.46,7.36,4.78,6.80,1.00
8.49,6.27,4.35,7.51,4.14,3.72,4.38,4.09,6.51,4.12,10.18,8.54,6.33,7.18,9.20,6.36,7.06,5.12,3.85,5.06,9.44,3.86,8.05,3.63,5.85,8.20,6.47,4.71,11.26,9.04,4.18,4.37,4.38,7.66,9.96,6.09,4.98,9.70,3.78,4.17,4.87,12.09,7.29,8.01,4.25,10.21,6.49,7.13,4.71,6.71,1.00
5.52,5.70,4.35,5.60,3.86,3.62,7.30,3.89,5.40,3.81,7.95,4.39,5.16,6.59,9.30,5.33,11.04,8.76,3.52,6.47,8.02,3.35,8.88,3.67,4.19,9.47,6.51,8.27,8.40,6.43,3.93,6.21,6.86,4.37,11.32,6.58,8.00,9.91,10.26,4.54,4.61,12.58,3.80,5.39,8.25,3.77,6.71,9.88,8.79,6.26,1.00
8.02,5.53,4.12,5.85,3.78,11.48,4.12,3.81,6.10,6.99,4.50,3.65,6.10,9.04,8.70,8.79,4.93,5.41,13.02,6.68,7.25,3.61,8.24,3.82,4.46,7.04,5.23,4.17,9.11,4.04,4.21,6.62,4.31,3.67,10.65,5.74,4.82,10.02,9.86,4.20,4.86,12.76,6.60,4.93,9.47,4.26,4.38,5.32,7.76,9.02,1.00
6.77,5.00,4.72,3.97,3.96,3.84,5.63,4.07,5.75,3.61,5.37,7.43,5.17,10.76,9.19,5.07,6.49,9.02,10.82,5.62,8.59,3.46,9.19,3.57,5.06,9.35,6.56,4.01,10.19,4.11,4.85,8.58,5.43,4.01,11.19,5.54,5.08,9.71,9.77,6.53,4.98,12.34,5.72,6.82,4.20,4.00,9.93,8.38,11.39,8.53,0.00
6.48,5.40,4.41,6.65,4.06,3.67,5.00,4.11,6.99,3.95,4.73,3.69,4.61,10.23,9.27,4.94,7.24,11.50,10.93,4.71,5.51,3.50,9.45,3.43,5.63,8.42,6.09,3.92,11.54,4.28,3.86,7.00,8.05,3.38,10.27,6.05,4.70,11.15,9.04,9.46,4.61,13.04,4.41,4.03,9.40,9.77,7.18,7.34,6.20,3.46,1.00
5.01,7.53,4.30,4.49,3.75,3.78,4.72,7.88,5.23,5.98,10.54,9.75,5.99,7.15,6.49,7.48,6.37,4.86,6.34,7.27,7.94,3.29,8.72,3.48,4.39,8.68,6.83,6.64,12.52,6.57,5.10,5.17,4.46,7.87,10.70,5.75,9.93,9.63,10.52,4.11,5.54,12.47,4.39,9.47,7.69,3.95,7.34,7.41,6.22,8.10,0.00
7.06,5.42,4.35,3.90,10.80,3.70,4.20,4.14,8.95,11.94,10.02,3.42,5.97,9.98,8.85,6.07,6.96,7.63,3.57,7.32,7.65,9.74,7.38,3.39,4.59,4.84,5.60,7.88,10.24,8.39,4.27,4.59,4.30,3.46,9.61,8.45,6.97,9.14,11.70,4.41,5.28,11.83,5.28,4.04,4.30,10.43,4.45,10.52,4.98,6.55,1.00
4.91,5.55,4.05,6.52,4.02,9.79,6.87,3.96,6.46,5.23,4.39,3.52,4.99,5.55,9.10,5.92,6.90,10.02,11.41,6.08,7.95,6.72,8.41,4.29,6.22,8.66,8.56,3.93,11.18,11.07,4.49,8.17,5.34,3.82,10.42,6.79,9.69,10.14,9.92,6.84,5.04,12.08,5.00,5.44,10.04,10.33,10.46,6.81,6.83,6.93,1.00
8.27,8.27,11.56,4.03,3.99,6.17,9.27,5.25,6.84,3.79,11.16,3.80,5.22,7.76,9.20,6.44,6.00,10.13,3.56,9.82,4.52,3.49,7.96,3.65,5.96,5.53,6.68,4.20,12.68,3.88,6.30,5.59,4.47,5.53,8.35,8.91,5.87,11.46,9.62,4.20,5.00,12.10,3.73,10.15,5.48,3.80,8.42,8.29,5.27,7.63,0.00
5.46,7.81,13.35,3.97,3.83,4.02,8.19,4.12,5.34,6.38,4.77,3.78,4.97,6.50,4.96,4.90,6.68,9.68,3.69,4.61,8.51,3.52,9.12,3.60,6.13,7.83,5.71,7.99,11.47,4.30,10.32,5.29,5.75,4.15,12.08,8.95,7.14,9.48,10.08,10.00,4.88,11.79,4.48,6.50,4.37,3.97,8.86,8.55,4.57,6.69,0.00
6.84,11.80,4.66,3.97,4.06,3.69,9.32,6.45,4.87,8.33,4.94,8.23,5.25,6.03,8.44,4.70,5.83,10.40,3.68,7.88,7.59,3.59,9.42,3.81,11.38,8.19,7.67,4.19,12.27,3.94,7.11,9.79,8.14,8.85,8.54,8.88,8.79,8.21,7.10,4.18,4.82,11.37,4.84,6.47,4.29,3.90,9.59,5.73,4.91,4.33,0.00
6.89,10.50,5.97,3.74,3.79,3.75,8.42,8.28,5.58,3.99,6.52,3.80,4.68,6.19,8.44,5.41,5.51,9.92,9.52,8.99,9.57,3.32,9.33,3.58,11.41,9.74,7.16,6.14,13.29,3.91,4.12,11.42,7.75,5.55,6.80,8.96,8.17,10.51,7.43,4.30,4.73,10.94,5.01,5.84,4.40,4.09,9.49,6.79,4.58,5.35,0.00
4.19,6.36,9.58,5.62,3.72,3.80,6.42,4.29,6.79,3.99,7.88,3.79,5.41,10.46,8.50,5.54,7.00,8.02,10.95,5.10,10.49,3.43,7.73,3.45,7.30,8.29,5.96,7.65,12.20,3.94,4.89,5.86,6.06,7.08,9.52,6.32,5.63,9.26,10.03,4.13,5.43,11.87,4.24,5.26,6.37,8.34,9.24,7.96,11.13,8.62,0.00
6.03,9.03,5.93,4.04,3.73,3.75,6.05,11.27,5.67,9.45,5.59,3.80,4.59,7.83,9.88,5.26,5.00,4.61,3.58,8.22,11.56,3.46,9.60,3.88,8.09,10.85,6.30,3.90,12.92,4.17,7.24,10.25,7.03,4.36,9.43,7.65,7.32,4.71,7.70,4.06,4.86,10.83,5.94,3.72,4.22,3.95,4.73,7.07,5.44,9.56,0.00
6.33,11.23,9.96,3.80,3.75,3.60,10.02,8.00,5.45,3.79,10.15,3.66,4.80,8.81,8.23,5.46,4.95,10.44,7.75,5.24,9.65,3.42,9.32,3.60,4.70,7.28,9.67,9.19,12.44,3.88,5.71,9.02,6.97,7.42,9.09,8.33,6.88,10.01,10.02,3.85,4.73,11.17,3.86,4.39,4.35,3.79,8.88,7.60,5.29,4.87,0.00
7.03,11.96,5.47,4.12,3.77,4.02,4.19,7.58,5.53,3.99,6.25,3.96,4.95,9.00,8.17,4.33,6.06,10.96,10.25,6.92,8.70,3.40,9.01,3.67,6.55,10.89,5.78,5.08,11.22,4.02,4.44,7.84,5.53,8.06,9.27,7.70,8.81,9.93,10.41,4.07,4.87,11.43,5.75,6.53,5.46,3.89,9.50,7.42,6.23,7.31,0.00
8.84,11.24,11.86,6.79,4.11,3.71,11.82,8.00,6.06,3.82,10.08,3.20,6.10,6.89,8.40,6.11,4.82,9.76,6.25,7.77,7.10,3.65,8.82,3.50,7.30,8.66,5.77,9.15,10.74,4.03,8.26,7.01,9.08,3.85,7.80,10.87,8.05,9.36,10.68,4.73,5.92,11.97,5.09,4.59,6.49,5.27,8.52,7.77,9.97,10.04,1.00
6.79,11.16,7.76,4.18,3.76,3.80,4.44,4.98,4.98,4.21,10.50,3.64,4.39,6.60,8.59,6.65,6.88,6.46,4.45,5.25,8.52,3.54,8.47,3.58,4.61,9.35,5.25,6.26,10.16,3.93,4.39,4.77,7.79,3.57,8.03,8.98,7.11,9.70,9.11,4.29,5.30,11.76,5.69,3.62,4.36,9.87,4.79,9.26,6.56,6.60,1.00
7.78,7.31,5.10,4.62,4.49,3.87,6.04,6.77,6.12,3.97,9.39,4.04,5.32,6.00,7.78,6.33,6.87,5.05,3.65,9.50,8.65,3.21,8.42,3.59,8.17,7.93,7.27,9.57,13.29,7.64,4.55,7.66,4.45,3.48,6.80,6.95,10.44,9.91,10.47,4.11,5.02,12.72,6.42,8.95,6.57,4.36,7.32,6.87,9.48,3.94,0.00
6.71,5.74,5.07,4.46,4.45,3.73,4.25,4.17,5.85,3.93,10.92,3.68,7.09,6.77,9.48,6.64,6.78,8.65,12.23,6.82,4.69,3.36,8.02,3.60,10.52,8.99,5.86,3.77,13.14,11.96,4.11,5.03,4.37,10.36,9.95,4.28,4.74,9.80,6.58,4.07,4.79,11.39,5.88,4.00,4.37,11.68,4.49,8.40,9.13,6.92,1.00
6.47,5.53,4.21,6.86,3.81,12.62,8.27,4.03,5.67,8.19,4.67,3.77,5.83,6.69,8.63,7.82,9.34,8.75,12.14,4.97,7.94,3.54,9.13,3.62,5.66,5.76,5.76,4.42,7.69,5.98,4.26,4.58,5.15,8.47,10.58,6.71,9.68,10.12,9.57,9.08,4.94,13.23,4.03,4.09,8.72,9.08,6.07,6.45,7.84,7.14,1.00
7.10,5.64,4.52,4.28,11.45,3.97,4.50,4.12,8.14,3.87,5.01,3.98,7.37,5.59,9.27,4.80,5.60,7.54,4.55,9.09,8.11,3.82,8.53,3.85,5.02,4.16,5.99,10.55,7.24,5.18,4.38,6.08,4.51,3.85,8.72,5.86,4.99,9.19,10.87,8.83,4.77,12.99,4.22,3.81,4.76,4.17,4.38,8.48,4.76,8.88,0.00
7.13,5.27,8.57,6.62,3.93,3.80,8.70,3.81,6.35,3.66,4.51,3.55,5.43,6.66,8.77,8.08,10.07,9.88,3.59,7.50,9.37,3.46,9.10,3.55,4.44,9.94,7.04,3.58,9.75,8.21,4.06,4.58,7.33,5.30,11.40,7.55,7.32,9.45,10.13,6.61,4.32,13.36,6.76,5.84,4.09,4.62,6.96,8.20,7.57,7.10,1.00
3.62,6.05,4.07,4.93,3.82,11.45,4.21,5.48,5.34,5.29,10.25,3.55,4.85,8.68,9.35,6.77,7.93,9.04,11.06,5.73,8.72,3.45,8.27,3.72,6.88,7.54,5.30,3.62,10.78,4.61,4.21,6.16,6.06,3.66,10.36,5.98,8.05,9.32,8.66,4.63,8.65,13.15,4.13,5.24,6.05,5.75,7.34,6.45,10.15,6.64,0.00
5.26,5.56,5.46,7.37,4.05,13.23,4.42,4.07,6.49,3.75,4.93,3.69,4.86,7.17,8.99,6.66,5.68,10.28,12.04,6.94,4.82,3.38,7.69,3.55,7.72,7.93,7.03,8.10,10.64,9.89,4.11,6.05,7.34,3.77,9.76,8.24,8.41,8.79,11.34,4.06,13.25,10.93,6.20,4.11,10.86,5.04,9.01,6.14,8.26,5.58,1.00
5.25,5.46,5.60,6.24,4.19,11.06,4.05,4.03,6.39,4.53,4.98,3.73,4.95,8.72,9.09,5.64,5.99,9.68,11.81,5.69,4.28,3.46,7.54,3.95,5.61,8.34,7.35,9.69,10.29,5.61,4.45,9.37,7.08,4.04,10.38,7.59,8.12,9.00,11.03,4.06,9.21,11.11,6.37,4.01,10.51,3.84,7.66,6.81,9.20,6.68,1.00
5.81,7.92,4.59,6.05,4.17,4.42,4.82,3.99,5.95,4.18,5.04,3.79,6.17,7.69,8.95,4.61,11.72,5.24,4.07,6.20,8.81,3.30,8.16,3.96,4.66,7.56,6.70,4.64,11.60,6.55,4.70,9.99,8.00,5.43,11.23,4.81,7.51,8.72,10.70,4.78,5.12,12.02,4.99,5.83,4.24,3.93,4.48,9.21,8.95,4.81,0.00
7.81,5.80,4.48,4.04,3.68,3.86,4.38,4.01,7.83,4.14,11.88,3.70,5.06,6.02,4.23,8.09,6.04,5.12,3.80,11.34,6.95,7.02,8.64,3.70,5.20,4.20,5.92,4.20,7.61,4.03,4.46,5.22,4.71,3.40,4.10,6.08,9.01,7.45,11.00,9.68,5.12,12.58,5.62,3.96,4.64,4.05,4.32,7.62,4.35,3.26,0.00
6.57,9.89,4.45,4.27,3.98,3.73,9.12,11.15,9.97,8.98,4.54,3.63,5.82,8.10,8.97,7.33,5.14,4.81,3.62,4.92,8.57,3.33,9.67,5.53,4.52,10.31,6.09,4.08,12.79,4.15,5.91,4.59,7.12,4.22,9.90,7.93,8.55,3.74,3.69,3.72,7.03,12.51,6.25,3.93,4.15,3.89,7.69,7.28,4.67,8.19,1.00
8.54,5.48,4.19,5.03,3.83,3.83,5.10,3.75,5.75,3.97,10.28,3.74,5.28,5.79,8.25,8.63,7.14,9.20,7.59,8.06,7.42,3.46,10.33,3.49,4.73,4.16,5.19,4.06,12.21,9.07,3.84,4.98,5.15,6.22,10.38,5.43,8.17,9.69,3.48,4.09,4.57,12.80,7.13,8.41,4.73,5.89,4.45,8.30,11.07,4.62,1.00
6.12,5.42,4.42,5.96,3.90,3.66,6.27,3.75,5.55,4.11,8.23,3.83,5.55,6.54,9.09,5.07,11.59,4.87,3.69,5.00,7.72,3.57,9.87,3.53,4.59,9.76,7.04,8.91,6.46,7.88,4.30,7.56,8.70,3.49,11.40,6.08,7.45,9.80,10.19,6.57,6.00,12.87,4.31,4.02,6.14,3.88,4.18,7.56,9.91,5.64,1.00
7.68,9.90,11.20,5.62,3.96,7.69,6.34,6.76,6.07,7.03,10.22,3.72,5.03,6.24,8.74,7.92,5.68,9.67,13.26,9.70,5.40,3.51,9.12,3.46,4.83,8.99,6.46,9.23,11.44,4.22,4.16,5.17,7.12,4.95,10.61,8.15,7.64,9.86,10.14,6.21,5.18,11.83,6.19,5.81,9.48,9.67,6.85,8.67,7.17,5.16,1.00
6.88,5.35,4.61,5.58,3.90,4.02,8.60,3.82,6.28,3.99,6.71,3.67,4.94,9.17,9.66,7.28,5.20,9.49,10.19,5.07,8.29,3.18,8.37,3.96,4.80,7.24,5.52,4.18,11.84,4.21,4.78,4.81,5.85,3.65,10.57,6.83,6.04,9.08,10.08,3.97,11.18,12.64,5.60,6.21,4.69,5.74,8.36,8.40,8.35,7.74,1.00
4.50,5.27,4.52,5.82,3.87,3.61,3.92,4.26,5.68,3.82,4.57,8.20,4.89,7.39,7.61,4.77,7.48,5.86,12.01,5.48,7.99,3.45,8.84,3.59,4.55,8.89,7.70,3.97,11.83,6.91,3.93,7.63,4.43,9.65,9.11,4.64,10.15,8.79,3.70,3.82,7.84,12.69,5.86,7.64,6.80,4.32,8.55,6.73,10.14,8.63,0.00
7.68,6.23,4.87,4.26,3.72,3.95,4.67,8.38,4.82,4.44,10.64,8.89,5.63,6.29,7.91,4.54,7.47,4.76,10.59,7.44,6.67,3.77,8.92,3.90,6.05,8.20,5.23,4.33,12.11,8.43,8.85,6.10,4.73,9.23,11.16,4.43,4.32,10.16,8.97,4.26,4.65,11.19,6.51,5.28,4.43,4.77,6.71,6.60,6.24,6.27,0.00
6.06,5.99,4.57,4.94,4.28,3.86,4.12,4.00,6.82,4.13,5.52,4.74,6.49,7.44,9.21,5.25,8.52,4.63,9.55,6.07,7.21,3.25,8.48,3.49,10.35,9.38,5.86,3.89,12.62,5.26,4.85,7.93,7.65,8.08,9.69,5.17,4.98,9.98,9.88,4.28,4.89,11.54,6.57,6.91,6.07,4.34,8.82,6.42,11.32,6.96,0.00
8.79,5.78,4.49,4.43,4.35,4.04,5.31,3.87,4.99,3.88,10.48,3.62,6.20,6.57,6.47,4.85,9.07,9.35,3.75,7.20,5.21,3.44,7.99,3.62,5.67,8.72,5.82,4.15,11.55,9.06,5.55,6.04,6.04,4.36,11.15,4.17,7.33,10.64,5.94,4.27,5.05,12.65,5.56,5.13,4.44,9.37,6.33,8.17,4.85,6.54,1.00
7.21,5.47,4.93,6.73,3.68,3.90,7.19,3.85,6.19,3.82,5.84,3.50,4.67,6.14,4.45,8.27,10.13,4.74,3.59,5.75,4.63,3.19,8.55,3.65,4.48,6.42,5.69,4.05,9.62,4.17,4.09,4.77,6.13,3.39,9.49,6.80,8.31,9.64,11.41,4.10,4.67,12.89,6.06,5.98,7.41,5.05,7.86,9.11,4.88,4.76,1.00
7.68,5.44,3.98,4.10,6.81,3.95,4.28,4.17,7.47,7.44,9.60,4.01,6.61,8.34,7.23,8.01,5.36,5.26,4.03,8.90,6.03,4.03,7.98,3.84,4.92,4.08,5.44,4.89,7.72,4.11,4.36,5.25,4.23,3.58,9.95,8.47,5.30,8.43,11.14,6.35,5.04,12.81,4.57,4.54,4.57,3.98,4.63,9.06,9.02,4.09,0.00
5.10,5.95,4.23,6.66,3.59,4.12,4.27,4.01,6.90,4.27,11.63,3.64,6.19,7.94,9.05,9.72,6.18,9.50,10.80,5.28,11.22,3.55,9.53,3.48,4.36,11.27,5.94,7.58,10.69,3.71,4.56,5.26,5.08,3.63,10.26,7.72,7.12,9.48,8.82,3.86,13.83,13.53,3.76,4.05,5.02,4.99,7.19,10.78,10.24,8.48,1.00
8.18,6.11,4.70,4.64,3.90,3.66,9.57,3.74,8.34,8.29,10.26,3.64,6.80,9.49,10.33,7.91,5.14,5.06,3.31,8.60,7.33,9.16,8.12,3.45,4.59,9.08,6.74,8.43,8.46,4.14,3.85,5.00,5.24,3.98,10.64,6.40,4.39,8.15,10.44,4.18,4.60,13.37,5.53,6.02,4.42,5.53,4.62,8.59,5.03,5.35,1.00
6.49,5.74,4.45,3.90,12.48,3.83,8.08,3.91,5.91,3.80,7.14,6.30,8.01,6.06,9.41,4.96,7.08,5.40,3.64,5.96,6.24,9.80,7.54,3.43,4.44,4.16,6.05,9.29,10.38,11.16,4.17,5.15,4.50,3.70,8.69,6.12,8.78,9.32,10.77,7.64,4.65,11.87,4.75,3.86,4.24,11.81,4.68,11.44,4.86,6.69,1.00
6.26,5.38,4.10,4.12,8.68,3.70,8.48,3.93,6.54,4.07,4.83,3.72,6.98,8.96,10.09,5.66,8.37,4.83,3.88,4.74,9.40,7.13,9.35,3.70,5.08,7.45,8.57,4.17,5.00,6.14,4.24,5.09,4.30,3.70,3.63,5.02,9.27,7.96,10.28,7.39,4.68,12.52,4.47,5.28,4.60,8.68,8.68,6.97,5.38,4.78,0.00
5.83,6.10,4.36,4.04,9.89,3.75,4.49,3.97,4.93,4.84,8.80,4.20,6.26,7.72,9.35,8.14,5.92,4.80,6.84,7.93,8.54,9.68,8.23,3.82,4.47,6.25,5.80,4.32,5.10,3.97,4.04,6.23,4.65,3.50,9.94,4.84,4.45,9.63,11.39,8.13,5.79,12.75,3.79,6.93,4.56,7.81,4.70,7.05,4.71,6.62,0.00
8.43,5.59,4.82,3.81,9.31,3.66,8.02,4.05,6.13,5.69,10.97,3.46,6.42,8.04,8.75,6.28,4.88,4.59,10.49,5.07,5.64,8.31,8.70,3.69,4.67,6.27,5.47,6.72,7.09,4.01,4.30,5.21,6.47,3.69,9.98,8.23,7.02,8.86,10.97,3.98,4.78,13.21,7.48,3.91,4.29,3.91,4.55,8.81,10.96,4.58,1.00
6.46,5.31,4.40,4.74,3.86,3.78,10.44,3.84,6.21,3.95,12.16,3.63,6.14,9.06,9.46,6.71,5.80,4.78,10.41,5.62,8.49,10.28,8.99,3.66,4.29,7.28,5.24,10.55,6.12,3.97,3.99,4.70,8.48,4.86,10.33,6.42,9.75,9.52,10.54,8.05,10.50,13.13,5.43,3.88,4.78,7.54,7.78,8.34,4.84,6.16,1.00
6.36,5.62,4.29,4.40,11.40,4.20,4.35,4.06,5.70,10.94,10.52,3.88,6.67,5.79,9.50,4.85,8.28,5.62,3.95,8.40,7.52,9.63,8.33,3.90,4.78,4.30,5.79,6.33,4.27,4.56,4.22,4.82,4.65,3.51,7.70,6.67,9.06,8.95,10.98,4.04,5.01,12.96,4.05,4.32,4.58,9.49,4.85,11.20,4.68,7.10,1.00
7.41,5.49,4.21,4.93,3.92,3.76,6.70,4.03,4.84,3.98,9.66,3.63,4.17,6.36,8.29,7.60,9.92,8.78,3.88,7.04,7.74,3.49,9.70,3.58,4.64,6.52,5.56,3.84,11.55,4.15,4.25,4.84,6.17,4.40,9.50,4.95,9.43,8.89,10.08,3.99,6.28,12.06,5.31,7.48,4.49,3.99,4.60,7.04,10.13,3.54,0.00
7.29,5.34,4.70,4.32,8.94,3.75,12.56,3.78,6.53,3.65,8.13,3.78,6.85,6.05,9.23,5.61,5.15,4.92,3.95,6.84,9.43,10.84,9.05,3.62,4.17,8.11,6.79,9.40,8.09,6.40,4.19,5.49,9.45,3.46,10.23,6.63,7.17,8.73,11.90,4.06,4.97,12.90,4.77,3.70,4.30,4.11,4.89,8.03,4.58,4.75,1.00
5.03,5.90,4.81,4.26,3.97,3.70,4.37,5.66,7.25,6.26,9.24,3.83,5.74,6.04,9.20,6.57,7.97,9.30,11.94,7.17,8.39,3.35,7.80,3.66,5.24,6.49,5.81,4.52,7.07,4.17,4.28,5.35,6.73,3.76,10.30,4.21,7.90,7.86,10.50,6.08,4.74,12.63,5.07,5.20,4.88,4.41,4.53,7.50,4.86,9.08,1.00
8.65,6.00,4.17,4.39,3.91,3.93,4.12,4.37,5.53,4.28,4.54,4.18,8.13,7.22,9.47,5.07,6.79,9.43,4.10,5.96,9.03,3.61,8.32,3.74,4.88,5.62,7.66,3.98,9.15,11.28,4.36,4.75,4.41,3.75,10.00,4.06,6.87,8.42,10.10,6.91,4.92,12.30,4.45,4.51,4.97,11.58,4.66,6.98,4.71,8.55,1.00
4.01,11.18,9.69,4.33,3.77,3.83,4.38,4.61,7.96,4.84,4.52,3.75,4.77,8.74,8.87,4.95,10.38,5.58,12.07,7.67,9.27,3.40,8.66,3.79,4.91,11.47,5.51,8.10,11.39,4.27,5.36,7.28,8.97,3.50,6.92,7.84,8.23,8.96,8.81,3.87,5.61,10.77,4.35,4.09,6.46,4.29,9.30,6.99,9.64,7.55,0.00
7.44,5.79,4.24,4.35,3.86,3.73,9.53,3.84,6.75,3.91,10.26,3.82,6.57,6.32,9.24,4.53,4.90,5.12,3.65,5.77,8.29,11.37,9.08,3.74,4.31,5.00,7.21,9.86,7.92,6.56,4.17,6.39,10.43,3.57,11.20,6.51,7.79,7.83,12.26,4.25,4.88,12.71,7.35,4.48,4.68,4.10,4.48,8.80,4.64,6.05,1.00
0.00,0.00,0.00,0.00,0.00,0.00,0.00,0.00,0.00,0.00,0.00,0.00,0.00,0.00,0.00,0.00,0.00,0.00,0.00,0.00,0.00,0.00,0.00,0.00,0.00,0.00,0.00,0.00,0.00,0.00,0.00,0.00,0.00,0.00,0.00,0.00,0.00,0.00,0.00,0.00,0.00,0.00,0.00,0.00,0.00,0.00,0.00,0.00,0.00,0.00,0.00
0.00,0.00,0.00,0.00,0.00,0.00,0.00,0.00,0.00,0.00,0.00,0.00,0.00,0.00,0.00,0.00,0.00,0.00,0.00,0.00,0.00,0.00,0.00,0.00,0.00,0.00,0.00,0.00,0.00,0.00,0.00,0.00,0.00,0.00,0.00,0.00,0.00,0.00,0.00,0.00,0.00,0.00,0.00,0.00,0.00,0.00,0.00,0.00,0.00,0.00,0.00
5.91,5.79,4.78,3.81,3.72,3.63,7.43,7.50,5.34,4.73,4.71,3.74,7.27,7.06,8.70,4.73,5.01,10.04,3.86,6.84,8.54,3.40,9.39,3.61,8.77,9.74,8.76,9.18,12.73,4.03,4.37,5.41,5.41,9.00,10.21,4.91,7.78,9.94,11.06,5.34,4.91,11.22,6.40,3.94,4.44,6.16,9.69,8.34,6.53,9.63,0.00
5.45,5.97,4.64,5.78,3.98,13.11,6.40,3.90,4.77,3.82,9.63,3.53,3.86,8.09,8.06,7.78,7.53,9.26,11.99,6.53,6.14,3.33,8.46,3.55,4.46,6.24,6.54,3.93,11.47,10.47,4.12,6.76,8.67,6.08,9.11,6.73,8.37,9.31,10.19,3.87,5.24,11.16,5.20,4.98,8.75,4.99,8.86,8.08,7.90,7.80,1.00
6.18,5.93,5.04,4.06,4.25,3.95,10.32,4.17,5.97,3.79,9.69,3.70,6.65,5.84,9.15,5.39,7.66,5.19,4.52,5.18,8.43,9.17,8.58,3.68,4.55,4.27,10.34,8.09,7.28,4.64,4.35,5.20,7.06,3.74,10.74,6.86,6.48,9.48,11.05,6.81,4.64,12.50,7.18,4.19,4.42,4.14,4.34,8.41,5.93,5.96,1.00
6.64,11.07,4.27,4.80,3.73,3.73,4.01,3.93,7.63,8.18,6.00,3.47,5.63,6.54,7.65,6.30,10.30,5.01,12.91,6.44,7.33,3.25,8.91,3.68,4.83,9.62,5.95,3.88,12.37,4.20,5.45,5.21,9.47,3.52,9.76,8.57,6.88,8.47,3.68,8.58,4.67,11.40,4.61,7.02,4.34,8.42,6.43,8.22,6.97,6.58,1.00
6.12,9.68,12.09,5.52,3.96,3.84,4.14,4.04,6.13,3.95,7.18,3.54,4.85,6.56,8.13,4.54,6.44,4.45,4.42,8.72,5.90,6.15,8.90,3.66,4.33,10.09,5.63,3.86,11.07,4.01,4.14,7.10,9.62,4.53,10.27,8.51,7.65,9.00,9.53,4.57,5.04,12.43,4.70,3.93,5.30,4.39,7.70,6.40,9.51,6.67,0.00
5.20,9.50,7.17,4.64,3.88,7.44,4.67,4.21,9.44,5.80,9.41,3.89,4.36,7.04,8.79,4.51,7.23,5.21,10.04,8.80,7.42,3.40,8.28,4.20,5.49,11.64,5.16,3.92,11.08,5.20,13.66,5.62,7.13,3.77,9.84,7.68,8.51,10.87,9.39,4.35,8.27,12.96,4.41,6.31,6.56,4.03,7.79,6.58,9.30,5.62,0.00
3.95,5.87,4.15,4.17,4.09,7.62,3.75,4.16,6.78,4.59,4.70,3.90,5.15,6.11,9.55,5.13,9.34,10.53,13.12,7.56,7.94,3.65,7.23,4.15,4.74,9.68,5.38,4.49,11.61,8.48,6.25,5.11,7.40,3.33,9.48,4.25,9.28,9.83,5.01,4.09,4.85,13.10,4.23,5.29,4.52,10.11,5.64,6.20,6.61,5.31,1.00
6.18,5.70,4.52,3.68,4.27,3.85,4.16,3.91,7.23,3.88,4.74,3.82,6.68,7.36,9.54,7.07,5.50,4.94,3.72,5.68,6.64,3.63,7.98,3.81,4.72,4.19,5.41,4.19,7.10,4.32,4.17,4.39,4.79,3.84,9.72,5.26,8.29,9.39,8.50,4.09,5.06,12.01,4.13,4.15,5.56,12.30,4.73,6.54,4.43,7.35,1.00
7.39,9.93,8.62,4.40,4.01,3.86,11.99,6.46,5.76,4.00,7.60,3.77,4.82,8.18,9.10,5.03,5.16,5.01,6.10,7.28,9.86,3.41,10.40,3.44,11.07,9.79,6.85,4.61,12.00,4.03,6.14,6.73,9.18,4.86,8.92,9.49,7.88,10.64,10.13,4.22,5.12,10.92,5.21,4.01,4.55,4.08,4.23,8.71,9.88,9.18,0.00
6.39,9.10,4.28,4.84,4.35,4.03,4.78,9.01,7.35,8.96,4.49,4.10,8.30,7.58,7.80,4.77,5.85,5.17,3.61,5.09,9.30,3.47,10.30,3.51,4.93,10.83,6.21,3.90,13.35,3.94,7.99,9.34,9.00,7.40,8.92,6.85,9.34,4.30,6.60,4.19,4.94,11.28,7.67,3.93,4.57,4.48,4.43,6.93,4.78,8.58,1.00
6.75,5.88,5.19,5.73,3.85,3.96,3.77,3.96,5.56,6.99,8.58,3.44,5.38,8.81,8.90,8.08,8.41,8.89,9.65,7.55,9.23,3.43,8.35,3.57,4.63,10.20,6.97,9.19,10.85,4.34,4.13,4.80,5.36,3.95,10.41,6.98,6.59,8.99,9.04,4.35,4.63,12.65,4.86,4.64,5.02,3.83,6.40,8.33,10.62,7.54,1.00
7.00,5.64,4.55,4.29,8.38,3.80,4.02,4.21,5.88,11.18,9.96,3.65,5.67,9.32,4.46,5.87,6.32,5.24,3.20,9.77,8.67,5.15,8.93,3.97,4.34,4.09,5.37,4.46,4.54,3.97,4.32,7.48,4.11,3.45,3.57,6.55,4.62,8.02,10.71,6.50,5.05,12.88,5.70,4.18,4.26,4.15,4.32,9.54,4.83,7.67,0.00
7.04,8.67,4.66,4.24,4.12,4.08,3.93,10.96,5.73,6.75,5.83,4.02,4.60,6.03,7.91,4.55,6.50,12.01,4.40,5.35,8.40,3.72,8.94,4.18,8.65,4.07,5.40,4.09,10.62,4.19,4.09,11.47,5.60,8.75,10.73,8.39,7.79,8.78,11.02,5.11,4.98,10.97,3.82,4.99,4.46,6.07,4.36,6.45,4.71,5.86,0.00
8.03,5.96,5.52,3.78,3.76,13.05,9.07,4.06,6.49,8.18,10.14,4.01,6.40,6.82,9.16,7.57,12.49,7.63,11.01,8.55,6.03,3.55,8.62,3.59,6.25,5.64,5.80,8.25,10.89,8.44,8.93,6.89,6.57,3.80,10.15,6.81,9.09,9.23,9.54,4.76,5.34,13.10,6.96,6.52,7.37,4.03,8.19,7.80,8.54,5.15,1.00
6.70,8.88,7.36,3.90,4.22,3.91,9.13,5.57,5.25,8.38,4.64,3.30,5.00,5.79,9.24,4.65,6.06,9.84,3.90,5.38,7.79,3.50,7.57,7.59,11.11,6.53,6.63,9.66,12.29,3.90,4.28,9.68,6.93,6.15,8.28,9.58,8.12,9.19,10.95,4.62,4.78,10.57,5.02,5.08,4.61,4.04,5.89,6.31,4.67,4.27,0.00
5.86,5.71,4.86,4.99,3.96,3.84,5.66,3.74,6.12,3.86,4.72,3.63,5.12,6.20,9.95,4.52,8.79,4.81,6.88,4.98,11.27,3.21,9.84,3.76,4.99,10.25,7.85,4.26,9.03,7.51,4.31,11.03,10.61,3.63,10.73,5.26,4.13,10.25,10.31,7.36,7.62,12.45,6.12,4.59,4.60,5.34,7.57,7.91,9.63,6.71,0.00
7.09,8.96,4.81,3.89,4.17,3.94,8.30,8.20,6.48,3.90,5.61,3.54,6.05,7.02,10.09,3.95,5.89,4.86,3.51,5.58,7.50,3.34,10.36,3.48,10.21,8.70,5.57,6.26,12.57,3.94,10.03,6.49,8.25,3.38,8.82,11.43,7.74,9.37,8.36,3.84,4.90,12.92,6.43,7.11,6.80,3.90,7.46,7.69,4.35,6.91,1.00
6.91,5.45,4.62,3.82,9.08,3.68,9.79,3.66,5.97,9.30,9.76,3.80,5.18,5.84,8.99,5.83,8.97,4.83,3.53,6.12,7.60,10.11,8.56,3.46,4.68,4.37,6.06,6.53,7.88,8.59,3.96,4.43,4.43,3.63,10.37,7.62,9.40,9.06,10.94,6.90,4.66,12.29,5.03,4.42,5.03,10.23,4.55,10.61,4.62,7.09,1.00
6.80,5.80,4.05,4.15,5.23,4.00,9.47,3.85,5.60,9.86,11.44,3.75,4.68,6.18,9.39,5.40,8.23,8.92,6.59,5.39,8.49,6.97,8.36,3.74,3.95,4.17,8.28,9.08,5.67,4.32,4.14,4.89,5.76,4.04,10.74,5.11,6.63,7.33,10.60,4.31,5.08,12.79,4.87,4.19,4.37,5.86,4.57,8.85,7.44,5.46,1.00
4.65,5.71,4.04,7.04,4.34,4.34,6.24,4.15,6.38,6.51,4.71,3.79,6.28,5.97,8.75,5.74,11.61,8.69,3.82,10.37,8.94,3.56,7.80,12.84,4.62,5.27,5.90,3.73,9.99,4.14,4.17,6.57,4.51,3.63,9.72,7.05,5.33,10.00,9.71,4.17,4.80,12.80,5.05,4.61,10.67,7.62,6.48,7.86,5.00,4.81,0.00
3.99,6.54,4.27,3.79,4.20,3.77,5.87,3.84,6.05,4.01,4.77,3.62,5.54,6.86,9.07,4.41,8.94,4.80,3.58,5.39,9.19,3.95,8.61,3.87,4.66,10.06,7.18,4.27,8.12,4.41,4.26,6.11,8.83,5.01,11.98,4.63,7.57,9.23,9.77,7.31,11.73,12.90,4.12,5.58,4.32,4.16,7.63,8.62,8.78,5.28,0.00
7.28,5.33,4.49,4.04,10.64,3.85,4.21,4.23,9.83,8.39,11.18,3.83,5.14,7.19,4.36,6.34,5.11,5.19,3.83,6.08,9.05,7.83,8.58,3.58,4.55,4.35,6.38,8.44,5.52,8.85,4.35,4.70,4.47,3.48,9.55,7.87,4.51,8.44,11.04,4.06,4.63,12.94,4.24,4.25,4.34,4.97,4.61,12.15,4.68,6.46,1.00
7.25,5.68,4.15,4.42,12.08,8.50,7.10,3.88,6.76,4.13,5.03,3.68,5.34,6.19,8.39,4.86,6.37,5.07,4.85,7.98,8.88,7.75,7.74,3.86,4.68,4.13,7.03,9.18,7.37,4.92,4.24,6.35,4.43,3.77,10.53,5.12,6.67,9.34,10.36,6.43,4.94,12.98,4.81,3.94,4.56,4.80,4.34,8.79,4.75,8.59,0.00
5.89,5.58,4.88,7.66,3.87,10.13,4.26,4.09,6.82,4.10,4.68,3.92,4.80,7.71,8.49,7.02,5.41,10.91,9.17,6.37,7.31,3.62,9.23,3.65,4.16,5.58,6.37,4.19,12.55,6.93,4.23,7.19,7.55,7.84,10.34,7.35,6.35,9.11,11.48,12.09,5.67,12.44,6.88,4.49,5.21,3.92,9.60,8.02,9.29,6.40,0.00
7.93,5.49,4.49,4.02,7.80,3.93,8.61,3.63,7.16,4.09,6.23,3.67,6.81,7.70,9.43,4.84,5.34,5.13,3.67,6.97,7.66,11.04,8.78,3.87,4.29,8.84,6.55,9.62,6.49,4.18,4.34,4.94,6.37,4.03,9.31,6.69,4.51,8.15,10.80,7.11,4.67,12.76,5.34,4.34,4.22,4.62,4.67,8.61,4.77,3.85,1.00
6.31,5.38,4.72,3.92,5.52,3.80,7.66,3.92,6.82,3.88,9.54,3.84,6.82,7.44,9.09,6.03,5.19,4.82,4.02,5.27,7.77,10.30,8.27,3.56,5.05,5.17,8.54,9.66,6.22,7.90,4.19,5.17,7.46,5.20,9.36,4.23,4.56,8.34,11.73,3.93,5.67,12.78,6.59,4.05,4.19,6.09,4.50,8.93,4.55,4.95,1.00
5.48,5.83,4.68,5.46,4.06,7.83,4.57,4.21,5.74,4.22,9.26,3.78,5.42,8.38,9.12,6.63,6.73,9.69,11.52,6.64,8.23,3.62,8.04,3.68,4.87,10.08,5.42,7.58,10.20,4.24,4.36,8.48,6.10,3.75,10.71,5.57,7.67,8.56,9.92,3.97,11.39,12.56,4.32,4.23,8.13,5.45,8.39,9.16,8.68,8.84,1.00
10.01,6.12,8.22,4.90,3.77,3.84,5.75,6.56,5.75,3.53,10.22,4.10,5.34,6.27,7.66,8.63,9.41,8.92,12.06,9.24,6.34,3.22,9.17,3.35,4.61,6.44,5.24,4.36,11.59,4.06,4.09,5.03,5.51,10.80,8.20,5.66,8.27,9.42,10.83,7.94,4.86,12.49,5.68,9.63,4.57,4.47,4.87,7.87,9.12,5.44,0.00
6.52,9.65,7.78,4.01,3.86,3.73,4.96,6.21,6.04,3.71,7.11,3.52,4.37,8.91,8.87,5.38,6.50,10.32,8.27,7.42,8.92,3.60,9.16,3.74,7.42,10.84,5.98,10.51,12.37,4.03,4.59,7.71,4.54,4.20,9.41,7.08,7.38,9.54,9.86,4.13,5.12,11.62,5.51,4.10,4.45,4.03,8.31,7.23,9.63,6.26,0.00
7.89,5.60,4.85,4.29,3.61,3.84,4.31,3.99,4.80,10.46,4.63,3.56,6.20,9.41,8.16,9.06,6.32,10.13,4.52,5.49,7.15,3.54,8.89,3.66,4.75,8.60,5.73,4.03,11.49,3.83,4.27,5.20,5.73,3.38,10.87,7.02,8.84,9.68,11.08,4.03,4.79,13.06,4.07,4.17,4.79,5.02,10.14,7.42,8.37,6.95,1.00
5.48,5.73,5.16,3.82,3.88,4.25,6.44,3.81,7.32,4.68,8.27,9.87,6.13,5.97,8.72,4.82,6.15,7.82,10.78,5.23,7.04,3.54,8.86,4.00,4.59,8.32,7.22,4.46,12.12,4.72,9.34,8.01,6.40,7.38,11.04,4.71,6.16,11.06,8.77,4.10,4.56,12.34,4.37,4.83,4.25,4.44,10.00,6.45,7.87,4.65,0.00
8.50,10.59,10.47,4.29,4.11,11.52,4.72,5.48,5.68,4.15,9.70,3.84,4.93,10.24,8.36,7.79,5.45,5.00,7.42,8.08,7.12,3.29,8.33,3.51,10.61,10.45,5.68,8.79,11.79,3.72,4.57,7.05,8.10,3.79,9.83,9.07,7.87,10.00,9.07,4.58,9.29,11.89,5.64,3.97,4.88,4.11,8.94,9.19,6.00,8.98,0.00
7.87,6.61,5.25,4.64,4.29,12.64,4.42,4.31,6.39,5.89,4.81,10.21,5.15,8.04,8.86,6.02,6.90,6.57,10.18,4.99,4.70,5.45,9.47,3.89,5.81,6.10,5.73,3.90,12.71,8.63,10.13,5.43,4.69,3.56,10.40,4.69,4.81,11.05,10.01,4.38,4.80,12.52,6.21,7.61,9.46,4.51,9.08,5.94,4.86,3.19,0.00
7.88,6.05,5.32,5.68,4.01,10.68,5.63,4.11,6.79,9.02,8.97,3.59,4.78,11.22,10.09,7.24,7.35,9.43,10.90,7.22,7.89,3.48,10.25,3.62,4.71,8.69,5.41,5.93,11.66,3.94,4.33,5.35,6.74,3.48,11.54,5.52,7.64,9.59,9.49,4.24,4.77,12.94,3.91,4.27,6.94,4.07,9.05,7.89,11.11,7.14,1.00
5.69,6.80,6.00,5.38,4.07,4.27,4.26,5.02,8.62,6.41,6.89,3.62,6.58,7.67,8.85,8.05,5.41,10.53,10.03,5.54,9.66,3.49,9.85,3.67,5.47,8.31,8.81,3.82,9.45,3.87,4.26,5.58,6.43,3.63,11.01,5.13,7.29,8.73,4.76,4.87,4.87,13.18,5.04,4.06,4.81,4.09,8.48,9.14,11.65,8.40,1.00
5.32,10.35,13.17,4.83,3.95,3.73,4.40,7.28,6.46,7.03,10.38,3.61,5.37,9.30,8.22,4.25,6.09,8.25,9.52,7.92,10.63,3.68,9.47,3.52,11.03,8.90,7.04,9.35,12.76,3.85,9.05,6.76,6.39,6.89,8.90,8.98,6.75,8.79,3.76,3.89,5.28,10.82,4.84,6.03,4.76,6.03,9.93,8.16,8.88,8.38,0.00
8.10,5.29,4.84,4.02,3.79,3.89,5.53,3.70,4.63,4.14,6.68,3.65,7.39,6.12,8.69,4.89,6.58,9.64,3.58,6.56,10.45,3.35,9.02,3.52,9.03,6.91,5.07,4.63,12.58,3.97,4.29,8.37,4.38,5.04,10.02,7.18,6.44,9.48,8.68,4.23,5.43,12.01,5.38,10.12,4.18,6.78,6.90,7.25,10.18,5.94,0.00
6.44,11.11,4.49,4.05,3.98,3.99,4.27,4.37,5.16,4.27,5.75,3.52,5.79,9.26,9.20,5.08,7.45,10.32,3.46,7.53,8.80,3.69,9.39,3.93,9.31,10.31,7.06,4.60,11.35,4.26,4.77,7.63,7.58,7.18,10.45,8.79,7.86,10.24,9.20,4.62,4.59,11.56,5.47,4.50,4.12,3.96,9.13,8.45,5.75,7.47,0.00
6.83,12.60,8.64,4.32,3.92,3.73,7.73,10.15,6.13,3.56,7.23,6.19,5.00,7.39,8.61,4.72,5.91,8.58,11.51,8.10,9.17,3.35,9.13,3.49,11.74,8.62,5.77,4.34,12.67,3.87,3.88,9.56,7.73,8.10,9.62,10.51,8.01,9.29,8.82,3.89,4.92,11.71,5.08,8.09,4.24,4.36,11.20,6.30,4.55,7.88,0.00
6.20,7.38,7.43,4.35,3.79,3.57,4.14,4.73,6.25,3.86,9.70,4.10,5.42,10.31,6.91,4.90,8.44,9.21,10.99,6.76,9.28,3.60,8.84,3.68,5.30,9.32,7.19,10.29,12.42,4.45,8.26,5.46,5.30,5.36,10.14,4.77,7.14,9.83,8.64,4.12,4.78,12.24,4.25,6.28,8.20,4.47,8.50,6.00,8.43,6.39,0.00
7.69,7.66,4.76,4.54,3.77,13.46,4.66,6.90,6.23,4.67,10.95,3.86,5.53,11.65,7.15,8.52,11.04,8.08,13.27,6.91,7.39,3.43,9.17,3.69,5.06,7.17,5.46,4.46,9.24,4.06,3.98,9.12,6.89,8.09,10.81,6.84,6.58,10.33,11.06,7.44,4.66,13.39,3.58,4.28,7.58,3.90,5.44,8.73,9.12,7.27,0.00
9.44,6.48,7.94,4.03,3.88,3.60,8.59,8.22,5.58,5.42,6.85,3.77,5.97,6.84,9.59,4.52,10.29,4.34,3.59,5.77,9.66,3.36,9.43,3.49,8.02,10.12,7.46,3.90,12.82,8.35,4.04,8.42,4.55,9.86,9.65,8.16,4.61,11.69,3.48,5.04,4.51,12.11,6.65,7.78,5.01,5.63,4.40,6.74,8.51,4.24,0.00
6.90,8.41,7.05,3.80,3.66,3.62,8.63,10.14,5.41,4.71,6.33,3.68,4.83,8.11,9.20,4.64,4.89,5.09,3.59,5.27,10.24,3.48,8.88,3.64,8.23,10.53,6.23,4.14,12.15,4.01,5.04,6.30,8.90,3.47,8.62,9.03,4.42,10.27,10.68,4.29,5.24,9.79,6.97,5.61,4.33,3.72,4.28,7.75,8.22,8.82,0.00
7.98,5.87,5.10,4.05,5.01,3.71,10.44,4.09,5.31,4.07,11.45,3.72,6.10,6.35,9.93,6.72,6.41,4.93,5.21,7.65,4.87,3.40,7.22,3.78,4.91,4.40,7.06,8.17,7.33,5.80,4.16,7.50,8.31,4.76,11.33,6.93,9.01,9.15,11.40,4.30,4.85,12.30,5.47,4.09,4.44,8.83,4.23,8.41,7.67,6.33,1.00
5.96,5.37,4.59,4.04,3.81,3.77,9.91,3.97,6.48,4.03,10.84,3.76,6.56,7.79,9.10,5.80,5.15,5.18,3.72,4.88,8.01,8.70,8.00,3.39,6.73,4.03,6.01,8.67,7.51,9.60,4.13,5.19,10.00,10.12,11.04,5.40,6.38,8.78,11.62,4.02,4.91,12.16,6.96,3.97,4.23,3.95,4.90,8.37,4.43,5.69,1.00
8.02,6.00,5.28,4.18,4.24,3.87,9.16,4.00,7.47,3.91,10.96,3.63,5.56,6.36,4.49,8.94,5.89,4.94,3.48,11.54,5.91,3.71,7.48,5.13,5.24,4.40,5.67,5.99,5.10,4.12,4.27,4.92,4.39,3.49,3.69,7.04,4.12,4.63,11.34,4.71,5.21,12.21,5.73,4.30,4.28,4.38,4.42,6.56,4.55,4.24,0.00
4.88,8.24,9.09,4.31,3.85,3.85,7.12,8.01,7.22,5.56,5.51,3.71,4.89,7.20,7.22,4.52,5.54,4.79,4.71,8.98,11.03,3.50,9.48,3.72,4.78,10.68,5.87,4.27,12.12,4.10,4.07,9.25,4.25,9.42,9.59,8.40,4.27,4.07,7.76,4.23,8.81,10.09,4.67,4.02,3.94,4.01,7.77,8.02,12.99,9.38,0.00
5.34,5.99,4.13,3.74,3.98,3.81,4.42,4.16,5.32,3.98,4.51,3.62,7.06,7.14,9.60,8.43,5.15,5.15,4.11,5.35,10.24,3.82,6.71,3.98,4.87,4.14,7.18,4.01,7.19,4.11,4.23,4.85,6.61,3.88,9.71,4.59,6.37,9.01,10.69,8.09,4.78,11.08,5.41,4.47,5.92,12.45,4.70,5.77,7.02,5.15,0.00
6.92,9.41,11.33,3.93,3.78,4.62,5.51,7.37,5.82,4.36,5.30,3.73,4.91,9.32,8.11,6.12,6.74,5.00,11.43,5.15,7.68,3.29,8.38,3.65,9.28,5.44,5.48,6.63,11.47,4.14,5.97,9.57,6.01,3.48,6.67,9.47,7.18,9.40,10.08,3.76,4.69,11.33,4.66,4.08,8.29,8.74,7.22,7.91,8.33,8.97,0.00
9.56,8.01,4.06,3.94,4.48,3.82,8.02,8.98,6.21,3.88,4.91,3.69,4.71,7.46,6.87,4.37,10.16,6.73,4.00,4.96,11.97,3.66,7.30,3.90,6.03,8.47,6.36,4.59,11.36,4.06,6.12,6.10,4.49,3.38,8.01,4.74,4.15,9.48,8.92,4.17,5.65,10.94,6.07,9.63,4.68,7.67,9.03,5.66,9.12,5.46,0.00
7.88,5.36,14.45,3.97,3.74,3.83,5.84,9.11,6.94,8.56,7.10,4.20,5.24,7.97,8.89,5.08,5.21,10.48,4.84,6.18,9.09,3.62,8.71,3.54,6.28,5.76,5.58,6.06,10.19,7.74,11.66,6.87,6.47,3.40,8.68,7.69,6.36,9.50,10.60,5.66,4.99,11.61,4.37,4.68,4.26,5.58,8.53,8.83,6.99,6.01,0.00
8.08,6.29,4.21,4.07,7.19,3.73,9.07,4.19,8.58,8.91,4.66,3.98,6.99,6.28,9.15,5.11,5.11,5.33,3.70,6.12,8.89,9.65,8.84,3.80,4.78,9.11,5.53,5.11,6.23,4.15,4.23,5.04,6.52,3.67,7.28,6.86,5.11,7.26,10.42,4.79,4.90,13.46,5.92,4.35,4.54,3.98,4.81,8.89,4.25,5.90,1.00
7.65,6.13,4.56,4.02,5.28,4.03,4.26,4.46,6.55,3.79,5.00,3.30,5.32,5.32,7.35,4.70,10.12,5.67,3.95,11.93,7.70,7.67,8.32,3.55,5.45,4.45,5.29,4.43,5.98,4.03,4.43,4.97,4.67,3.68,8.21,6.65,4.48,5.13,11.17,5.88,5.40,13.00,5.40,4.06,4.43,4.42,4.20,8.10,4.51,4.39,0.00
6.11,9.39,10.79,4.21,3.87,3.75,11.37,7.01,5.74,5.79,7.53,3.62,4.91,11.34,9.33,4.73,5.01,5.22,4.64,8.05,9.32,3.44,8.91,3.62,6.46,10.34,7.48,4.14,12.42,4.14,6.66,4.92,9.37,4.51,9.43,9.12,7.53,9.80,9.35,4.33,6.63,12.10,5.09,3.94,5.86,4.17,8.74,9.42,9.65,9.60,0.00
4.16,9.76,9.69,4.50,3.84,3.84,8.00,7.59,5.50,4.39,6.94,3.44,5.27,8.22,8.64,4.63,5.33,5.09,6.32,7.11,9.58,3.39,9.48,3.59,7.86,11.14,5.60,4.56,12.61,4.11,5.67,6.62,8.69,7.79,9.29,8.87,4.85,9.62,9.83,4.02,5.07,10.64,4.45,4.51,4.48,3.86,8.23,7.41,8.44,8.20,0.00
6.66,10.06,12.79,3.93,4.02,3.98,10.31,8.97,5.85,4.52,4.78,3.44,4.79,9.33,9.24,5.14,5.30,4.90,3.77,8.70,9.74,3.44,8.48,3.44,4.72,9.53,5.68,3.81,12.33,3.89,4.60,5.69,7.81,4.80,6.76,8.97,5.91,10.23,9.63,4.11,4.59,11.74,6.26,4.21,4.34,3.86,8.09,8.38,6.57,6.93,0.00
7.78,5.72,4.64,3.97,6.08,3.76,4.65,3.81,6.67,8.70,9.77,3.89,5.44,5.70,8.91,6.42,5.85,5.03,5.05,7.02,5.15,6.96,8.42,3.66,4.92,4.57,6.15,10.29,10.60,3.82,4.38,5.12,5.20,8.12,7.41,4.37,4.26,6.56,10.69,4.65,4.87,11.66,6.55,4.75,4.45,5.56,4.40,13.08,5.69,8.54,1.00
6.43,8.80,13.25,4.16,3.69,4.80,11.65,9.05,5.90,4.89,4.85,3.63,5.10,9.55,9.33,4.84,5.21,5.18,3.53,8.95,10.39,3.35,8.10,3.57,5.09,9.33,5.65,4.21,12.83,4.15,5.98,6.73,9.00,5.11,7.66,8.81,6.72,10.14,10.05,4.47,5.17,11.85,5.90,4.50,4.38,3.98,8.20,8.57,7.42,7.65,0.00
5.96,5.34,4.85,4.56,4.08,4.05,4.20,5.04,6.20,5.02,6.72,3.97,5.03,8.37,8.26,4.58,5.97,4.45,10.20,5.17,11.92,7.79,8.84,6.48,4.42,10.41,8.91,4.67,11.45,4.01,6.91,7.46,7.88,7.96,10.10,5.04,7.22,9.81,9.44,4.06,4.42,11.64,5.11,3.89,4.16,3.88,8.77,6.59,10.68,7.75,0.00
7.83,6.22,4.60,4.19,8.92,3.81,4.18,4.06,7.16,4.51,5.84,3.85,5.87,5.69,8.45,5.54,7.37,5.39,4.03,9.44,8.58,9.10,7.82,3.76,4.66,6.75,5.71,4.52,8.09,3.92,4.52,7.43,4.50,3.43,3.88,7.04,4.62,4.15,10.62,4.02,4.89,12.58,3.77,4.37,4.32,5.65,4.73,10.75,4.50,5.96,0.00
6.42,5.12,4.45,6.42,3.80,14.05,8.17,4.08,6.03,3.83,10.29,3.50,4.65,7.98,8.26,4.87,12.46,7.98,11.14,8.53,5.89,3.17,9.13,3.32,4.21,10.65,8.08,3.70,11.21,4.35,3.83,10.10,5.27,3.97,9.07,8.29,6.49,10.16,10.41,3.84,9.41,12.52,4.89,7.79,10.05,4.58,8.08,6.68,9.29,4.65,0.00
5.32,6.64,5.51,3.87,3.82,10.44,5.95,4.95,5.82,4.03,8.52,6.66,5.68,8.25,8.81,7.16,8.54,9.62,11.58,8.04,6.45,3.40,8.67,3.62,7.41,9.18,7.95,7.97,11.79,4.88,4.44,9.48,7.62,9.00,10.35,6.07,7.25,10.31,10.53,3.89,4.94,11.77,3.92,4.94,8.82,4.02,9.80,7.09,11.24,7.45,0.00
0.00,0.00,0.00,0.00,0.00,0.00,0.00,0.00,0.00,0.00,0.00,0.00,0.00,0.00,0.00,0.00,0.00,0.00,0.00,0.00,0.00,0.00,0.00,0.00,0.00,0.00,0.00,0.00,0.00,0.00,0.00,0.00,0.00,0.00,0.00,0.00,0.00,0.00,0.00,0.00,0.00,0.00,0.00,0.00,0.00,0.00,0.00,0.00,0.00,0.00,0.00
8.29,6.02,4.32,5.20,4.13,3.67,9.02,4.18,8.40,8.26,4.76,3.61,6.33,7.57,9.60,4.80,5.13,5.50,3.87,6.51,7.09,10.47,10.55,3.52,4.45,10.66,6.96,4.05,7.59,4.05,4.28,4.76,6.20,4.53,9.52,6.73,4.99,8.47,10.73,5.20,4.58,13.12,5.42,4.07,4.65,4.20,4.69,7.06,4.75,4.39,1.00
6.33,10.41,4.36,4.14,4.39,3.84,7.24,4.08,6.51,4.36,6.68,3.56,4.90,7.71,8.94,4.63,9.99,9.49,8.83,6.50,8.57,8.51,9.27,3.65,6.43,10.97,5.21,3.80,9.79,3.93,4.36,8.29,9.83,3.78,8.84,9.40,8.60,9.90,7.70,3.90,4.90,12.06,6.58,4.92,4.34,3.83,6.44,7.84,5.47,7.74,1.00
9.11,10.09,4.58,4.20,4.36,5.70,7.43,4.14,5.07,4.57,7.15,3.74,4.91,6.22,8.84,4.62,7.23,8.43,10.05,8.05,7.63,3.37,8.71,5.41,4.70,9.62,5.61,6.51,10.67,4.05,4.22,9.08,6.93,5.69,10.73,8.56,9.92,8.99,10.67,3.88,4.85,12.23,5.97,4.04,4.49,4.10,6.19,8.50,5.71,7.79,1.00
8.25,5.16,4.77,4.99,3.81,4.92,4.10,3.80,7.30,3.66,10.99,3.68,5.29,9.14,7.64,8.68,7.80,10.92,12.17,5.39,4.54,3.83,9.35,3.73,9.82,7.33,4.82,6.67,11.46,5.98,4.06,8.98,4.34,3.35,9.31,6.89,7.74,9.73,9.95,5.89,9.15,12.37,7.33,4.07,7.91,7.95,7.34,6.93,9.52,4.08,1.00
6.19,12.01,7.44,3.70,4.00,3.91,10.30,4.07,7.65,4.02,5.73,3.62,4.75,8.23,7.63,5.26,6.73,5.34,11.09,5.55,5.57,6.77,10.59,3.75,5.78,11.58,6.25,9.53,11.87,5.82,7.54,6.55,7.82,6.30,7.99,7.43,9.41,8.42,8.66,4.30,5.44,11.48,4.23,5.08,6.58,5.03,9.12,8.16,5.95,7.19,1.00
6.46,5.63,4.78,6.19,4.16,3.89,7.85,4.27,5.84,3.55,4.50,3.69,4.77,8.44,9.01,5.21,5.74,10.28,11.35,7.21,5.78,3.32,8.88,3.63,9.21,8.23,7.10,3.83,11.09,4.97,4.12,9.72,6.48,4.66,10.45,7.08,8.41,9.40,10.58,6.87,11.16,12.51,5.86,3.88,11.33,10.51,9.85,6.18,8.36,7.87,1.00
6.38,5.87,5.18,7.58,3.93,3.76,4.30,3.81,5.15,4.25,4.81,9.93,5.00,8.74,8.92,4.79,7.25,5.08,3.61,4.72,8.32,3.51,9.25,4.26,5.79,9.15,7.45,3.92,11.78,4.06,4.71,7.07,6.54,3.59,9.72,6.76,4.74,9.69,4.89,4.09,4.89,12.99,5.48,4.21,4.49,5.01,9.30,6.86,10.24,10.01,0.00
5.36,5.90,4.34,4.17,4.89,3.79,5.22,4.11,6.20,3.83,9.01,3.76,6.53,7.49,8.88,6.30,5.08,4.95,11.68,5.14,9.03,9.43,8.03,3.48,4.31,4.01,5.73,7.41,5.31,4.34,4.23,5.11,8.35,4.71,9.78,5.14,8.50,7.79,11.27,4.13,4.77,12.91,4.55,4.13,4.35,4.22,4.85,9.27,4.51,4.95,1.00
7.43,5.57,4.29,5.27,3.91,3.87,6.16,3.78,5.54,3.95,9.91,3.74,4.93,6.09,7.68,9.28,9.57,9.52,3.75,7.67,8.32,3.28,8.73,3.66,4.23,4.19,5.28,4.33,11.98,12.41,3.97,4.42,4.82,3.69,8.45,6.60,8.63,5.18,8.78,4.17,4.73,12.18,6.14,7.80,4.49,4.41,4.24,7.76,9.06,4.85,1.00
4.11,5.28,4.21,3.86,4.55,3.95,4.42,8.84,6.25,4.29,4.69,3.77,5.14,5.81,9.10,4.62,7.14,8.68,3.53,5.87,8.02,3.51,9.80,3.97,11.80,3.74,5.11,5.82,12.07,5.13,5.14,6.16,6.77,6.23,10.56,9.67,7.96,9.42,6.07,4.16,4.99,11.62,3.87,4.16,4.36,3.71,4.38,5.97,4.72,4.88,0.00
7.41,6.70,4.32,5.72,3.86,8.56,9.24,4.03,6.41,3.94,10.84,3.30,5.64,5.90,8.81,8.23,5.39,8.15,10.76,8.25,6.68,3.37,8.96,3.80,4.49,4.35,5.36,4.47,5.67,4.17,4.14,5.04,6.22,3.79,9.50,7.36,10.39,10.29,10.54,7.01,4.79,12.90,5.84,5.38,6.50,3.98,6.44,9.29,7.31,5.30,1.00
7.26,5.42,4.51,6.07,3.93,9.34,4.07,3.94,6.87,3.58,5.45,3.42,4.62,8.21,9.66,5.00,5.67,11.92,9.88,6.16,7.32,3.66,8.80,3.53,4.31,9.13,7.95,9.11,9.63,5.11,4.06,10.78,6.68,4.60,10.55,7.26,8.31,9.22,10.76,4.20,4.54,12.51,6.54,3.83,10.62,4.53,8.50,6.01,9.24,7.37,1.00
5.41,5.74,5.22,5.63,3.98,4.27,9.14,3.97,6.53,4.46,9.63,3.62,5.27,6.95,9.56,5.03,7.51,5.16,4.95,6.32,5.98,3.52,9.40,3.52,5.62,7.50,6.12,7.06,9.76,4.97,4.23,9.57,7.34,3.59,10.09,5.80,8.24,9.69,10.94,4.77,4.68,12.11,4.98,4.98,8.53,4.00,6.80,7.77,5.58,7.87,1.00
4.29,5.41,4.83,4.04,3.80,4.23,5.89,3.88,6.53,3.63,4.52,3.57,4.54,7.61,9.05,5.52,9.88,5.01,11.15,8.55,7.94,3.46,8.38,3.71,5.48,11.20,8.62,3.99,11.66,10.98,6.86,10.13,10.58,4.53,10.79,7.22,7.45,10.90,10.39,8.65,12.30,11.64,4.09,4.05,4.55,4.03,9.85,7.84,11.32,8.24,0.00
5.62,9.76,4.23,4.85,3.84,3.71,7.01,3.96,5.54,3.87,4.55,3.67,4.07,7.34,8.84,4.89,12.02,4.77,3.80,5.49,7.75,3.32,9.33,3.67,4.39,10.33,6.02,3.95,8.24,4.79,4.26,7.46,8.07,3.47,11.40,3.95,6.80,9.29,10.25,5.81,4.77,12.71,4.66,4.89,4.52,3.78,4.37,9.15,9.07,3.49,0.00
5.94,5.36,10.32,6.03,4.13,3.85,5.30,5.23,6.41,5.18,7.45,3.85,5.80,8.76,9.02,6.97,5.07,10.43,9.63,7.30,6.73,4.74,8.72,3.66,5.41,10.62,9.15,8.21,11.55,4.21,4.38,8.17,7.84,5.67,9.94,6.59,5.36,9.23,10.28,3.88,5.89,12.12,6.25,3.91,8.24,3.91,8.88,7.35,8.72,8.92,1.00
6.05,5.65,4.61,5.99,4.09,12.45,7.52,3.98,6.17,4.06,8.95,3.72,5.22,7.26,9.12,6.99,9.42,8.48,7.33,7.59,7.94,3.37,8.58,3.86,4.63,8.97,6.79,4.46,9.75,4.11,4.09,4.98,4.93,3.63,10.04,6.40,7.71,8.48,9.61,4.31,10.39,11.66,4.64,5.51,5.13,3.80,8.45,6.86,8.21,5.41,0.00
6.13,8.65,4.78,4.16,4.17,3.76,3.88,9.07,8.40,9.58,4.54,3.43,5.65,6.47,9.47,4.57,6.50,4.86,3.62,4.95,9.39,3.65,9.20,3.87,4.50,9.07,5.46,4.15,11.14,5.27,4.18,9.16,6.19,5.63,10.42,8.22,5.63,4.04,4.22,4.05,4.82,11.70,7.17,4.11,4.22,7.41,5.65,5.78,4.69,5.77,1.00
5.03,6.98,4.20,5.69,4.06,13.10,4.52,4.11,6.22,4.29,8.89,3.82,4.91,10.00,8.76,7.48,8.03,11.57,11.45,9.16,7.76,3.49,7.09,3.97,8.04,7.15,5.42,8.22,10.96,8.31,8.63,6.76,7.34,4.35,9.57,6.25,7.12,9.55,3.79,3.94,7.15,11.93,3.74,6.07,6.49,4.25,8.30,6.53,9.88,6.54,0.00
4.61,6.29,4.74,4.08,4.31,8.75,4.40,4.22,6.61,3.77,5.13,3.70,4.95,8.36,8.52,5.34,6.73,5.36,10.90,5.51,6.37,3.53,9.69,3.93,6.15,8.29,7.20,4.11,12.07,6.46,4.72,5.44,6.43,3.98,10.57,6.23,5.04,9.67,9.91,4.22,7.91,12.53,4.94,7.25,4.60,4.16,9.37,7.44,5.83,6.87,0.00
7.28,5.56,4.54,4.38,4.00,3.82,4.77,4.28,6.42,4.04,7.42,10.46,4.18,9.79,9.10,5.74,5.53,10.48,11.65,6.07,8.97,3.46,8.24,3.70,10.67,9.13,6.91,3.77,11.15,4.15,4.22,7.81,6.24,3.65,9.95,4.60,5.68,9.93,9.96,4.31,11.40,11.55,7.06,5.10,4.84,4.50,8.19,7.07,10.84,8.14,0.00
7.89,5.42,4.93,4.35,4.07,9.09,4.13,4.75,5.81,4.05,10.57,3.59,5.02,9.71,7.04,4.64,5.53,5.76,12.21,7.69,9.51,3.38,8.22,3.70,5.71,8.76,5.20,3.70,12.26,4.69,4.38,4.88,4.39,5.26,9.24,6.22,8.49,9.42,10.57,3.78,10.94,12.11,6.47,5.32,3.96,3.88,7.66,7.87,10.00,5.83,0.00
6.72,6.61,7.36,4.04,3.79,3.75,10.63,8.64,5.92,6.41,7.92,7.48,6.18,6.55,9.12,5.75,6.12,5.44,3.92,7.24,10.25,3.47,8.14,3.63,7.19,10.34,6.64,4.14,11.65,4.07,12.21,7.29,6.03,6.50,11.29,7.42,7.38,9.21,10.50,6.01,5.25,11.90,5.02,5.65,4.39,4.00,7.34,8.03,4.43,5.21,0.00
5.67,9.00,12.22,5.57,3.78,3.57,8.71,8.65,8.19,7.61,9.64,3.51,5.90,10.27,8.69,5.59,6.15,7.29,9.33,8.96,11.76,5.99,8.30,3.43,10.10,10.41,8.57,4.16,13.40,4.00,11.13,7.85,5.76,7.54,9.18,6.77,7.68,9.09,8.26,4.69,6.27,9.04,4.22,7.33,5.36,8.97,9.65,6.75,9.30,7.79,0.00
7.09,5.86,4.68,4.08,4.23,4.05,6.86,4.41,7.78,10.33,10.84,3.80,6.24,6.07,9.35,6.57,6.77,5.19,3.49,11.26,8.63,9.07,8.89,4.96,4.91,5.57,5.20,3.97,4.88,4.12,3.88,6.33,4.58,3.68,10.01,8.50,4.45,5.53,11.12,5.45,4.87,12.39,5.13,4.20,4.34,4.66,4.19,10.04,4.68,4.51,1.00
7.74,5.71,4.48,3.76,4.74,4.10,5.45,3.76,6.97,10.58,10.60,3.69,5.20,6.15,4.13,5.54,5.50,5.14,3.85,7.35,6.89,8.08,8.96,3.71,4.50,4.52,5.43,4.62,5.35,4.45,4.11,8.42,4.44,3.46,9.36,7.56,4.45,5.06,11.21,5.94,4.76,12.53,6.01,4.35,4.41,4.34,5.03,11.74,4.57,5.24,1.00
5.34,6.26,4.54,4.61,5.25,3.90,8.39,4.23,6.02,4.09,4.55,4.45,5.19,7.44,4.99,5.09,8.37,5.02,6.89,5.02,7.19,3.34,8.67,3.80,5.45,8.05,9.87,3.72,4.93,7.67,4.36,4.65,4.34,9.46,10.05,4.25,9.09,8.60,10.92,9.34,4.75,12.34,4.86,4.55,4.25,8.46,8.48,7.63,4.82,4.63,0.00
8.63,6.17,4.74,3.90,5.21,3.87,6.23,4.07,7.10,4.11,4.66,3.51,5.82,11.17,5.03,6.69,10.39,4.78,3.70,7.22,7.98,3.53,7.69,3.91,5.16,5.49,5.31,11.04,6.85,4.08,4.29,4.79,4.40,3.67,9.69,6.69,3.89,6.90,10.94,10.23,4.99,13.28,3.93,4.39,4.42,4.16,4.81,9.14,6.82,4.47,0.00
7.58,5.38,4.73,3.84,3.85,4.61,4.36,3.59,6.70,4.42,4.92,3.52,6.10,10.05,7.98,6.30,5.91,10.91,4.23,7.27,11.37,3.60,8.78,3.64,4.80,10.37,8.05,4.01,10.47,3.82,4.82,9.29,5.83,3.75,10.50,6.83,4.93,10.65,8.74,5.51,4.92,12.34,6.85,4.43,4.46,4.26,9.94,7.73,9.73,7.86,0.00
4.42,9.29,4.55,4.85,3.79,3.69,6.29,6.87,10.51,7.61,4.76,3.42,7.38,7.71,9.31,5.29,5.01,4.66,4.09,5.30,10.71,3.50,8.61,3.52,4.57,10.17,6.28,4.15,10.30,4.30,4.90,6.04,5.82,3.87,9.70,6.98,9.18,7.60,9.66,4.24,4.93,10.95,5.71,4.26,4.39,7.86,4.15,8.48,8.04,8.42,1.00
4.08,5.68,4.68,7.96,3.88,11.21,6.98,4.00,6.86,4.14,8.41,3.90,4.77,7.21,8.95,5.99,5.67,11.45,10.84,5.73,7.03,3.46,9.49,3.72,4.45,8.32,6.57,4.19,9.43,8.99,4.11,6.62,6.78,3.65,9.90,7.23,8.40,9.32,10.28,3.75,9.26,12.67,4.93,4.66,10.93,9.50,7.56,6.12,5.85,5.61,1.00
5.22,9.26,10.93,5.10,3.74,3.72,9.96,7.02,5.39,4.07,6.74,3.80,5.53,8.30,7.19,5.98,6.42,9.97,10.27,6.25,8.24,3.37,8.81,3.49,7.31,8.08,8.33,10.40,12.10,4.82,4.49,8.60,7.24,7.13,10.20,7.33,6.65,9.47,9.22,4.70,5.22,11.42,5.89,5.07,7.12,4.12,9.16,7.26,8.14,7.43,0.00
7.14,5.40,4.88,5.41,3.75,3.75,5.56,3.70,4.90,6.84,9.31,3.76,4.62,9.47,9.76,4.86,5.83,11.34,10.28,4.92,10.81,3.41,9.07,3.72,7.21,11.62,5.64,7.22,10.18,4.04,4.56,7.08,5.61,3.75,10.12,7.35,7.21,9.98,10.02,4.35,5.65,12.15,5.97,3.92,5.92,4.04,8.36,5.64,9.72,6.34,1.00
4.20,10.26,10.28,4.27,4.11,3.71,9.57,4.51,6.69,4.10,4.64,3.90,5.38,9.67,4.50,5.07,7.00,11.75,7.51,5.65,9.85,3.32,8.40,3.54,4.91,8.32,9.37,8.25,11.94,4.00,11.37,5.39,5.11,5.98,8.79,6.99,7.15,8.83,9.58,4.19,4.76,10.94,4.38,7.24,4.46,4.86,7.98,8.41,6.01,7.55,0.00
7.30,8.27,4.55,4.33,4.11,3.76,4.77,10.85,5.74,5.15,4.60,5.60,5.41,6.38,9.73,6.41,5.24,9.32,5.99,8.42,5.00,3.29,8.94,3.63,11.03,6.74,7.24,9.05,10.88,4.06,4.14,4.93,5.20,5.73,10.66,8.04,7.30,9.61,10.02,4.13,5.00,11.05,6.41,4.01,6.68,4.11,7.18,6.45,5.20,3.90,0.00
6.60,11.09,4.14,4.13,3.77,3.63,10.52,11.61,5.50,5.52,5.97,3.94,4.56,7.69,9.17,4.58,5.23,5.19,3.32,4.93,10.33,3.32,10.04,3.64,5.11,10.74,5.58,3.71,12.46,4.03,9.05,8.48,7.66,5.97,11.24,8.38,7.74,6.97,10.08,3.91,4.78,10.86,5.50,5.00,4.26,3.99,4.42,5.95,8.98,9.28,0.00
6.54,5.49,4.37,6.20,3.69,5.81,6.00,4.08,6.47,3.87,4.74,3.58,5.19,6.96,8.57,4.65,8.02,10.02,10.63,4.99,6.12,6.34,8.49,4.06,7.86,8.43,5.95,3.90,9.12,6.86,4.40,8.64,4.87,3.70,9.76,6.57,7.86,9.62,10.45,7.48,6.16,12.11,6.07,8.30,9.38,4.08,9.28,6.54,5.03,7.07,1.00
5.11,11.51,7.00,4.24,3.79,3.74,5.65,5.36,9.44,4.22,6.75,3.81,5.27,8.08,8.62,5.24,9.13,5.30,11.17,6.26,8.14,3.54,9.77,3.74,8.91,11.60,5.41,8.38,12.03,4.03,6.42,5.42,8.07,3.90,8.61,8.19,9.11,8.89,4.29,3.99,5.32,12.22,4.28,4.98,5.29,6.11,8.43,8.48,6.83,5.77,1.00
6.74,11.37,9.98,3.64,3.81,3.69,6.24,3.83,9.15,3.89,4.80,3.63,4.67,8.92,8.74,4.49,7.11,4.59,10.46,7.75,6.55,9.31,9.90,4.58,5.05,11.17,6.07,10.32,11.41,4.05,4.73,5.86,7.71,3.83,9.78,8.30,10.04,9.56,10.13,3.93,4.83,12.14,5.48,4.35,5.13,4.63,9.06,8.06,5.54,3.69,1.00
4.98,12.24,10.85,3.79,4.39,3.94,8.50,3.78,5.21,6.42,4.73,3.61,5.16,6.03,8.05,4.90,7.73,4.85,3.82,7.21,7.98,3.54,9.25,4.61,8.34,9.28,9.24,9.91,11.94,4.02,4.40,7.64,6.82,3.61,9.14,7.81,9.35,9.38,9.84,3.97,5.34,11.75,4.70,4.03,4.33,4.27,8.45,6.60,5.71,5.66,0.00
7.27,6.28,4.70,4.17,10.85,3.88,4.26,4.07,5.36,8.40,11.11,3.93,5.85,8.67,6.54,6.56,5.97,4.70,3.42,8.63,6.53,7.93,8.73,3.72,5.00,4.12,5.42,5.40,7.82,4.22,4.21,6.70,4.50,3.48,9.70,7.58,4.20,8.15,11.60,6.72,4.51,12.76,5.55,4.82,4.26,4.25,4.73,9.62,4.53,5.59,0.00
6.61,5.69,4.96,7.59,3.80,3.77,4.13,6.17,6.43,4.14,7.88,3.53,6.44,6.63,7.50,7.33,7.03,10.31,11.26,4.88,11.82,3.40,9.32,3.62,4.35,7.73,6.32,3.93,12.21,4.24,4.15,8.98,5.02,3.69,10.10,7.10,8.02,9.11,11.00,5.95,4.81,12.41,6.29,8.10,9.18,5.59,8.54,8.00,6.19,6.44,1.00
6.22,5.48,4.53,6.75,3.97,3.80,9.06,4.85,5.84,3.77,9.82,3.90,5.55,10.18,9.24,6.75,7.23,9.62,11.10,6.00,10.67,3.46,8.98,3.50,4.14,9.06,5.02,7.98,10.54,3.69,3.71,6.72,8.08,3.50,10.31,7.47,7.36,9.81,10.02,3.83,7.23,12.23,4.02,4.22,4.67,6.13,7.40,6.41,9.99,7.63,1.00
4.62,8.31,5.01,5.05,4.28,3.80,5.57,4.19,6.13,4.13,5.43,3.73,5.32,7.21,8.52,5.20,11.24,5.41,4.28,5.36,8.42,3.46,8.68,3.51,4.33,8.76,5.60,7.39,7.84,6.95,4.22,8.85,7.14,3.86,10.45,4.58,6.72,10.76,10.02,7.64,12.45,12.83,4.91,4.34,4.69,4.06,5.94,9.03,5.24,3.83,0.00
7.09,9.90,4.88,4.07,4.98,3.91,4.33,10.03,8.15,6.90,4.75,3.43,5.20,6.40,8.16,4.62,5.70,10.58,3.77,6.96,9.66,3.78,8.65,3.78,10.18,7.08,5.51,4.89,10.85,3.86,4.27,9.68,7.43,5.70,9.53,9.50,9.16,9.39,9.20,6.28,4.70,10.60,4.97,5.36,4.36,4.19,6.29,6.89,4.74,3.66,0.00
5.92,6.17,4.53,5.16,3.83,3.71,4.73,4.04,5.61,6.26,4.68,9.29,5.75,10.02,8.82,5.76,6.24,4.80,11.99,4.99,10.30,3.19,9.42,3.90,6.26,8.33,5.96,4.38,10.86,10.78,4.80,7.86,5.68,3.52,11.31,4.76,4.70,9.62,9.72,4.27,4.63,12.61,3.52,4.49,4.26,3.91,9.05,8.76,9.94,7.79,0.00
5.19,5.54,4.76,4.61,3.94,10.58,7.37,3.98,5.71,3.91,5.74,3.67,4.58,7.72,8.76,5.40,10.78,4.67,5.52,7.95,7.70,3.61,9.70,3.81,8.52,10.26,8.34,4.50,9.96,9.05,4.29,9.47,9.30,3.75,10.65,7.73,6.77,10.68,10.52,4.69,5.66,12.38,7.41,4.06,4.54,3.93,7.65,8.45,8.08,8.11,0.00
4.72,6.41,4.53,5.27,4.20,3.83,4.42,4.16,6.45,3.78,6.03,3.85,4.69,8.48,8.77,4.78,11.04,4.66,3.61,4.93,6.11,3.25,8.89,3.60,5.07,10.39,5.35,4.47,9.56,10.39,4.19,7.53,10.28,3.57,11.46,4.97,8.42,9.16,9.59,7.93,4.72,13.13,5.83,4.12,4.42,4.49,5.55,8.67,9.83,9.04,1.00
