100289098_at,10365_at,10581_at,11343_at,117177_at,1278_at,150381_at,150967_at,1602_at,1820_at,2037_at,218_at,2213_at,221895_at,22824_at,23220_at,25937_at,283078_at,2887_at,2995_at,3426_at,342908_at,3484_at,3887_at,390916_at,401233_at,4886_at,4921_at,5010_at,50810_at,50865_at,51170_at,5349_at,5420_at,54742_at,54947_at,55026_at,55351_at,5654_at,56605_at,5744_at,6001_at,6275_at,727_at,83592_at,84189_at,9079_at,9241_at,930_at,9569_at,label
4.84,5.81,11.05,4.80,5.61,4.22,8.89,6.80,7.04,6.54,10.87,4.05,4.25,8.59,4.56,6.57,5.69,3.38,8.99,10.44,4.08,3.11,4.15,4.71,8.60,3.39,3.81,5.21,4.13,10.42,8.51,8.41,5.08,9.59,4.02,4.46,3.89,4.85,4.43,8.52,4.13,10.71,9.65,6.22,4.24,4.05,6.96,8.90,10.36,9.27,1.00
7.91,6.61,8.91,10.65,5.85,3.89,9.67,6.19,3.79,5.37,10.68,3.84,3.99,7.74,8.76,6.24,10.31,3.48,8.94,10.93,5.19,3.35,5.96,4.96,10.22,3.32,4.14,4.77,3.87,9.40,10.40,8.76,5.21,7.29,4.02,7.51,3.79,5.49,8.97,6.18,8.08,9.82,5.70,5.45,4.49,3.89,4.09,3.99,4.20,9.98,0.00
7.71,9.50,12.17,5.13,5.35,4.25,7.94,7.70,4.98,8.47,4.34,3.94,3.90,6.24,4.40,4.42,4.72,3.55,4.50,8.63,4.12,6.50,3.82,4.75,10.50,4.76,3.60,4.95,4.01,10.15,3.54,9.37,5.13,5.43,3.92,4.67,3.33,4.95,4.01,4.84,3.96,11.49,12.05,6.10,4.30,3.92,3.88,3.77,4.36,8.12,1.00
8.11,12.35,5.26,4.99,7.83,4.00,7.79,8.17,3.89,8.40,8.61,4.16,4.11,6.73,7.81,6.79,4.79,3.39,4.82,10.59,4.11,3.62,3.74,5.14,10.93,3.87,3.78,9.07,4.21,4.10,8.76,8.61,5.07,9.08,3.99,5.13,3.85,4.74,3.93,5.98,4.17,10.23,12.40,5.19,4.12,3.87,3.86,3.57,4.18,5.36,1.00
9.43,7.05,9.71,5.33,4.92,12.67,9.62,6.06,3.75,5.63,9.87,4.17,7.60,7.77,9.50,7.62,8.38,3.66,7.08,4.94,5.71,3.26,3.89,5.00,10.12,3.29,3.54,9.20,4.19,9.79,10.60,10.51,5.50,8.33,4.15,4.36,3.43,4.98,5.54,5.24,3.85,12.43,10.79,7.70,4.67,3.88,3.96,3.53,4.49,9.74,0.00
6.74,7.21,10.36,10.17,7.66,3.96,9.63,5.45,3.66,5.67,5.60,4.16,4.40,4.30,9.50,10.92,8.00,3.60,6.32,5.10,4.77,3.39,3.84,12.91,9.45,3.77,3.62,5.01,4.10,6.90,9.79,6.46,10.50,6.63,5.07,6.64,3.21,4.63,4.23,5.94,3.84,11.73,10.81,4.23,4.55,3.94,4.32,3.67,5.34,9.90,0.00
8.19,7.32,6.52,5.11,6.37,4.33,8.75,7.73,12.07,7.61,11.29,4.11,4.49,4.56,10.84,7.70,7.68,3.42,6.55,4.80,4.01,6.55,3.69,4.75,11.08,3.03,3.53,4.96,4.09,10.09,8.91,8.73,5.27,7.31,3.98,4.88,6.54,5.38,8.16,6.13,4.55,9.00,5.81,8.23,7.91,3.92,3.73,4.04,4.22,8.83,1.00
7.39,6.12,9.14,10.51,6.42,4.17,9.00,5.43,3.88,7.35,9.82,4.03,10.21,4.38,9.81,10.60,6.52,3.31,5.09,10.52,3.90,3.50,3.80,4.92,11.01,3.56,3.55,6.01,4.24,7.42,4.26,9.09,5.55,4.93,4.04,4.45,3.53,5.04,4.00,8.96,4.00,12.07,6.14,4.58,4.60,3.77,3.97,3.65,10.59,7.15,0.00
7.14,9.73,9.74,10.39,4.89,13.58,8.35,5.62,3.81,6.14,10.65,4.06,4.28,7.57,6.96,6.28,8.17,4.86,9.34,5.86,4.00,4.77,3.67,5.32,9.80,3.08,3.92,9.97,6.52,9.71,11.30,10.24,5.18,9.13,5.39,5.53,3.79,6.73,11.10,6.03,7.22,10.41,9.00,4.42,5.26,3.87,3.81,5.70,4.35,9.58,0.00
0.00,0.00,0.00,0.00,0.00,0.00,0.00,0.00,0.00,0.00,0.00,0.00,0.00,0.00,0.00,0.00,0.00,0.00,0.00,0.00,0.00,0.00,0.00,0.00,0.00,0.00,0.00,0.00,0.00,0.00,0.00,0.00,0.00,0.00,0.00,0.00,0.00,0.00,0.00,0.00,0.00,0.00,0.00,0.00,0.00,0.00,0.00,0.00,0.00,0.00,1.00
8.23,4.63,7.91,7.31,8.16,4.18,8.48,7.28,3.84,6.07,9.12,3.97,10.06,8.79,9.04,7.21,4.70,3.42,4.80,9.63,4.30,3.12,3.91,4.66,10.55,4.90,3.56,5.03,4.17,7.87,6.74,7.47,4.96,8.58,3.96,4.60,3.23,4.73,4.11,7.12,4.10,9.98,7.58,5.59,4.42,3.86,3.78,3.45,10.38,6.32,0.00
7.92,6.01,9.35,7.86,8.48,4.11,7.66,7.07,3.85,4.33,5.13,4.20,9.23,8.95,6.57,7.29,4.45,3.80,4.81,7.96,4.42,3.45,4.14,5.34,9.42,3.27,3.45,5.06,3.81,4.26,3.76,7.59,5.22,7.51,4.18,4.45,3.74,5.32,4.67,5.26,4.20,9.55,7.56,6.27,4.64,4.13,3.82,3.36,9.68,5.65,0.00
7.85,8.90,5.25,10.23,8.03,4.11,7.76,6.49,4.49,4.64,4.50,4.19,4.02,4.30,4.72,7.42,6.88,3.31,9.02,4.33,3.72,3.68,3.67,4.47,11.31,7.35,10.94,4.85,4.00,9.18,10.93,4.10,10.20,8.27,4.24,4.24,3.50,4.97,4.71,4.98,3.94,8.47,8.60,6.48,4.18,9.48,3.66,4.56,4.02,9.68,0.00
6.81,5.95,8.29,9.83,7.47,4.18,5.24,6.26,3.73,6.78,8.87,4.26,4.53,5.79,8.10,10.07,8.25,3.56,4.74,4.39,4.03,5.10,3.85,7.41,10.38,6.76,3.61,4.87,4.25,10.23,10.04,10.11,8.14,10.84,8.27,9.52,4.78,4.66,4.70,4.29,6.76,12.06,9.38,5.03,4.35,7.95,3.73,9.68,4.22,8.20,1.00
6.34,6.01,11.37,5.88,6.64,5.65,9.89,6.05,3.58,6.48,8.44,7.21,4.28,5.24,7.31,9.32,8.58,3.29,5.95,4.96,7.07,4.85,4.16,5.40,10.58,5.15,3.59,4.82,3.74,8.79,9.83,6.63,12.55,9.28,7.10,7.00,7.74,4.76,7.01,6.38,9.69,10.10,8.48,4.46,4.84,6.13,3.87,3.34,3.99,8.57,0.00
7.64,7.79,9.08,6.84,6.48,4.19,9.40,7.22,3.69,6.23,8.71,5.32,3.68,5.44,8.33,4.97,10.12,3.44,7.80,4.31,6.92,3.36,3.94,5.43,10.52,3.36,3.54,4.39,4.94,4.27,10.35,10.69,5.10,10.83,4.55,7.19,3.44,4.83,7.41,5.50,4.80,8.59,12.67,6.47,5.59,8.21,4.02,4.12,4.45,9.22,1.00
8.10,8.93,11.67,10.06,5.33,4.18,7.93,6.07,9.77,5.96,6.90,4.21,4.17,5.58,8.12,6.05,5.69,3.32,9.27,4.13,4.18,5.23,3.75,4.95,11.34,3.28,6.20,4.84,4.14,8.83,10.77,3.79,9.81,8.84,4.24,6.70,3.56,7.03,4.64,6.03,3.99,9.22,9.62,5.96,4.17,8.97,4.03,3.83,4.08,9.81,0.00
7.01,10.14,11.63,8.63,6.00,4.09,9.20,5.34,3.82,4.66,9.16,8.70,3.66,7.22,7.51,10.47,9.06,3.47,4.76,4.26,9.18,4.16,7.49,5.37,9.77,3.29,3.90,4.48,8.15,10.16,9.24,11.90,9.78,11.43,3.99,9.71,3.84,4.73,4.86,4.76,4.71,9.58,11.11,6.45,4.63,3.99,4.24,5.51,4.37,9.05,1.00
6.84,9.16,8.41,4.53,5.12,4.10,8.71,7.45,5.23,7.06,8.18,3.88,4.26,6.20,5.50,7.00,7.66,5.86,7.59,4.30,7.67,4.62,3.78,4.87,3.60,3.33,10.62,9.56,4.05,9.66,9.51,9.12,5.19,10.89,4.21,4.61,3.64,4.84,8.81,4.98,3.92,10.47,13.39,4.65,5.12,12.87,6.62,7.76,4.19,8.70,1.00
7.26,6.43,11.47,8.32,5.98,4.33,3.11,7.06,7.28,7.75,8.46,3.86,4.08,5.96,7.31,4.42,4.57,3.55,9.67,11.33,3.92,3.72,3.80,4.63,10.48,3.76,3.41,4.80,4.06,9.45,9.84,11.19,5.10,8.88,4.61,8.09,3.31,4.94,3.55,8.04,3.86,11.29,13.74,5.61,6.30,8.60,3.73,3.32,4.61,7.19,1.00
6.39,10.73,10.09,7.55,7.27,3.94,9.83,6.46,3.73,6.36,7.08,8.16,4.37,4.26,8.11,10.02,8.11,3.46,8.86,5.08,3.69,3.38,7.50,5.18,10.52,4.99,3.45,4.60,4.15,4.17,9.19,10.80,8.76,7.61,4.03,7.43,3.32,4.71,3.93,5.41,3.88,7.75,14.75,6.20,4.10,3.80,3.89,3.43,4.02,10.14,1.00
6.84,10.31,5.57,8.64,6.89,4.10,8.59,5.91,3.78,6.72,4.71,9.78,3.68,4.66,9.30,9.79,6.81,3.45,7.46,4.74,4.14,3.42,4.13,5.16,10.61,6.82,3.39,5.50,4.00,4.31,9.63,11.36,8.46,6.79,4.31,6.59,3.51,4.60,4.39,6.81,4.12,5.29,13.61,7.52,4.44,4.09,4.16,3.52,4.09,10.18,1.00
8.64,6.76,6.09,5.38,6.97,4.05,8.35,5.19,11.29,6.75,11.64,3.98,4.09,7.24,7.83,7.03,8.63,3.57,7.97,4.38,4.18,4.20,3.90,4.69,10.75,3.05,3.74,4.90,5.53,9.66,9.20,10.80,5.01,6.83,4.10,7.19,3.34,4.96,3.96,8.35,3.87,8.90,6.05,5.26,4.13,8.99,8.70,3.68,6.20,9.56,1.00
8.90,8.27,11.92,10.69,7.09,3.73,9.23,6.79,3.63,4.75,9.11,6.89,3.96,6.91,9.62,6.59,9.28,3.28,8.06,4.37,9.83,6.26,8.18,5.31,11.14,7.11,3.90,4.97,3.90,9.54,11.57,9.60,4.89,9.65,4.13,5.20,3.47,5.93,10.56,6.93,4.65,10.27,9.74,7.73,3.99,3.77,3.92,7.22,4.33,8.02,0.00
7.88,7.64,10.45,11.24,6.21,4.18,9.01,5.50,3.78,4.94,9.70,4.47,4.13,4.51,8.03,10.09,9.72,3.47,5.45,4.21,4.07,3.85,6.32,5.91,10.28,4.45,3.68,4.50,4.17,8.37,10.49,9.47,7.77,11.65,8.86,4.51,3.53,4.64,4.08,5.81,4.35,12.41,6.46,4.21,4.36,3.92,3.84,9.02,5.43,9.32,0.00
8.25,8.43,12.44,9.62,6.44,4.14,7.66,5.25,7.33,7.93,10.40,4.02,4.09,4.69,7.95,4.76,4.43,3.48,4.39,9.01,11.25,3.42,3.92,4.70,9.85,7.52,3.64,6.92,4.10,4.23,8.10,8.44,5.42,7.37,3.95,5.53,3.66,4.88,4.08,7.68,5.66,9.88,11.19,4.67,4.16,5.01,4.10,3.14,4.30,6.19,1.00
6.31,6.52,8.70,9.31,6.07,8.16,9.20,5.07,3.64,5.41,8.14,8.60,3.89,6.63,8.68,9.93,9.06,3.60,7.66,4.88,8.05,3.33,4.88,5.60,10.14,5.61,3.71,4.77,9.75,9.69,10.53,9.09,8.88,7.72,9.34,7.08,7.15,4.40,7.52,5.31,8.86,9.52,7.04,4.32,4.11,6.65,3.62,4.89,3.78,8.45,0.00
9.38,8.83,10.14,8.79,4.84,14.49,8.49,6.25,3.59,5.51,8.74,3.89,4.64,9.34,7.16,4.64,10.59,3.43,9.36,8.45,5.01,3.48,4.22,4.79,10.72,3.23,4.89,11.28,4.03,9.69,10.22,7.54,4.74,5.92,3.93,7.34,5.48,7.42,11.05,5.44,5.63,7.67,8.46,7.80,3.99,4.35,9.18,3.57,4.05,9.25,0.00
10.02,5.21,10.20,8.27,7.15,4.02,8.06,6.51,3.84,6.14,9.25,4.21,10.63,8.92,8.61,9.44,4.56,3.46,4.90,4.09,4.25,4.13,3.68,4.43,10.52,3.22,3.37,5.15,4.24,4.08,4.31,8.99,5.06,7.01,4.26,4.65,3.38,5.13,4.60,8.10,4.21,10.64,7.89,6.22,4.11,4.13,3.80,3.64,11.38,6.50,0.00
10.58,6.74,8.18,8.32,7.01,3.85,8.29,6.68,3.84,6.58,9.64,4.00,11.38,9.01,8.11,9.01,4.64,3.48,4.63,4.69,4.38,4.36,4.01,4.60,10.30,3.29,3.67,4.71,4.15,4.45,6.04,7.51,5.23,8.79,4.15,4.72,3.52,4.41,4.28,8.72,3.96,9.60,6.09,6.62,4.27,4.08,3.89,3.68,10.89,6.31,0.00
8.64,6.64,7.82,9.92,7.22,4.40,9.04,5.33,3.85,5.34,9.56,4.46,4.59,6.46,5.89,9.26,9.01,6.84,8.81,5.09,4.06,3.26,6.52,8.40,10.21,3.07,3.78,4.84,6.13,7.69,11.30,9.04,5.52,9.72,5.02,4.29,3.21,5.79,4.74,5.78,3.94,10.74,8.99,4.72,5.53,3.85,3.80,7.48,4.60,9.50,0.00
7.88,6.76,10.61,7.83,5.87,4.10,10.08,6.75,3.65,6.38,10.71,4.55,3.92,6.70,7.20,7.88,8.02,3.54,6.11,4.65,4.60,4.34,7.03,13.56,9.77,4.90,3.56,4.69,3.96,9.05,11.26,9.05,8.39,10.77,6.66,6.49,3.51,5.11,9.86,5.82,4.42,10.28,13.18,4.92,3.94,3.88,3.51,5.79,4.62,9.22,0.00
6.07,5.82,11.09,9.20,5.34,4.39,8.09,7.46,8.80,8.26,10.81,3.81,4.08,8.32,9.71,4.69,4.57,3.33,8.49,10.20,4.40,6.44,4.01,5.01,10.38,4.03,3.48,4.90,4.04,4.22,9.57,11.74,5.06,5.24,4.07,9.06,3.53,4.55,4.09,7.90,3.92,10.52,10.59,4.19,5.06,3.73,3.83,3.47,4.77,8.30,1.00
8.20,8.86,10.53,10.72,6.55,3.80,9.64,6.49,3.99,4.61,9.83,3.64,4.11,6.76,8.64,4.11,7.94,3.74,8.29,6.66,3.99,3.99,5.22,12.17,10.29,5.40,5.17,8.93,6.29,9.69,11.05,10.22,5.17,8.41,9.75,6.43,3.48,4.89,6.24,5.57,4.49,12.42,6.34,4.89,4.43,3.95,3.67,4.15,4.19,7.85,0.00
7.95,5.07,11.19,5.54,5.52,3.94,3.34,6.41,3.71,8.11,9.43,4.26,4.38,6.37,7.64,4.93,5.84,3.38,9.41,12.26,3.85,5.20,3.81,4.34,11.65,6.01,3.99,4.98,4.30,10.14,13.16,12.01,5.05,5.58,4.02,7.98,3.44,6.02,3.91,4.62,6.10,12.40,10.70,7.13,4.16,6.69,3.67,3.59,4.10,8.98,1.00
8.05,6.80,9.88,4.41,4.61,8.11,4.07,6.98,3.71,8.47,8.42,3.96,3.67,4.22,7.85,5.83,7.94,3.72,4.25,8.24,4.15,3.29,3.83,4.86,10.25,3.85,3.53,8.99,5.26,9.74,11.94,8.49,4.95,4.91,4.22,4.31,3.39,4.74,5.08,5.58,3.96,10.44,12.39,9.25,4.46,4.03,3.75,3.85,4.11,9.42,1.00
8.25,7.73,6.03,9.40,5.82,5.68,9.42,6.20,3.60,4.51,9.35,3.94,4.00,7.81,7.49,4.72,9.31,3.58,9.45,9.17,4.14,3.61,8.84,5.91,9.69,3.72,3.75,6.14,5.34,10.15,10.28,7.91,5.03,9.56,5.61,5.43,4.03,6.81,8.35,6.52,6.36,10.15,7.31,5.85,4.15,3.65,3.74,7.76,4.00,9.17,0.00
7.72,8.20,10.12,9.62,6.40,4.71,9.09,7.75,3.74,6.04,9.86,4.59,3.79,6.72,6.91,5.72,9.20,3.58,7.86,10.03,3.83,4.02,3.79,7.33,9.09,6.98,3.61,7.58,5.69,10.06,10.85,10.31,5.09,11.23,4.81,6.36,3.59,5.69,8.41,4.82,5.21,11.71,7.19,4.41,6.62,4.20,5.09,6.68,3.86,8.70,1.00
7.50,7.67,10.24,9.95,6.46,4.09,8.58,7.66,3.85,8.42,9.22,4.13,8.46,7.79,6.11,10.49,4.32,3.62,5.38,11.82,3.91,7.27,3.60,4.29,10.46,5.40,3.54,4.86,4.15,10.24,4.51,9.08,4.97,5.72,4.00,4.30,7.52,4.49,4.34,8.17,6.50,11.20,9.50,8.31,4.22,3.93,3.96,3.45,9.36,9.01,1.00
7.26,5.54,8.41,7.04,6.61,3.85,9.80,6.06,3.74,4.54,7.60,4.06,4.12,6.54,8.41,10.85,7.52,5.62,8.94,5.52,4.09,4.79,3.70,4.97,11.22,5.56,4.59,4.78,6.22,7.93,10.93,4.61,4.97,10.13,5.19,4.47,3.27,4.97,10.30,5.37,4.38,9.74,8.37,4.96,4.02,7.57,3.71,3.47,4.32,10.00,0.00
8.23,7.15,7.64,8.23,4.29,11.68,10.33,6.29,3.65,5.22,10.40,5.23,3.91,7.35,9.77,6.69,9.63,3.48,8.89,4.82,10.27,5.00,4.05,12.46,10.08,5.04,3.83,9.82,4.00,9.24,10.71,6.66,5.10,5.51,8.30,6.31,3.21,4.19,9.07,4.40,8.39,10.05,10.25,5.84,4.24,6.74,4.13,4.06,4.24,9.09,0.00
7.45,7.01,7.55,7.75,5.24,3.96,11.16,5.55,3.75,5.51,9.54,4.09,3.53,6.92,8.00,9.65,8.73,4.64,7.30,7.22,7.94,3.31,3.68,13.74,10.27,3.90,3.65,6.67,4.67,8.74,9.51,4.34,6.31,7.07,4.57,5.75,3.30,5.65,6.48,7.17,3.88,10.77,9.79,4.43,4.05,4.73,3.90,4.95,4.26,8.97,0.00
8.45,6.44,10.68,9.22,5.52,4.14,9.83,5.39,3.69,5.31,7.04,4.20,3.55,5.82,8.01,11.32,7.82,3.68,7.36,4.54,10.58,3.83,3.71,12.92,11.61,5.16,3.84,4.51,4.05,4.04,9.60,7.28,11.64,7.27,6.81,8.14,3.41,5.06,4.85,5.78,4.10,9.13,8.57,5.41,5.45,6.30,3.95,3.79,3.99,9.51,0.00
8.68,6.25,6.40,10.99,8.35,4.65,9.90,7.41,3.64,6.10,10.08,3.97,3.82,8.28,8.24,7.22,9.23,3.34,4.54,4.09,5.01,3.30,3.81,4.33,11.38,3.52,6.43,4.56,4.15,8.15,10.65,11.20,5.27,9.83,4.33,5.94,3.31,5.42,9.59,6.28,3.95,8.45,13.70,6.15,3.96,3.85,3.65,3.73,4.26,9.67,0.00
8.46,6.50,6.42,5.23,7.75,4.05,9.73,5.84,3.70,4.64,10.86,4.69,4.14,5.77,9.43,8.19,9.69,3.49,8.68,4.78,4.35,3.61,3.80,10.47,10.88,3.26,3.92,5.06,4.12,4.29,10.70,4.44,5.41,9.93,4.65,7.59,3.65,5.28,4.36,4.95,3.96,10.89,7.12,5.41,4.41,4.09,4.00,4.18,4.57,8.74,0.00
7.52,5.35,11.57,5.20,7.46,4.12,8.12,6.73,4.08,6.45,9.74,4.35,6.66,8.97,8.09,4.66,4.45,3.42,9.69,12.14,4.17,4.14,3.82,4.83,10.97,3.20,10.18,4.86,3.95,9.59,9.67,10.24,5.69,6.25,3.86,8.07,3.51,4.65,3.93,6.78,3.99,11.43,12.20,5.23,4.33,3.97,3.89,3.30,4.10,8.30,0.00
6.68,9.05,10.08,4.59,7.34,4.36,4.43,6.18,3.68,10.11,10.45,3.90,4.50,4.69,7.59,7.69,7.90,3.49,8.48,5.48,9.93,3.89,7.14,5.05,9.97,3.23,3.62,5.36,4.90,9.69,8.28,10.69,4.88,5.52,3.97,4.37,3.41,4.56,5.10,4.86,6.01,8.59,6.18,10.74,4.11,4.16,4.11,3.64,3.87,9.02,1.00
8.96,7.61,11.06,5.52,4.68,9.02,9.28,5.47,9.22,6.02,8.95,5.84,3.96,8.12,9.46,6.62,7.50,5.67,8.68,4.59,4.06,4.11,3.67,4.83,10.51,5.93,3.94,9.65,4.01,4.24,10.22,10.72,5.35,7.47,4.22,5.15,3.51,5.26,9.51,5.06,3.95,9.76,12.44,6.59,6.97,9.99,7.10,7.18,5.05,9.50,1.00
7.96,6.61,10.16,7.77,6.69,11.04,9.31,5.59,3.62,6.09,9.48,3.93,4.05,7.60,8.87,5.80,7.93,5.56,8.83,8.42,4.04,3.59,4.06,4.71,10.87,5.58,4.76,8.84,7.74,9.81,9.79,9.95,4.93,8.36,9.61,6.06,3.82,7.22,5.30,5.27,4.47,10.08,9.41,5.62,4.35,3.75,4.29,7.79,3.82,8.83,0.00
7.12,9.63,11.43,9.43,4.65,14.09,8.22,6.36,3.78,5.83,8.47,3.85,3.77,9.30,6.63,6.74,8.48,6.16,7.76,9.63,6.52,5.87,3.86,5.12,9.82,3.46,4.21,10.52,9.91,8.96,10.67,8.78,4.93,8.40,4.55,7.34,3.85,5.61,11.86,5.51,4.67,10.34,11.68,5.58,4.83,3.89,8.32,3.72,4.26,9.19,1.00
8.68,10.29,7.58,6.25,4.84,11.07,8.20,6.20,4.19,5.44,8.53,4.01,4.45,6.97,6.22,7.54,9.94,3.42,7.09,9.89,11.33,4.87,3.79,5.02,10.08,7.16,7.51,10.46,5.15,9.27,8.46,10.32,8.97,8.34,4.13,9.98,4.06,7.62,8.95,8.27,4.20,9.74,14.15,6.75,4.43,9.32,4.19,4.10,3.82,8.31,1.00
9.95,8.13,6.29,5.58,5.42,5.16,9.60,4.93,3.86,5.79,8.55,4.38,5.09,8.55,8.48,6.97,9.59,3.45,8.70,13.63,3.80,3.54,4.03,4.79,9.85,4.46,4.11,6.49,3.92,9.26,11.13,10.00,9.94,4.96,4.26,8.00,3.99,7.61,9.10,6.77,3.96,11.22,6.06,6.82,4.42,4.12,3.82,3.63,4.37,8.55,0.00
8.68,7.12,7.47,10.19,4.64,11.21,8.57,6.49,3.86,5.02,8.06,4.01,6.30,8.85,8.30,7.25,10.48,3.34,9.40,11.05,4.06,4.58,3.88,4.43,10.35,8.13,3.76,8.47,4.32,8.23,10.64,9.92,10.95,5.55,4.79,9.83,6.69,8.92,9.96,6.10,4.18,10.07,13.06,5.90,4.07,4.78,4.14,3.61,3.99,7.72,0.00
8.17,6.27,7.64,7.85,6.41,3.97,9.29,6.73,3.97,4.90,8.08,7.49,3.84,6.38,8.14,7.60,8.76,3.71,6.49,5.03,6.49,3.70,4.10,4.85,9.80,3.67,4.33,5.17,4.04,8.92,10.79,9.67,12.12,8.22,4.53,8.42,3.58,4.42,9.70,7.41,10.53,10.33,7.15,4.83,4.44,9.41,4.04,4.21,4.24,8.61,0.00
7.79,10.64,10.85,6.73,6.00,7.05,10.30,6.65,4.08,4.82,9.65,4.41,3.77,7.44,8.56,5.84,10.03,3.56,8.35,4.40,4.09,5.15,3.99,13.04,9.94,5.36,4.30,8.89,3.98,9.25,10.03,8.24,5.21,11.05,8.55,7.21,3.55,4.61,9.04,5.65,4.74,10.59,6.79,4.69,4.04,4.00,4.30,8.16,3.88,8.83,0.00
6.79,6.17,9.66,10.04,7.82,4.10,9.29,6.46,4.35,5.44,6.31,6.24,3.91,4.45,9.16,10.38,4.39,3.43,6.61,5.23,4.24,3.51,4.17,4.49,9.90,6.29,3.93,4.42,3.94,4.11,8.48,10.19,8.14,10.66,4.22,8.52,3.40,4.57,4.15,4.17,4.18,7.28,12.87,4.66,4.68,9.90,3.76,3.44,3.78,9.44,1.00
7.54,6.06,5.39,4.90,7.20,4.16,8.70,7.16,3.87,6.05,8.60,4.01,9.36,4.46,7.17,10.25,4.36,3.60,4.70,8.68,4.34,4.78,3.86,4.73,9.92,6.48,3.72,4.83,4.28,4.45,4.09,5.02,5.50,8.12,4.19,4.71,5.59,5.18,4.16,5.91,3.96,9.98,5.72,6.34,4.21,4.09,4.26,3.48,10.49,9.31,1.00
8.08,8.50,11.02,10.18,5.75,3.96,8.56,5.61,3.55,4.26,10.52,5.57,4.20,6.26,9.59,7.31,8.81,3.31,7.50,5.28,4.07,4.15,8.00,5.11,10.52,3.06,3.92,4.77,4.65,8.43,10.59,10.72,8.61,11.56,4.64,7.11,3.40,4.80,4.77,4.44,4.30,9.78,7.62,6.11,4.17,4.51,3.81,3.58,4.28,8.89,0.00
5.26,6.64,7.12,7.57,7.26,4.06,10.45,6.69,3.78,4.47,9.03,5.22,3.99,4.91,7.34,11.62,8.83,3.40,5.92,5.12,4.12,3.62,5.75,4.90,9.99,4.14,3.57,4.93,4.66,8.58,11.22,11.31,11.00,10.08,4.05,8.06,3.30,4.38,7.10,4.99,3.90,11.62,11.75,5.79,4.20,5.92,3.61,4.90,4.44,9.89,1.00
6.65,8.00,11.55,8.63,7.01,4.20,8.90,7.09,3.70,5.61,9.75,4.11,3.57,5.46,7.54,5.85,10.16,3.99,8.11,4.63,4.16,7.31,4.77,4.15,10.59,3.91,5.43,4.65,4.05,9.03,11.69,9.32,5.03,8.70,10.04,4.32,3.85,4.96,4.14,5.22,7.72,12.95,8.01,4.18,6.13,7.61,3.46,5.39,4.59,8.23,0.00
7.52,6.28,11.96,9.05,7.33,8.34,9.68,7.32,7.06,7.75,9.41,4.21,3.79,6.41,9.09,7.73,11.01,3.71,8.45,5.03,4.69,3.50,5.18,5.08,10.10,2.97,3.85,4.93,4.08,9.32,10.60,9.92,5.05,9.87,4.47,5.08,3.38,5.44,6.69,5.07,3.82,10.89,13.39,4.55,4.26,3.92,3.79,3.84,4.36,9.35,0.00
9.10,7.47,10.14,9.03,7.82,4.14,10.26,5.92,3.67,4.79,4.33,5.84,3.80,4.12,10.44,10.50,4.11,3.23,8.95,4.23,5.54,3.53,8.04,5.00,11.04,3.23,12.11,5.26,4.07,3.88,10.39,11.75,11.18,10.68,4.30,7.12,3.45,4.42,10.34,3.92,3.72,10.44,14.02,6.68,4.24,3.87,3.94,3.33,4.37,9.51,0.00
6.81,4.32,4.93,5.49,5.90,3.93,8.72,9.27,10.09,5.87,9.61,4.13,3.80,6.48,6.89,4.24,4.49,3.47,6.82,3.86,4.07,5.56,3.75,4.52,8.92,3.44,4.06,9.88,4.41,10.45,9.60,8.86,4.72,7.43,3.95,5.15,5.98,4.85,8.37,6.35,4.17,9.90,5.19,6.04,5.24,3.96,5.58,4.48,3.86,9.58,1.00
6.99,6.39,10.35,10.77,4.51,4.87,10.46,5.62,3.63,5.21,9.33,3.93,4.40,9.31,7.61,5.00,9.40,3.43,9.66,11.83,3.83,4.34,3.80,4.69,10.44,6.19,3.62,8.54,4.64,8.35,10.87,10.76,7.37,4.79,4.20,8.70,8.50,8.01,7.11,6.59,3.62,11.47,6.71,5.53,6.65,4.09,3.75,3.63,4.48,8.14,0.00
7.37,7.92,6.94,9.44,6.20,9.54,9.74,5.40,5.07,4.79,9.88,4.37,3.80,7.48,8.12,4.88,8.00,3.64,5.94,5.79,5.50,4.47,4.93,10.63,10.15,3.63,5.00,5.39,8.28,9.20,11.57,7.60,4.98,11.00,9.29,6.12,3.51,4.78,7.67,5.09,4.65,9.54,7.51,5.45,4.72,4.11,3.54,8.02,4.05,9.63,0.00
8.76,7.03,7.87,9.83,4.81,4.30,10.93,5.39,3.67,5.56,9.31,3.98,3.70,8.57,7.16,7.75,9.16,3.51,11.05,8.66,3.82,4.81,8.18,4.94,10.20,3.36,3.63,5.07,4.09,3.95,10.02,10.55,5.20,10.65,4.12,6.23,3.10,4.89,11.22,5.55,7.94,9.88,8.52,5.20,4.06,3.84,5.75,6.49,4.09,9.77,0.00
7.64,5.65,10.18,9.59,7.04,4.08,10.05,7.01,4.12,5.49,9.84,4.48,4.02,4.60,8.93,4.60,10.58,3.34,10.55,10.67,5.58,4.36,10.73,8.05,10.10,3.28,5.09,8.17,3.94,5.43,11.01,11.21,4.95,9.94,4.12,4.43,3.40,4.86,9.73,5.43,5.66,4.54,8.39,5.67,4.19,3.85,4.18,3.40,4.12,8.87,0.00
8.97,6.89,8.36,10.18,6.79,4.39,9.43,6.67,3.64,5.82,8.42,8.28,4.15,6.79,7.71,6.55,8.15,3.48,8.84,8.19,3.84,3.34,9.58,10.27,10.83,3.05,3.72,5.26,4.14,4.20,11.65,9.71,4.71,11.20,4.03,7.65,6.31,9.12,9.47,7.38,8.63,10.29,9.02,7.68,3.89,3.88,3.73,4.05,4.10,9.24,0.00
8.06,9.50,6.97,8.62,7.83,4.42,4.27,7.66,5.29,9.40,10.42,4.15,4.72,7.00,7.71,9.52,6.78,3.57,8.66,4.75,9.06,3.73,5.11,4.92,8.43,3.32,3.62,5.42,4.20,5.31,9.74,10.80,5.39,8.40,4.06,6.04,3.52,4.90,5.00,6.77,4.02,7.83,8.09,9.18,4.32,4.21,3.79,3.45,4.63,9.41,1.00
7.87,8.35,9.00,6.11,9.64,4.40,5.32,7.13,3.74,8.07,8.85,4.21,7.67,7.31,5.10,8.17,4.50,3.47,4.88,5.28,4.29,3.60,4.01,4.51,10.74,3.24,3.89,4.85,4.34,9.45,6.45,7.98,5.59,7.99,4.12,4.23,4.03,5.71,4.23,8.18,4.07,9.66,7.50,5.64,3.97,3.93,3.90,3.26,10.12,7.40,0.00
5.65,10.33,5.99,9.47,7.21,3.82,7.80,6.66,4.26,6.18,9.57,4.20,3.92,6.50,7.90,4.88,8.21,9.06,4.42,4.57,4.32,5.85,8.85,4.64,9.21,5.00,4.63,5.39,9.55,9.08,10.88,9.63,4.60,8.93,11.04,5.08,6.88,4.56,4.66,6.17,3.93,9.14,7.69,4.78,4.50,4.03,4.20,3.71,3.86,8.87,1.00
9.24,7.74,8.66,5.28,7.90,3.89,5.90,6.17,3.67,7.22,9.79,3.79,4.02,7.20,8.03,7.80,4.14,5.48,6.31,12.31,3.91,3.69,3.68,4.27,8.57,3.72,3.45,4.94,3.99,10.37,9.74,10.07,4.66,7.57,3.99,5.24,4.03,6.96,3.98,7.19,3.99,10.85,5.92,5.67,6.00,3.85,3.77,4.12,4.16,9.23,1.00
7.79,9.81,11.39,9.37,7.78,4.09,6.85,6.87,3.85,8.44,7.98,3.94,8.45,4.28,8.61,11.25,4.79,3.34,4.53,10.48,3.80,3.93,3.97,4.92,10.61,3.58,3.63,5.77,4.01,4.18,3.66,8.71,4.87,5.07,4.17,4.50,8.55,4.71,4.08,8.57,3.93,11.32,10.95,5.71,4.23,3.85,3.86,3.26,8.68,7.71,1.00
7.75,6.00,12.45,10.05,7.49,4.06,9.64,5.96,6.82,8.17,6.70,4.38,3.87,4.55,6.57,4.38,7.34,3.60,5.53,9.50,11.78,3.84,3.87,5.33,10.12,6.37,3.88,5.52,4.11,5.60,9.78,9.29,5.09,6.89,4.05,4.30,3.32,4.88,4.05,7.78,4.35,9.94,11.58,5.67,3.96,4.63,4.47,3.40,4.07,7.96,1.00
6.81,9.04,9.68,5.96,7.05,4.10,7.84,6.75,3.80,9.43,4.35,3.97,10.59,6.53,4.52,9.42,7.12,3.32,5.16,9.90,4.04,4.39,3.88,4.71,10.50,3.56,3.73,4.96,4.05,4.09,9.13,8.21,5.07,9.18,4.26,4.65,8.53,4.55,4.00,7.47,3.83,8.67,8.72,4.41,4.15,3.90,7.19,8.14,4.37,7.08,1.00
6.39,9.11,7.04,9.18,6.56,3.97,10.68,5.85,4.83,4.79,8.31,9.12,4.25,4.90,6.83,10.63,9.17,3.47,5.68,4.88,4.61,4.09,7.98,4.90,10.78,3.08,3.68,4.63,4.28,3.97,11.21,11.10,9.41,12.99,4.12,5.58,3.71,4.41,10.68,6.32,4.80,10.11,14.02,5.88,6.64,11.16,3.61,4.97,4.13,9.39,1.00
8.31,7.00,11.75,5.45,6.20,4.09,8.79,5.98,10.35,6.83,8.66,3.85,4.47,4.24,9.90,7.17,6.11,3.40,9.97,11.05,3.91,3.41,3.76,4.62,11.84,5.15,3.60,4.75,4.15,4.07,10.28,11.32,4.88,8.81,4.09,8.48,3.36,4.56,4.29,4.86,3.90,11.21,11.28,6.49,5.30,3.85,7.61,5.05,4.21,8.31,1.00
8.30,5.73,12.06,5.47,6.63,4.48,8.86,6.47,3.97,6.58,8.83,4.23,4.98,5.52,8.60,8.55,5.93,3.46,7.93,12.41,7.53,6.69,4.00,4.59,9.90,3.26,3.67,4.89,4.02,4.86,9.08,11.08,5.19,4.65,4.46,9.45,3.38,5.10,4.07,6.37,3.83,10.88,11.22,5.17,4.72,3.94,4.27,6.87,4.56,5.27,1.00
9.50,12.32,7.83,5.60,6.68,4.39,10.41,6.03,3.92,8.64,4.63,4.67,4.08,5.72,8.37,5.25,4.28,3.77,5.09,7.68,4.50,4.17,3.92,5.20,10.54,4.08,3.66,6.12,4.51,4.54,6.70,5.68,5.56,4.87,5.11,4.49,3.57,5.01,4.01,4.15,4.05,9.72,13.03,5.19,4.90,4.06,3.99,3.38,4.70,6.31,1.00
9.90,6.20,11.45,9.45,5.57,4.11,9.72,5.85,6.66,4.23,8.27,7.02,3.42,8.39,7.15,10.12,8.87,3.82,8.85,4.83,8.37,3.30,7.16,4.86,11.21,5.06,5.53,4.53,4.58,8.24,9.75,9.16,5.76,12.57,3.94,5.89,3.59,5.08,7.39,5.64,4.51,9.01,9.04,4.80,4.45,3.95,3.86,5.85,4.41,9.12,0.00
7.14,6.93,5.98,8.51,7.57,4.24,7.68,5.11,3.68,4.50,4.66,6.66,3.74,4.50,6.29,12.19,7.73,3.76,4.46,4.31,5.50,3.51,7.39,6.10,9.35,3.55,3.73,4.39,3.95,10.40,11.42,8.95,12.38,10.44,8.06,6.96,3.50,4.41,9.51,6.00,5.39,8.77,8.55,7.29,3.68,7.67,3.76,3.71,3.82,9.39,0.00
8.50,7.70,5.14,5.53,7.91,4.06,6.78,6.24,4.89,7.50,10.87,4.58,3.87,4.33,9.26,4.99,4.14,4.33,7.38,10.18,4.12,6.46,3.94,4.79,10.16,4.06,3.93,8.10,4.11,4.02,8.99,10.35,5.32,6.35,5.98,4.36,8.59,5.41,4.17,4.14,3.89,10.59,5.65,4.76,4.35,4.10,3.91,3.61,4.38,8.04,1.00
8.00,8.97,3.94,6.16,8.11,4.41,10.29,5.96,4.38,6.55,9.20,4.46,3.80,8.65,8.82,7.00,4.80,3.53,7.01,5.78,4.08,3.78,3.96,6.48,10.84,4.82,3.81,6.40,4.10,5.15,8.88,10.62,5.34,9.25,4.30,6.73,9.78,5.17,4.69,6.57,3.99,10.04,9.09,6.50,4.26,3.86,3.98,3.58,4.37,7.91,1.00
9.32,11.53,5.38,4.89,7.86,4.36,11.25,6.92,8.38,7.33,9.05,4.32,3.71,7.83,7.30,7.19,4.13,8.16,8.53,9.68,4.19,4.02,3.82,4.57,10.71,7.48,3.56,8.93,3.99,10.91,8.52,8.44,5.58,6.75,4.22,4.41,10.79,4.95,4.04,6.69,4.85,9.60,7.63,6.46,4.13,3.89,4.58,3.61,4.39,5.75,1.00
9.05,9.20,5.93,5.57,7.41,4.26,10.59,5.95,3.91,6.98,7.92,4.49,4.34,7.02,9.07,5.67,4.65,8.68,5.35,10.95,8.19,3.39,4.17,4.67,10.57,5.18,4.21,5.00,4.07,4.72,9.79,8.39,5.42,9.11,4.27,7.14,7.96,5.18,4.26,4.97,3.98,8.85,10.39,5.98,4.44,3.98,3.95,3.72,4.46,6.73,1.00
7.14,6.32,11.07,6.74,6.76,3.81,9.52,5.86,3.63,4.74,6.72,10.18,4.21,5.33,9.03,6.10,9.39,3.40,9.62,5.33,3.89,3.29,3.86,5.16,9.63,3.62,3.53,4.44,4.97,9.66,9.76,6.54,11.08,8.86,6.57,8.97,3.39,4.88,6.24,8.07,10.04,10.75,7.93,4.79,4.90,8.69,4.03,3.71,4.10,9.43,0.00
8.57,7.82,11.11,5.84,5.83,8.34,8.65,7.44,4.63,6.40,8.54,3.77,3.92,8.48,8.96,7.98,4.93,3.49,7.63,4.73,10.24,5.79,3.76,5.18,9.20,3.11,7.01,9.74,4.89,8.69,9.71,10.23,5.01,9.57,4.24,8.67,6.65,4.72,9.09,4.56,4.50,9.44,10.97,6.25,4.32,8.36,7.74,3.41,4.10,9.25,1.00
6.86,5.05,11.10,5.80,5.91,4.22,9.01,6.79,4.26,5.69,9.47,4.04,5.63,8.54,9.49,4.86,5.37,3.48,9.14,11.30,4.01,6.50,4.00,4.61,11.30,3.78,3.81,5.17,4.16,9.16,11.81,11.22,6.01,4.50,3.96,7.06,3.55,5.04,4.49,6.26,4.13,10.52,13.62,4.32,4.57,7.05,3.75,3.53,4.41,6.04,0.00
7.44,6.49,12.46,6.56,5.30,4.61,8.04,7.40,10.02,5.54,9.80,4.15,3.68,6.33,7.29,8.08,8.92,3.33,9.15,4.66,10.22,4.10,3.76,4.71,9.69,3.39,3.53,4.83,5.12,8.38,9.16,9.60,4.59,13.67,4.25,6.28,5.43,4.33,8.70,4.79,3.83,10.07,14.35,5.06,4.04,3.67,3.64,4.62,4.54,10.23,1.00
7.31,7.01,9.66,7.41,7.06,4.01,8.98,5.53,3.82,4.47,9.94,4.31,3.95,7.45,7.89,8.04,8.10,3.53,5.59,4.44,5.01,6.98,3.78,5.79,10.31,5.42,3.49,4.95,3.80,9.83,10.55,6.85,10.71,5.37,8.15,8.83,9.27,4.62,4.00,6.69,6.56,10.81,5.92,6.27,4.21,4.10,3.96,3.70,4.23,9.22,0.00
9.15,6.66,7.59,5.45,6.38,4.10,9.52,5.50,4.63,4.41,8.33,10.76,3.81,5.78,8.30,4.84,8.66,4.59,9.20,4.35,5.67,3.31,4.12,7.49,10.96,3.52,3.80,4.87,5.31,9.62,10.34,8.36,11.29,5.36,6.67,6.46,3.52,5.21,7.85,6.39,10.45,9.18,6.39,5.90,4.30,7.09,3.73,3.62,4.20,9.43,0.00
7.20,6.16,10.17,7.24,7.48,4.11,9.11,6.32,3.56,5.27,6.47,9.30,4.17,4.96,7.92,9.08,7.91,3.35,4.99,4.33,7.88,3.69,3.94,4.97,10.27,3.44,3.44,4.87,4.07,8.84,10.47,6.52,11.85,9.29,7.35,7.21,4.18,4.78,8.88,5.30,6.18,9.65,8.86,5.64,4.20,6.67,3.99,3.55,4.14,8.71,0.00
9.11,9.70,5.71,4.73,7.75,4.47,9.14,7.60,9.45,8.03,7.74,4.15,4.02,7.07,7.21,4.83,4.32,8.29,7.15,10.13,4.16,3.63,3.92,4.28,11.04,6.81,3.71,8.64,4.05,4.11,9.57,6.90,5.02,6.73,4.23,4.79,9.72,5.13,4.74,6.83,3.99,9.04,5.47,6.10,4.25,3.95,4.13,3.58,4.61,7.29,1.00
9.94,8.21,5.71,5.05,5.59,4.14,9.56,5.35,3.70,5.39,7.24,8.80,4.87,7.81,8.32,5.69,8.40,3.51,9.27,6.06,3.65,3.98,3.81,4.56,11.34,5.08,4.36,4.80,7.25,9.00,10.13,10.17,10.22,5.58,4.01,9.08,3.38,7.40,8.28,7.48,10.32,9.21,9.35,6.89,4.60,6.34,3.72,3.60,4.53,9.09,0.00
9.74,11.34,5.76,5.06,7.71,4.25,9.04,6.13,5.15,7.31,10.08,4.26,4.33,8.40,5.61,5.76,4.47,7.32,7.89,10.71,4.08,4.51,3.98,4.53,10.12,4.87,3.69,6.54,4.11,9.57,8.66,8.22,5.07,8.40,4.04,5.41,10.65,4.70,4.65,5.22,3.93,8.92,5.01,6.08,3.99,4.00,4.11,4.11,4.51,8.50,1.00
6.79,8.98,10.97,8.53,7.95,4.14,6.78,6.52,9.31,7.08,11.07,7.53,4.39,4.72,8.29,9.84,4.73,3.48,7.06,5.97,4.02,4.00,5.04,4.73,11.14,7.04,3.76,5.07,3.70,4.38,9.53,10.92,9.92,9.72,4.08,9.00,3.20,4.75,4.33,4.82,3.88,9.02,10.58,6.77,4.50,3.96,3.89,3.48,3.87,10.23,1.00
8.19,5.44,5.94,7.00,7.40,4.15,9.37,6.29,3.77,5.69,10.23,4.46,7.97,9.67,8.22,9.69,4.45,3.77,4.80,10.48,4.20,3.91,3.99,5.10,9.82,4.35,3.49,5.27,3.94,10.01,4.02,8.17,5.61,4.82,4.15,4.11,3.27,5.16,4.52,6.94,4.04,5.23,12.08,5.22,4.06,3.81,3.64,3.71,9.66,9.28,0.00
7.87,8.97,9.24,10.85,7.20,5.73,9.05,5.10,4.13,6.82,5.65,6.73,4.07,4.62,7.23,11.53,6.48,3.41,5.15,4.29,4.59,6.32,3.60,13.11,11.07,3.05,6.49,4.65,4.08,6.99,11.58,8.81,12.91,6.76,4.10,6.93,3.49,5.63,6.11,7.01,4.06,10.02,13.37,5.84,4.20,8.39,3.84,3.56,4.24,9.04,0.00
6.59,5.71,9.26,10.48,4.61,3.90,9.70,6.95,6.65,4.48,9.61,4.63,3.96,4.24,6.91,9.73,7.64,3.39,8.16,4.50,4.00,5.44,3.74,11.98,10.52,3.49,4.64,4.81,3.87,9.40,10.57,4.80,12.23,5.10,5.06,8.56,3.32,7.13,5.03,6.28,5.30,10.88,9.81,6.87,4.71,7.09,3.91,4.03,4.02,9.29,0.00
9.05,7.05,6.40,11.61,4.70,7.80,9.90,6.06,3.72,6.13,9.29,3.70,3.78,8.26,7.38,4.76,10.27,3.37,8.21,11.06,7.82,5.81,3.87,5.75,9.88,3.87,3.77,8.75,5.69,8.03,9.72,10.87,6.27,8.59,4.38,10.61,3.88,9.14,6.47,6.96,4.06,10.97,10.90,7.90,5.89,8.63,4.19,6.40,4.21,8.38,1.00
7.93,5.34,9.61,5.34,5.67,4.14,9.29,6.22,4.50,5.52,9.43,4.40,9.98,8.55,9.23,5.85,5.83,3.50,9.47,12.28,3.97,6.41,3.73,5.16,11.79,5.34,3.40,4.95,4.16,9.32,10.99,10.51,4.76,5.29,4.27,5.76,3.52,4.42,4.22,6.24,7.40,9.52,11.73,4.28,5.18,4.43,5.54,3.38,4.42,7.87,0.00
8.66,10.10,11.69,5.62,10.94,10.72,8.54,6.27,3.64,6.37,9.72,5.82,3.94,4.60,9.01,5.18,9.20,7.56,7.47,5.06,4.09,3.42,3.92,5.16,10.85,3.48,3.76,8.29,6.52,9.54,12.79,10.42,5.30,6.50,4.10,4.51,3.89,5.10,11.77,6.45,3.85,10.97,13.58,4.61,4.09,4.05,4.00,5.53,4.10,9.46,0.00
8.35,6.89,10.73,5.50,7.28,4.07,10.00,4.84,7.06,4.90,8.69,5.81,3.83,7.53,8.15,8.43,9.04,3.80,10.17,4.36,5.05,4.92,3.94,5.67,9.81,7.06,7.80,4.57,4.89,9.49,9.68,9.50,6.37,9.59,3.90,5.12,5.26,4.85,8.16,7.34,3.84,10.26,7.95,4.97,4.21,5.89,3.62,3.91,9.14,9.65,0.00
8.28,6.96,6.06,5.42,7.79,4.00,8.85,6.66,3.82,5.68,8.09,4.59,3.79,6.77,8.96,5.29,6.88,3.54,7.62,5.31,5.43,3.51,5.52,5.15,9.70,3.07,3.77,5.34,4.01,9.21,11.19,9.45,6.80,9.68,5.22,4.97,3.46,5.34,8.84,6.15,5.08,9.07,6.08,5.13,4.64,4.21,3.99,4.11,4.37,8.67,0.00
7.64,10.51,11.32,10.46,4.50,11.36,9.40,7.93,3.62,5.21,9.80,8.33,3.71,8.99,6.86,11.41,10.31,8.84,8.04,10.17,3.79,5.82,3.88,5.10,11.09,6.06,3.98,8.60,6.10,9.19,10.20,8.52,4.70,5.79,9.44,4.29,3.49,4.41,8.47,4.40,3.91,9.71,12.84,5.71,4.74,5.12,8.74,7.18,4.26,9.28,1.00
7.43,10.05,7.79,4.70,7.47,6.21,7.09,5.13,3.63,6.06,11.23,3.88,3.85,7.91,7.60,6.27,8.39,3.52,9.43,5.27,4.56,5.16,3.60,4.19,10.42,3.67,11.87,10.44,3.85,9.43,10.42,11.03,4.97,8.82,4.08,5.09,3.41,6.92,3.96,8.77,4.40,10.85,8.45,8.02,5.24,6.96,9.49,7.81,4.45,9.92,1.00
8.26,10.22,10.45,4.80,4.60,10.58,9.02,7.58,3.75,6.89,7.73,4.55,3.69,5.18,7.17,4.49,10.42,3.43,6.66,4.43,4.00,6.54,3.84,4.87,11.49,4.04,3.57,9.17,9.16,7.92,11.03,10.23,4.75,12.58,4.06,4.36,3.31,4.66,7.61,6.12,3.91,10.72,14.05,6.63,5.55,3.95,3.78,9.09,4.06,9.28,1.00
7.92,7.09,5.69,6.96,8.82,4.08,8.43,6.31,3.60,7.18,10.99,8.40,4.22,6.27,9.11,10.46,9.02,3.41,8.51,4.28,4.07,3.52,4.65,4.85,11.12,3.08,3.55,4.48,4.08,9.90,9.76,9.34,10.23,8.06,3.95,6.47,3.40,4.50,9.43,5.73,5.82,9.51,14.16,4.67,5.44,4.07,4.00,5.00,4.11,8.34,0.00
8.73,7.56,7.96,9.41,8.76,4.20,3.80,5.07,3.96,7.04,7.69,3.94,4.15,7.98,9.15,8.85,5.41,3.40,8.22,4.10,3.82,3.62,3.89,12.85,10.30,3.33,4.02,4.72,4.02,4.13,9.84,9.31,7.81,7.83,6.29,6.84,3.39,4.81,4.35,5.24,5.14,10.54,8.91,5.86,4.03,3.79,3.54,6.92,4.02,10.28,0.00
7.55,6.27,9.96,8.87,5.98,4.04,9.00,6.35,3.48,6.24,11.51,4.16,4.11,6.30,8.24,10.73,7.04,3.31,4.97,4.53,3.82,4.39,4.05,12.60,8.74,6.51,3.62,5.11,4.79,3.96,9.35,9.04,8.58,10.89,4.34,9.79,9.13,4.54,7.32,6.41,5.27,10.42,9.66,4.35,6.03,3.95,3.82,7.33,4.27,7.91,1.00
8.35,7.39,6.99,7.60,5.28,13.26,8.73,6.04,5.31,4.99,9.59,4.04,3.74,8.88,5.96,4.62,9.53,3.69,7.82,4.72,9.09,6.94,3.79,5.53,9.73,3.79,7.64,8.51,5.27,8.64,10.13,7.77,5.12,4.78,4.10,7.55,5.50,6.35,12.68,4.35,6.40,8.13,7.08,7.75,4.21,3.97,3.89,3.56,4.32,10.17,0.00
7.94,11.07,7.54,6.96,6.94,4.31,9.99,5.52,3.81,8.58,9.24,4.22,3.98,7.50,7.71,6.76,6.12,3.44,4.58,10.63,5.79,4.03,3.79,4.72,10.92,4.04,3.85,8.24,4.01,4.24,8.77,9.52,5.17,8.35,4.28,4.76,3.51,4.87,4.15,10.14,3.99,9.23,6.90,4.76,4.21,4.01,4.56,3.20,4.56,7.60,1.00
8.64,6.35,9.61,9.32,5.26,4.09,8.07,5.77,8.33,8.57,8.33,4.43,5.81,6.40,7.92,9.37,4.77,3.32,7.56,9.27,4.04,4.04,3.69,4.80,10.21,3.57,3.63,4.88,4.07,4.07,9.62,12.15,5.10,5.36,4.79,7.46,6.83,5.09,3.90,7.08,3.87,8.78,12.89,8.27,4.06,4.35,3.89,4.33,4.99,5.25,1.00
8.51,8.42,12.27,5.36,7.10,3.94,9.51,5.76,3.82,5.91,6.71,9.90,4.77,5.68,8.17,5.53,5.37,3.46,9.07,4.64,4.09,3.54,3.78,12.08,10.71,3.39,3.88,4.80,3.77,8.50,10.29,10.56,10.15,8.20,4.23,4.60,3.31,4.48,6.46,6.32,3.95,10.13,11.77,7.85,4.04,3.84,3.72,3.55,4.69,9.44,0.00
9.59,6.65,5.41,9.08,9.00,7.21,8.33,7.44,9.31,5.83,4.40,3.86,4.12,8.12,8.71,6.02,4.53,3.52,6.14,5.03,3.90,4.45,3.79,4.68,10.63,3.07,3.70,4.92,6.27,10.22,9.04,8.32,4.54,6.31,4.12,4.53,8.28,5.77,4.36,8.56,3.75,4.34,5.75,8.51,4.01,6.78,3.88,3.67,3.83,9.34,0.00
8.80,4.95,6.26,9.57,8.33,6.34,8.72,6.93,7.09,5.30,5.96,3.77,4.19,6.56,8.54,5.51,4.35,3.41,7.09,4.10,3.82,4.49,3.77,4.55,10.20,4.00,6.02,4.66,5.03,10.18,9.26,9.72,5.00,8.69,4.07,5.51,7.47,5.70,9.86,5.53,3.90,5.97,5.41,6.11,4.14,3.88,4.00,4.67,4.20,9.52,0.00
9.19,6.59,7.93,7.27,5.89,4.23,10.98,6.58,9.84,5.73,7.77,7.57,3.78,9.20,9.77,5.62,4.54,5.64,8.73,4.19,6.18,3.56,3.99,5.04,10.21,3.48,3.31,9.35,4.20,8.74,9.89,8.82,6.89,10.04,4.25,4.36,7.46,4.41,8.98,4.67,3.91,9.99,11.29,6.28,4.22,4.18,3.82,6.76,4.21,9.92,1.00
8.40,8.32,8.76,8.49,6.05,4.03,9.55,6.45,3.73,5.46,7.50,10.88,3.79,4.29,8.99,7.50,8.53,4.40,6.27,4.46,3.94,6.15,9.74,5.78,10.75,4.56,3.69,5.00,4.39,8.59,9.64,10.86,4.63,8.27,3.88,7.14,3.61,4.91,6.63,6.54,4.06,9.49,11.59,8.76,6.19,4.75,3.63,5.25,3.60,8.17,1.00
6.99,9.56,9.64,10.09,5.00,4.02,8.36,5.47,3.73,5.07,8.50,5.12,4.35,4.99,8.98,5.33,10.66,3.71,9.15,4.33,5.73,5.19,8.73,5.63,10.19,7.25,3.91,4.89,4.30,9.60,10.14,10.71,5.68,9.52,9.05,4.54,4.50,4.87,8.23,4.80,5.50,10.43,7.28,6.59,4.12,5.28,3.71,5.69,3.98,9.05,0.00
9.55,6.70,4.96,9.27,7.82,5.91,10.89,6.36,10.07,5.44,4.17,4.03,3.98,8.36,7.68,4.56,3.97,3.33,7.74,4.02,4.04,3.58,3.81,4.57,11.23,5.14,3.69,4.72,4.01,10.31,10.44,10.47,5.43,8.44,3.92,4.41,4.70,5.05,6.58,5.82,4.38,8.03,8.05,6.69,4.45,3.74,3.88,4.47,4.35,9.06,0.00
8.13,7.03,8.85,11.07,6.36,3.93,11.31,6.20,3.50,5.26,7.44,8.62,3.98,7.63,8.52,5.04,9.74,3.92,8.31,4.73,9.07,5.47,6.04,4.99,10.31,3.26,3.49,5.60,5.29,9.10,10.62,10.82,5.01,5.49,4.58,6.23,3.60,4.76,7.44,5.50,3.96,10.01,10.30,5.57,6.55,3.74,3.99,6.81,3.86,9.50,0.00
7.87,6.46,10.68,10.20,7.67,5.62,10.80,5.80,3.83,5.13,8.24,9.26,4.04,6.87,9.86,9.38,7.81,3.61,7.69,4.18,11.36,4.41,10.20,4.99,10.88,6.42,12.51,4.74,4.06,9.54,10.84,10.43,6.44,6.61,4.38,6.40,4.01,5.77,6.35,6.76,4.07,8.28,9.66,9.42,5.13,3.93,4.35,6.18,4.25,8.16,0.00
6.66,6.60,4.40,8.84,6.18,4.07,3.80,7.42,3.69,7.90,8.09,4.63,3.70,7.49,8.06,8.73,7.15,3.92,6.51,5.11,4.54,5.67,4.11,11.08,9.74,3.95,3.89,5.72,5.53,9.04,10.01,9.10,5.49,10.07,4.88,8.10,3.60,4.36,8.19,5.27,4.25,11.01,7.72,6.21,5.39,7.87,3.85,10.78,4.69,8.48,1.00
8.21,7.55,11.74,9.33,4.58,5.97,8.38,5.01,3.59,6.32,6.59,4.13,4.49,6.24,6.68,9.54,7.31,6.40,7.75,6.05,3.98,9.31,4.26,11.67,12.03,5.44,3.84,5.23,3.93,10.38,9.83,9.51,5.12,7.49,6.03,4.69,3.62,7.06,7.70,5.26,3.92,5.16,11.70,5.63,5.70,4.47,4.01,9.82,4.77,9.28,0.00
8.14,10.27,11.46,10.43,4.68,4.11,8.04,6.16,3.67,4.61,7.84,11.43,3.87,7.08,6.42,6.52,9.67,4.29,8.44,4.55,8.67,6.62,7.47,6.38,10.81,3.62,3.78,4.67,9.61,9.22,11.53,10.59,6.05,10.21,5.74,7.67,4.37,4.61,9.97,5.01,4.39,10.27,10.89,7.32,6.34,4.04,3.82,8.44,4.30,9.07,1.00
6.32,10.12,11.59,9.67,7.04,4.07,7.90,7.44,3.74,7.34,8.39,3.89,4.11,5.43,9.66,9.74,8.12,6.89,5.99,4.74,4.21,4.07,4.09,5.73,11.60,5.81,3.89,5.19,5.07,9.93,9.82,10.41,5.12,8.06,6.55,6.74,3.70,5.08,7.63,5.99,3.96,10.95,12.19,6.84,5.74,5.93,3.74,9.18,4.49,9.99,1.00
7.85,6.62,9.07,10.84,5.79,4.03,9.42,5.08,3.66,5.84,9.00,4.51,3.97,7.90,7.44,8.19,8.47,5.51,9.49,5.22,4.45,3.50,4.09,10.36,9.75,3.81,4.48,5.20,6.39,8.82,10.65,9.95,7.12,8.54,6.81,6.39,5.74,6.24,7.19,6.02,7.30,11.02,6.73,4.33,4.57,4.01,3.91,7.50,4.38,9.64,0.00
10.01,6.64,6.08,7.84,7.13,3.99,8.39,5.24,3.82,6.11,8.11,9.41,4.26,6.59,9.42,5.61,9.27,3.50,6.02,4.79,4.04,4.27,3.87,6.66,10.39,6.32,3.58,5.10,4.32,10.46,10.24,8.80,10.13,7.63,6.30,7.58,3.69,4.94,4.53,6.20,10.44,11.13,7.71,5.90,5.40,9.45,4.05,8.74,3.97,7.42,0.00
7.60,8.90,10.27,10.03,6.29,3.81,9.60,7.18,3.69,6.78,4.29,4.26,3.91,4.76,7.51,10.31,8.10,3.69,8.58,4.53,8.97,6.71,3.73,6.35,10.28,6.55,3.34,4.80,3.94,3.80,10.75,7.40,8.12,8.60,4.82,7.73,4.25,3.98,3.85,3.82,4.34,10.58,8.59,5.65,4.04,6.78,3.83,3.65,4.12,9.99,1.00
8.01,8.31,8.86,9.07,5.55,4.34,9.15,5.76,3.85,4.65,9.44,10.51,3.91,5.51,8.54,7.65,8.94,3.43,8.86,4.87,4.80,3.55,3.91,13.79,11.16,3.13,3.86,4.64,8.30,9.11,11.93,10.06,7.03,9.77,4.61,5.30,3.59,4.70,9.88,6.32,9.78,10.13,9.41,5.44,5.52,4.09,4.32,4.47,4.18,8.40,0.00
9.10,7.73,9.60,9.62,6.95,4.08,8.85,6.46,3.94,6.36,9.57,4.25,3.85,5.93,7.57,5.90,10.35,5.25,7.03,4.38,3.93,6.99,3.80,4.33,10.67,4.65,4.97,4.73,4.47,7.87,11.00,10.61,5.06,6.09,6.62,7.35,3.33,4.46,4.13,6.90,9.51,11.87,6.97,5.16,4.49,3.94,4.24,8.70,5.06,8.42,0.00
6.42,5.45,10.89,5.37,6.86,4.26,3.27,6.41,8.58,8.63,8.28,3.92,4.20,4.54,8.49,4.59,4.76,3.48,9.01,11.17,4.32,6.07,3.73,4.85,11.91,6.17,6.25,4.74,5.23,7.74,9.76,11.60,5.07,5.12,4.08,8.31,3.42,5.34,4.08,5.15,5.80,12.56,10.48,4.52,4.20,5.47,9.60,4.48,4.21,5.91,1.00
7.18,6.12,9.77,6.27,6.66,4.22,8.59,5.34,4.97,6.42,7.90,4.29,3.85,6.87,7.09,9.57,9.03,6.79,7.77,4.39,7.42,5.96,3.79,5.11,10.35,3.03,6.05,6.33,4.72,7.86,9.34,9.04,5.44,8.22,6.24,5.61,7.86,4.32,5.03,4.63,5.75,11.75,11.03,5.43,4.67,3.95,3.96,9.16,4.66,9.31,1.00
6.82,7.71,9.24,9.89,8.27,4.11,7.73,6.34,4.20,4.67,5.03,8.86,4.35,6.25,8.71,10.21,8.70,3.57,9.66,4.88,4.16,4.30,13.04,5.04,10.24,3.94,6.73,4.78,4.12,3.93,10.69,10.91,8.90,9.22,4.39,6.82,3.33,4.62,4.61,4.41,3.92,9.93,11.80,4.68,4.73,4.06,3.82,3.66,4.50,9.23,0.00
9.96,6.52,10.98,5.26,7.04,4.02,9.63,6.60,3.64,5.88,8.84,4.29,3.79,6.45,7.82,8.98,9.50,3.55,7.51,4.38,4.81,3.43,3.68,8.87,10.45,2.96,6.32,4.70,4.02,8.99,10.27,8.36,4.76,7.99,5.85,7.35,3.36,5.89,6.20,6.75,4.43,10.28,6.09,6.32,5.80,4.00,3.93,3.89,4.67,10.34,0.00
9.60,6.74,10.30,5.12,6.71,4.10,10.00,6.70,3.68,5.84,9.03,4.35,3.77,6.68,8.52,8.62,9.50,3.53,7.26,4.13,4.14,3.44,4.15,6.30,10.75,3.00,5.94,4.55,3.98,9.23,10.09,8.47,4.94,8.01,5.85,7.58,3.20,5.45,5.47,6.24,4.60,10.42,6.59,5.93,5.76,3.80,3.82,3.35,4.02,10.34,0.00
9.65,6.64,10.43,5.92,6.76,3.90,10.15,6.49,3.80,5.56,8.66,4.17,4.17,6.14,8.26,8.27,9.62,3.44,7.63,4.47,4.47,3.48,4.06,6.97,10.63,3.06,5.98,4.73,4.09,9.07,10.18,8.47,5.01,7.67,6.14,7.29,3.43,5.63,5.27,6.33,4.50,10.22,6.09,6.05,6.05,3.83,3.59,3.51,4.02,9.74,0.00
7.73,6.40,11.30,5.48,5.66,4.01,8.86,5.89,10.16,8.92,9.64,4.38,4.60,7.43,8.92,8.78,4.32,3.40,8.16,9.07,3.82,5.54,3.99,4.76,10.58,3.44,3.97,4.67,4.21,4.33,10.53,11.93,5.01,6.30,3.96,9.18,8.07,4.84,4.17,7.80,3.74,11.46,12.65,7.70,4.32,3.98,3.84,7.31,3.98,8.99,1.00
7.48,7.55,11.90,8.47,5.58,4.08,7.86,6.41,7.81,9.52,9.01,4.17,4.13,6.72,8.63,7.10,4.27,3.45,9.67,10.54,4.17,3.86,3.88,4.38,10.80,3.65,3.60,4.66,4.04,4.29,10.53,12.60,5.27,8.95,3.99,10.00,3.64,7.32,3.89,7.98,3.85,12.69,11.37,8.84,4.09,4.09,3.89,9.07,4.18,5.58,1.00
10.28,5.57,7.94,9.62,5.91,4.32,9.18,5.77,3.92,5.33,4.74,4.41,12.42,5.24,6.26,8.19,4.25,3.48,5.19,8.63,4.13,3.39,3.99,5.08,10.26,5.24,3.90,5.05,4.46,4.30,4.71,5.54,5.36,5.91,4.33,4.39,3.66,4.95,4.11,4.46,3.96,10.58,5.62,6.27,4.36,5.50,3.74,3.48,10.87,5.73,0.00
9.54,6.26,8.69,4.81,5.96,4.11,9.14,5.96,4.48,4.98,8.23,4.38,3.76,5.71,8.60,5.20,9.39,3.45,8.57,5.38,5.21,4.86,3.61,6.92,9.82,3.19,4.14,4.73,4.11,9.00,9.39,6.68,8.11,10.13,4.38,4.45,3.45,5.03,11.24,6.44,10.05,9.63,7.11,6.51,4.09,11.73,4.22,4.46,4.53,9.46,0.00
7.16,6.66,8.44,10.67,7.25,3.89,3.52,6.49,3.66,7.74,9.10,4.15,3.72,7.12,6.47,9.11,8.49,3.48,8.48,4.92,8.71,4.06,3.85,4.90,3.66,7.65,4.07,5.56,5.24,4.03,8.61,12.04,5.26,9.76,4.14,4.50,3.64,4.56,4.43,7.94,4.29,4.33,7.36,10.95,4.40,4.24,3.68,3.90,4.84,8.19,1.00
8.13,5.98,11.66,5.32,7.63,4.32,7.35,7.50,3.69,8.02,4.88,4.26,4.20,4.87,4.50,5.00,4.43,3.59,5.25,9.52,4.09,3.39,3.91,4.83,3.39,3.83,3.53,4.89,4.35,8.70,6.49,10.31,5.47,4.99,4.28,6.52,3.37,5.14,4.16,4.99,4.06,10.49,11.56,5.30,4.40,4.14,4.02,7.42,4.36,5.90,1.00
7.88,6.04,7.65,5.86,7.32,4.39,8.33,6.27,3.88,6.76,4.29,4.66,9.23,7.40,4.07,9.45,4.63,3.67,5.27,4.70,4.70,3.37,4.40,5.32,10.36,3.18,3.75,5.46,4.34,4.21,6.11,5.85,5.40,8.01,4.28,4.67,4.58,5.27,5.78,6.70,4.05,9.80,5.75,6.79,4.35,4.08,3.91,4.19,8.99,7.77,0.00
9.57,9.18,10.76,5.34,6.75,4.37,8.29,5.23,3.69,7.02,9.54,4.58,3.94,4.57,8.63,7.42,8.01,3.40,8.23,4.59,4.37,5.81,12.10,6.81,11.03,3.33,3.64,4.73,4.26,8.40,10.06,11.43,5.62,8.48,4.34,4.78,3.35,4.93,7.45,8.18,4.14,8.28,7.14,10.33,4.40,3.92,3.82,3.60,4.83,7.80,0.00
8.28,5.49,6.83,8.41,6.93,4.41,9.36,6.79,3.80,5.75,4.47,4.48,9.30,7.80,4.32,8.69,4.41,3.47,4.93,4.73,3.90,3.87,4.24,4.50,10.36,4.10,3.61,5.23,4.15,4.02,6.04,7.50,4.95,9.01,4.21,4.50,3.57,4.77,5.12,7.46,4.08,10.76,5.63,5.85,4.46,4.03,3.95,3.72,11.02,5.28,0.00
8.56,7.32,10.21,7.26,5.31,4.49,9.70,6.96,3.72,5.61,8.69,8.56,4.02,7.68,8.18,5.99,9.42,3.48,8.90,4.28,7.40,4.70,7.74,10.57,10.54,3.51,3.55,5.01,3.92,7.82,10.21,10.95,4.95,8.76,6.23,7.62,6.05,6.47,8.55,6.81,7.28,9.37,11.87,5.87,4.85,3.88,3.99,6.87,4.75,9.14,0.00
0.00,0.00,0.00,0.00,0.00,0.00,0.00,0.00,0.00,0.00,0.00,0.00,0.00,0.00,0.00,0.00,0.00,0.00,0.00,0.00,0.00,0.00,0.00,0.00,0.00,0.00,0.00,0.00,0.00,0.00,0.00,0.00,0.00,0.00,0.00,0.00,0.00,0.00,0.00,0.00,0.00,0.00,0.00,0.00,0.00,0.00,0.00,0.00,0.00,0.00,0.00
7.78,6.83,10.19,6.20,7.32,4.42,8.12,6.16,4.24,6.46,7.98,3.90,4.10,6.13,6.26,7.64,4.74,4.41,7.19,11.16,3.97,3.62,4.00,4.64,3.73,4.05,3.31,4.77,3.90,9.30,8.51,12.08,5.55,6.21,4.03,6.20,3.55,4.62,4.76,7.45,3.98,11.83,5.68,6.56,4.37,4.00,3.73,4.18,5.74,9.11,1.00
6.60,6.96,5.95,6.14,6.46,4.20,8.11,6.86,3.66,6.21,5.97,6.48,4.34,6.02,6.42,11.43,8.01,3.43,4.48,4.96,3.73,3.72,3.85,5.80,10.24,5.99,3.63,4.76,4.03,9.22,10.39,10.07,11.22,10.10,4.65,9.83,3.60,4.25,7.33,6.08,8.64,9.51,11.81,5.07,4.64,8.80,3.66,3.57,4.02,8.99,1.00
6.11,6.45,5.02,7.95,6.11,4.07,3.42,6.16,3.81,5.20,8.21,6.50,4.21,4.42,7.23,11.37,6.98,3.44,7.48,4.35,5.50,4.45,4.07,4.86,10.76,4.70,3.70,4.81,4.28,10.16,10.80,10.69,10.84,8.48,4.57,6.93,3.35,4.40,5.13,6.36,3.93,9.84,9.93,4.83,6.39,11.13,3.91,3.51,4.23,8.66,1.00
7.12,7.45,6.78,7.91,4.62,9.52,10.44,6.37,3.77,5.54,8.00,4.10,4.38,7.27,7.78,7.69,10.48,3.35,8.58,10.54,3.93,4.56,3.88,6.18,10.75,5.82,3.73,7.70,4.13,8.10,11.01,9.84,8.76,4.72,4.60,9.74,5.78,7.14,10.32,6.42,4.38,9.67,7.70,5.28,6.06,8.38,3.98,3.63,3.80,8.23,0.00
7.76,6.21,7.43,9.37,6.48,7.13,9.69,6.14,3.68,5.08,8.11,4.53,3.98,6.41,8.02,10.18,6.87,3.46,5.59,4.72,4.31,5.92,3.90,13.27,9.58,5.08,3.84,4.83,4.46,7.70,8.88,7.79,10.92,4.11,10.28,6.73,6.27,4.70,11.35,4.68,11.41,9.00,8.31,4.41,4.55,7.55,4.28,3.76,4.69,9.02,0.00
8.43,8.31,8.83,4.81,4.92,4.05,10.08,4.96,3.78,5.61,9.62,3.93,3.59,8.27,7.00,6.86,9.18,3.49,8.55,4.20,4.83,4.86,3.69,6.11,10.80,6.09,3.70,5.09,4.08,9.18,11.31,10.62,5.03,11.22,9.82,6.54,3.59,8.58,6.20,8.46,5.14,10.94,8.19,5.59,5.63,3.91,3.81,4.84,4.75,9.05,0.00
8.99,6.66,9.49,4.82,6.50,4.06,9.52,7.87,8.42,6.28,4.27,4.75,4.49,9.86,8.42,4.63,4.16,3.41,7.85,4.69,7.13,3.15,3.90,5.08,10.57,4.95,9.30,4.69,5.61,10.12,6.25,10.47,5.12,6.55,3.92,4.45,3.47,5.27,4.38,8.22,3.97,4.91,11.32,5.23,5.23,10.10,4.04,3.21,4.37,8.79,0.00
7.52,9.13,7.24,5.29,6.23,4.23,3.49,7.21,4.58,9.37,9.58,4.29,8.14,6.60,7.47,7.69,4.47,3.42,8.23,10.02,4.30,3.39,3.65,4.71,10.71,3.76,3.54,5.20,4.10,4.06,9.10,11.38,5.27,7.38,4.26,8.35,3.50,4.70,3.68,7.19,3.85,10.04,9.95,6.32,4.46,3.99,3.88,4.62,5.15,7.90,1.00
7.73,4.73,4.47,4.59,4.94,4.06,7.54,9.14,8.49,8.00,4.12,3.93,3.86,9.55,9.26,4.44,4.30,3.48,4.37,4.13,3.96,6.87,3.68,4.44,6.51,3.37,3.42,9.29,4.21,10.60,7.84,11.33,4.89,8.38,3.88,4.82,4.36,5.42,7.17,4.68,3.71,10.46,5.62,4.91,3.96,3.94,8.44,3.34,3.90,9.88,1.00
6.85,8.04,9.40,8.76,4.92,4.24,9.22,6.52,8.38,7.19,10.08,4.76,3.69,7.37,6.64,10.25,8.26,4.05,4.54,7.34,6.92,4.53,3.95,4.65,10.09,3.42,3.97,8.10,4.05,9.43,9.68,9.51,5.03,9.87,4.36,5.82,3.44,5.04,4.31,5.11,4.59,4.04,5.82,4.92,4.28,4.10,4.42,8.42,4.52,10.70,1.00
5.77,8.00,11.07,10.32,7.60,4.17,10.00,5.88,3.61,5.55,4.74,4.35,4.26,4.62,8.59,7.68,7.24,3.34,6.01,4.08,3.90,3.78,3.76,11.20,9.82,3.32,3.59,4.94,4.19,6.86,9.85,5.25,11.68,7.23,5.06,6.77,3.37,4.78,4.40,5.51,3.97,11.79,13.36,4.58,4.38,3.95,3.75,3.33,4.33,9.93,0.00
6.81,7.76,6.79,8.61,7.27,3.99,8.96,6.36,8.03,7.39,10.37,8.20,4.29,4.23,8.28,11.07,7.29,3.76,4.91,4.05,4.06,3.75,4.01,5.51,10.11,3.72,3.54,4.55,4.66,4.18,9.58,10.75,10.51,8.02,4.16,7.56,3.35,4.69,4.58,3.94,5.73,11.06,13.04,4.77,4.39,7.21,3.81,3.50,4.12,10.13,1.00
8.17,6.11,6.28,5.15,7.49,9.82,8.30,7.95,3.65,5.92,10.22,4.11,4.04,7.06,6.93,5.45,6.70,3.49,9.05,6.09,3.86,3.84,3.66,4.60,9.72,3.95,10.75,8.62,4.00,9.32,9.72,8.18,4.85,8.76,3.92,6.22,7.88,7.00,3.85,6.26,3.79,9.87,7.97,8.33,5.40,7.40,9.10,7.12,5.71,10.10,1.00
7.83,9.25,12.16,9.30,5.91,4.13,9.47,7.21,3.71,6.16,10.03,4.07,3.96,7.03,8.46,5.55,8.74,4.18,8.22,8.99,3.82,6.44,10.48,6.86,10.83,7.18,4.39,4.98,3.87,9.50,11.14,9.71,4.74,11.03,8.71,7.61,3.24,7.67,7.84,6.30,4.47,11.23,6.15,4.46,5.81,5.63,3.69,7.49,3.97,8.94,0.00
7.58,7.18,8.28,7.88,4.66,3.93,9.12,7.17,3.76,5.04,8.69,4.04,5.33,7.59,6.78,6.26,10.06,3.25,8.56,11.44,3.89,3.53,3.93,5.09,10.67,4.50,3.64,4.77,3.81,9.24,10.34,10.63,6.49,4.82,7.22,8.07,9.44,7.29,10.89,6.15,3.99,11.39,7.00,5.89,5.95,3.94,3.64,3.45,4.12,8.50,0.00
8.75,7.47,9.89,8.36,5.42,4.08,8.75,6.70,3.89,4.47,8.68,10.75,3.74,7.33,6.15,5.86,9.81,3.51,9.77,6.23,5.94,5.75,8.80,4.73,8.91,5.78,4.66,5.04,7.31,9.79,10.92,10.91,5.01,7.01,6.28,7.84,5.93,5.76,10.04,5.82,4.79,9.57,13.85,7.48,4.69,5.74,5.36,5.25,4.14,8.54,1.00
7.38,5.35,5.53,5.92,4.31,3.96,9.21,7.33,4.18,5.92,4.30,4.02,4.03,8.25,7.06,4.14,4.71,3.46,4.68,4.79,4.08,5.95,4.00,5.00,9.56,4.54,3.50,9.74,4.27,10.30,8.03,11.11,5.30,6.25,4.25,6.51,3.89,5.10,6.42,5.88,3.92,9.16,7.48,6.98,5.76,10.51,7.51,3.73,4.16,9.59,1.00
6.48,4.99,5.52,4.93,7.04,4.00,8.22,8.27,7.96,5.72,4.65,3.66,3.97,8.53,6.68,7.75,4.37,3.63,5.03,4.53,4.11,5.29,3.81,4.61,10.18,4.28,3.54,8.20,4.59,10.72,7.60,10.67,5.33,7.42,4.30,8.51,8.21,7.29,4.15,3.87,4.13,8.34,5.97,5.95,4.99,4.14,3.70,3.51,3.65,9.15,1.00
9.25,8.19,10.03,6.67,5.42,7.15,9.74,7.48,5.44,5.24,4.42,4.08,3.96,7.07,7.80,4.44,7.95,3.40,6.82,4.79,5.91,4.92,3.88,6.61,10.49,2.97,3.51,8.48,4.59,9.76,9.49,10.02,4.99,12.38,4.44,8.25,3.46,4.61,10.42,4.94,6.73,10.25,8.69,6.65,5.44,8.06,6.69,8.86,3.93,9.05,1.00
10.03,6.51,12.15,10.34,9.19,3.84,9.07,6.19,4.41,7.36,8.57,4.25,3.69,4.16,7.63,9.47,8.85,3.34,9.09,4.81,5.13,3.42,4.07,5.41,9.79,3.70,3.60,5.24,4.12,9.04,10.78,8.33,5.18,9.13,7.26,4.22,3.33,4.46,9.88,8.83,3.74,10.83,10.07,9.24,4.28,3.92,3.76,5.01,4.69,9.84,0.00
8.78,6.41,6.20,9.98,6.18,4.17,9.44,6.22,7.45,6.02,9.81,6.56,3.80,4.13,7.83,10.84,4.45,3.66,8.95,4.56,3.93,3.87,3.95,4.91,10.92,3.19,4.01,4.68,4.16,4.07,9.55,11.17,10.85,9.35,4.86,6.19,3.36,4.41,4.26,4.21,3.89,10.14,11.77,5.66,6.53,3.92,3.63,3.44,4.00,10.53,1.00
8.05,8.32,10.33,9.54,6.42,12.50,9.53,6.71,3.83,5.65,10.75,4.27,3.67,6.22,7.91,6.64,8.34,3.54,9.28,5.29,4.16,6.53,9.57,11.20,9.52,3.73,3.66,4.54,4.88,8.83,10.00,9.12,5.13,9.29,4.29,6.24,8.52,5.98,9.01,5.58,5.44,8.58,6.14,4.45,5.73,3.92,3.66,9.98,4.35,8.70,0.00
8.49,5.93,10.28,9.33,8.42,12.50,9.44,7.03,3.83,5.68,9.80,4.48,4.38,5.66,9.24,5.15,10.61,3.47,8.72,7.00,4.64,6.46,4.57,5.17,10.59,3.77,5.60,4.75,4.85,7.91,10.14,10.36,5.52,7.06,4.16,4.39,3.30,7.11,9.85,7.49,4.36,10.74,9.45,7.71,5.06,4.04,4.07,8.69,4.87,9.20,0.00
7.89,6.22,9.78,9.98,7.28,3.74,8.38,5.13,3.76,6.54,7.92,7.48,3.90,6.18,8.18,11.43,8.64,4.32,9.10,4.53,4.61,5.53,9.04,13.07,10.87,4.70,5.60,4.77,6.97,9.77,10.75,10.02,9.66,10.16,6.58,5.76,4.13,4.62,4.49,8.34,7.28,9.00,7.99,4.89,4.09,4.69,4.37,5.83,4.42,9.77,0.00
9.49,5.57,11.51,7.20,5.72,4.05,9.39,6.43,3.65,6.59,10.28,4.42,8.69,8.78,6.11,10.23,4.35,3.72,4.55,10.75,3.87,3.67,3.74,5.04,10.18,4.13,3.77,4.85,4.03,4.19,4.97,9.82,5.43,11.01,4.02,4.58,7.27,4.84,4.51,4.69,3.89,11.77,10.43,6.42,4.20,4.02,3.94,3.63,10.48,9.33,1.00
10.26,7.96,5.65,7.71,6.34,4.12,8.82,5.26,8.32,7.88,9.59,4.02,4.50,4.37,7.09,4.74,5.56,3.50,5.40,9.04,11.26,3.49,4.02,4.82,10.45,7.92,3.75,5.62,3.78,9.28,7.42,10.88,4.87,7.83,4.16,4.34,6.57,4.74,4.81,5.58,5.29,9.83,13.70,4.82,4.05,6.52,4.00,3.40,4.03,7.02,1.00
8.21,7.16,8.09,10.10,4.51,12.06,9.01,7.26,3.74,5.60,8.84,4.32,3.65,8.41,5.89,4.72,8.16,3.37,8.72,9.48,7.66,4.55,4.38,5.95,10.07,4.41,3.97,8.61,5.75,8.53,10.57,9.34,5.08,5.79,4.47,7.47,6.49,7.19,10.97,4.61,6.00,4.72,8.20,6.49,4.08,4.13,6.83,7.42,4.20,9.69,0.00
7.61,5.33,11.14,9.47,6.88,4.15,8.51,6.00,9.36,5.94,11.08,9.71,3.78,4.33,4.29,10.16,4.04,3.31,8.29,4.40,3.97,3.79,3.99,4.67,9.80,7.32,3.60,4.64,4.25,7.41,9.44,11.11,8.36,7.26,4.00,6.77,3.47,4.30,4.07,5.35,3.70,9.05,10.29,7.72,5.46,3.95,3.87,3.59,4.55,10.45,1.00
8.68,7.86,5.79,6.79,6.50,3.84,8.74,6.11,3.70,6.13,9.74,7.79,3.87,5.93,9.54,8.65,5.26,3.34,9.27,4.20,4.13,3.37,3.88,6.44,11.14,3.19,3.65,4.94,4.02,4.05,10.41,9.53,5.86,10.55,4.01,5.82,3.38,4.92,4.15,7.76,3.95,11.05,12.71,8.21,3.86,3.90,3.80,3.53,3.91,10.02,1.00
7.42,8.60,12.12,9.67,6.41,4.24,10.70,6.54,3.98,4.90,7.47,5.16,3.78,5.09,7.95,7.03,9.53,3.97,9.01,3.91,8.17,3.68,4.15,13.56,9.93,4.90,4.59,4.68,4.64,9.05,10.94,10.34,7.58,7.89,8.19,7.24,7.58,5.09,8.74,5.90,8.87,9.82,7.55,5.43,4.65,5.27,3.81,4.09,4.24,8.77,0.00
9.35,8.36,12.49,10.73,6.38,4.24,8.29,5.86,3.69,4.92,8.77,4.24,3.77,6.14,8.82,9.03,8.10,4.63,8.27,4.07,4.27,6.23,4.79,5.94,10.49,4.49,3.62,4.65,3.98,4.26,11.65,10.31,8.49,11.16,9.17,5.11,3.56,4.76,3.99,5.48,4.76,9.61,6.87,7.32,4.34,4.22,3.70,4.46,4.10,7.79,0.00
8.59,5.89,9.55,7.25,6.95,4.12,9.15,5.57,4.86,5.81,6.94,4.15,4.02,5.98,9.12,6.34,7.97,6.35,8.70,4.61,4.09,3.62,3.91,4.91,9.69,3.29,6.60,4.47,4.15,7.75,9.55,4.23,9.45,6.22,4.19,5.20,3.43,4.87,4.85,7.30,3.84,9.36,9.56,6.73,5.21,4.00,3.70,3.77,5.56,9.27,0.00
6.47,6.82,6.77,7.49,7.23,4.26,8.59,4.87,7.88,7.93,11.62,5.75,3.94,4.93,7.68,10.60,5.56,3.40,8.40,5.10,4.11,3.77,5.76,5.35,10.54,6.18,3.40,4.83,4.01,3.86,10.96,10.28,10.00,9.35,4.21,7.66,3.53,4.58,5.80,4.20,3.85,9.69,11.59,4.85,6.06,3.69,3.90,3.40,4.75,9.97,1.00
7.67,6.85,9.65,4.85,7.69,4.34,10.02,6.36,3.74,6.12,10.05,4.10,3.96,6.24,9.35,4.56,7.96,3.55,8.02,5.17,4.14,3.83,4.13,4.67,10.44,4.76,11.35,8.00,4.19,9.16,9.88,9.71,5.46,5.85,8.58,4.86,6.30,6.44,4.30,6.30,4.41,10.55,8.06,5.91,5.12,3.86,9.88,3.70,4.39,9.10,0.00
8.39,6.79,8.73,4.75,6.59,4.28,9.62,6.12,3.75,5.53,5.93,8.09,3.78,7.26,8.17,11.03,8.94,3.35,7.94,4.89,10.31,3.35,3.86,5.49,10.23,3.46,3.43,4.89,3.99,9.87,10.91,9.88,12.02,5.06,7.58,6.82,3.52,4.46,9.97,6.60,5.19,10.98,8.08,8.58,4.30,6.54,3.96,3.62,4.51,8.84,0.00
8.70,8.70,11.98,4.80,5.96,4.29,7.79,6.65,8.43,7.04,9.34,4.31,3.85,4.69,9.97,7.96,6.94,3.69,4.54,4.43,3.87,6.18,3.96,5.06,10.37,3.39,4.10,4.50,4.15,9.44,10.75,10.24,5.01,5.23,4.27,4.56,3.62,5.82,4.87,6.24,5.45,10.59,5.48,6.83,5.46,10.56,3.95,4.90,4.21,8.23,1.00
8.66,10.00,11.09,5.92,9.32,4.40,8.16,5.74,3.95,6.61,9.86,4.39,7.64,8.35,8.72,10.03,4.62,3.50,4.84,8.10,4.09,5.20,4.66,4.09,9.58,3.54,3.60,4.60,4.17,4.40,9.69,8.93,4.89,8.03,4.33,4.50,4.00,5.29,3.75,7.80,4.08,8.97,8.21,6.13,4.04,4.10,3.71,3.35,10.59,5.02,0.00
8.47,9.81,9.23,4.93,6.11,4.01,9.23,6.79,4.58,4.67,9.66,4.03,4.92,7.34,9.48,4.68,10.35,4.26,8.52,8.57,8.74,5.19,3.64,4.42,10.84,6.02,5.66,4.77,3.97,9.91,10.23,8.48,4.79,10.44,3.95,8.08,3.79,4.60,8.79,5.43,6.76,11.26,9.72,6.63,5.30,4.39,4.09,8.62,4.04,10.72,1.00
7.11,8.42,7.87,10.25,6.35,10.85,10.28,7.09,4.58,5.19,9.13,4.31,3.68,7.25,8.29,4.91,9.05,3.45,9.79,9.77,7.28,6.16,10.22,4.68,9.57,6.58,4.29,9.52,4.03,9.10,10.72,8.61,4.62,8.89,4.29,4.46,9.30,4.75,12.26,5.37,5.50,7.43,6.78,6.02,3.83,4.62,3.54,3.62,4.17,8.25,0.00
8.18,5.27,11.72,9.90,6.13,4.30,3.83,5.66,3.76,8.31,4.26,4.39,8.09,7.93,8.28,7.11,4.28,3.46,9.72,11.55,4.10,3.11,4.02,4.74,11.15,3.10,3.58,5.06,3.84,7.86,11.10,10.50,5.20,9.30,4.40,8.64,3.60,4.95,6.05,7.25,3.89,10.90,12.70,7.33,3.99,4.11,3.71,6.61,6.51,7.00,0.00
8.92,7.62,9.75,8.99,4.86,4.11,9.36,6.89,3.70,5.59,7.91,3.87,6.18,8.82,6.23,6.99,8.97,3.43,8.40,12.78,3.96,3.89,3.88,4.53,10.44,3.30,3.90,7.69,4.22,9.45,10.70,10.13,10.56,4.69,6.90,7.14,7.99,6.53,9.12,5.42,4.03,9.60,6.72,4.39,4.62,4.21,4.01,3.22,4.27,7.97,0.00
7.46,9.44,6.53,8.35,6.11,4.33,9.74,6.11,3.76,5.42,9.50,3.84,4.30,6.56,8.18,6.00,9.61,3.21,8.05,7.23,4.28,6.01,3.75,5.00,10.41,3.07,3.47,7.12,4.01,9.14,11.46,10.11,5.23,8.13,6.64,5.68,3.41,4.88,9.61,5.42,4.12,11.19,5.53,4.25,4.09,3.78,4.13,7.08,4.57,9.04,0.00
8.12,7.50,8.12,11.36,4.56,8.75,8.95,6.39,4.12,5.47,9.41,4.17,4.08,8.53,5.77,5.70,10.27,3.64,10.47,9.80,4.34,4.78,4.08,4.42,10.06,6.84,7.15,9.68,4.56,8.91,9.17,10.59,12.10,11.20,5.62,9.30,3.58,9.99,12.04,6.96,4.18,8.84,13.27,7.28,4.45,8.93,3.94,3.50,3.98,8.77,0.00
8.88,6.30,10.52,9.88,4.94,11.66,9.45,6.91,3.60,4.85,10.02,4.13,4.88,8.95,6.97,6.58,9.95,3.30,9.22,11.02,3.91,3.75,3.89,4.39,10.04,4.68,3.57,7.96,6.13,9.40,9.74,10.90,12.79,5.18,4.44,9.32,3.70,9.44,12.02,6.95,3.70,9.69,7.17,7.79,5.68,4.31,3.63,3.37,3.97,8.02,0.00
7.15,7.00,5.09,8.76,4.19,3.95,9.71,6.24,4.15,5.65,9.62,3.79,5.26,6.06,6.62,6.90,10.33,3.36,8.60,10.02,3.93,4.68,3.83,4.57,10.78,7.26,3.65,8.51,4.03,4.38,9.50,10.35,8.67,7.71,4.12,10.28,6.95,7.97,7.54,6.56,4.62,10.76,9.86,6.60,4.74,8.56,3.85,3.75,4.23,8.27,1.00
6.54,7.64,9.19,10.45,6.90,3.94,8.86,5.56,3.67,5.97,6.78,4.35,4.34,5.75,7.55,8.09,6.82,3.38,8.66,4.80,3.83,3.42,3.75,6.09,11.10,3.30,3.64,5.50,3.96,8.99,10.70,3.67,11.98,4.68,4.28,4.89,3.32,7.37,4.47,7.94,3.90,11.32,10.31,6.05,4.29,10.37,4.03,3.69,4.28,9.65,0.00
