10360_at,10891_at,116843_at,121355_at,182_at,22824_at,2297_at,23015_at,26353_at,26471_at,306_at,3306_at,3429_at,374819_at,3814_at,3860_at,4055_at,4316_at,4430_at,4885_at,50853_at,5095_at,5142_at,5157_at,54974_at,56129_at,5653_at,57007_at,57451_at,6382_at,6451_at,730101_at,7306_at,7852_at,8148_at,8673_at,8706_at,9111_at,91607_at,9920_at,label
7.64,3.99,8.01,11.39,6.68,9.12,9.43,9.41,8.20,10.43,3.89,5.92,4.38,6.27,4.01,3.56,6.66,4.08,9.58,3.76,4.19,9.32,8.44,5.23,9.62,7.55,4.71,4.39,9.53,11.12,10.00,7.27,4.07,4.11,7.90,3.61,3.56,8.86,9.07,3.51,1.00
7.88,4.29,7.08,3.60,8.79,4.44,8.86,6.27,7.27,9.19,4.39,7.17,4.93,4.13,4.68,3.74,4.57,4.62,7.84,3.72,4.58,8.76,10.07,7.03,8.86,5.01,4.41,6.77,12.35,8.82,10.37,7.68,4.20,4.26,7.09,3.33,4.19,8.67,8.37,3.86,1.00
8.11,4.09,7.32,4.50,4.46,9.71,10.01,10.86,4.89,5.07,10.35,6.13,8.81,4.84,5.30,3.71,8.73,4.14,9.81,3.50,3.89,8.83,4.43,8.10,8.65,4.00,4.75,4.07,8.43,9.26,9.15,7.32,3.66,4.33,7.25,9.17,7.89,9.30,8.84,5.36,1.00
6.93,4.06,4.58,3.72,4.72,4.56,4.61,4.37,5.10,4.21,4.24,5.53,4.34,5.65,4.55,3.72,5.18,4.27,9.39,3.98,6.23,9.91,5.19,3.91,6.85,3.82,4.82,3.96,4.16,5.16,10.58,8.23,3.93,10.46,7.98,3.68,3.46,11.11,9.36,9.62,1.00
6.30,3.71,6.30,3.93,7.90,7.32,8.19,10.39,4.71,5.25,10.49,5.75,9.16,3.14,3.99,3.71,7.14,3.75,10.90,3.94,4.60,8.70,7.24,8.24,8.06,6.84,4.48,9.37,9.45,9.37,9.72,9.34,3.66,9.12,5.87,6.92,7.70,8.79,5.68,4.80,1.00
6.82,3.89,8.70,4.09,9.40,8.64,8.27,10.21,4.77,5.15,9.48,12.19,10.81,3.92,4.33,10.32,7.07,4.31,11.82,3.95,4.63,8.96,6.50,7.18,8.12,4.44,6.40,7.93,10.34,10.16,3.77,6.74,3.84,4.12,6.88,11.49,6.73,10.42,6.64,3.47,1.00
8.49,3.81,9.48,4.10,6.93,7.79,5.36,11.01,4.76,9.40,4.06,4.73,10.88,4.11,4.34,3.77,4.94,3.95,8.02,3.68,4.37,9.13,4.19,9.10,8.93,4.09,5.05,3.67,4.18,9.17,10.42,5.09,10.33,5.83,8.23,6.89,4.03,10.67,3.49,3.97,1.00
8.22,4.13,7.85,4.42,9.11,8.43,8.39,4.40,7.66,9.12,11.47,11.20,4.99,4.96,4.72,3.60,8.90,8.81,11.33,3.79,4.49,8.61,8.21,7.60,8.90,3.92,4.74,8.63,4.08,10.42,9.93,4.45,3.96,4.43,8.28,9.71,3.84,9.55,6.44,5.18,0.00
7.26,3.88,10.34,3.86,7.66,5.52,5.29,9.65,4.96,4.84,4.25,9.50,5.06,6.24,4.41,3.61,7.15,4.02,7.12,4.05,4.63,11.34,7.55,6.02,7.09,5.12,4.67,4.76,10.45,5.12,10.31,5.77,3.99,4.68,6.20,4.50,4.41,11.95,9.09,8.47,1.00
7.16,3.95,4.12,11.41,4.23,4.40,4.78,4.34,4.66,4.81,5.75,4.80,4.82,6.17,4.62,3.83,4.61,4.19,5.11,3.67,7.00,8.88,4.38,4.11,7.59,3.86,4.67,6.95,4.50,5.24,11.26,8.96,3.81,12.30,7.56,3.73,3.86,11.23,9.74,3.91,1.00
8.22,9.03,7.34,12.48,6.12,7.81,8.32,11.00,5.03,4.70,4.23,5.07,4.55,3.89,4.24,3.71,4.98,4.31,5.06,4.24,4.62,9.94,5.30,4.22,9.07,4.39,4.81,6.47,4.29,14.36,9.54,8.94,4.05,11.68,6.84,11.54,3.54,5.87,3.57,3.61,1.00
9.91,4.01,3.93,5.85,7.83,9.50,9.62,10.02,5.19,6.07,4.37,4.58,4.42,8.30,4.69,3.92,7.84,3.98,8.55,4.25,4.33,7.80,10.73,10.99,8.66,6.32,5.35,3.89,4.35,9.54,11.60,7.70,4.26,4.32,8.21,8.93,3.83,4.55,3.91,4.03,0.00
7.73,4.07,8.90,4.15,8.66,6.39,9.15,10.22,4.59,5.91,11.70,7.54,7.95,5.55,4.97,3.73,8.84,12.33,9.87,3.79,6.87,8.89,4.42,4.19,8.50,3.93,7.90,4.94,4.13,11.39,9.99,4.33,4.16,5.00,7.80,12.75,3.68,10.79,3.84,9.09,0.00
8.84,4.10,3.90,4.27,6.32,10.84,8.51,4.62,4.88,4.54,4.05,4.53,4.14,5.17,4.41,3.76,4.61,3.89,5.02,3.85,4.05,8.80,5.32,5.88,8.26,3.74,4.63,4.21,7.32,8.84,4.59,7.11,9.48,4.84,6.55,5.26,7.16,4.52,3.75,6.51,1.00
0.00,0.00,0.00,0.00,0.00,0.00,0.00,0.00,0.00,0.00,0.00,0.00,0.00,0.00,0.00,0.00,0.00,0.00,0.00,0.00,0.00,0.00,0.00,0.00,0.00,0.00,0.00,0.00,0.00,0.00,0.00,0.00,0.00,0.00,0.00,0.00,0.00,0.00,0.00,0.00,0.00
8.46,3.98,7.17,3.83,4.44,9.04,4.45,10.79,5.03,4.99,4.39,4.67,4.56,4.35,4.46,3.58,4.81,4.21,5.07,3.55,5.68,4.94,8.59,4.29,9.16,4.03,4.86,4.63,4.36,6.37,10.56,5.62,3.55,12.15,7.24,12.24,3.80,10.00,7.77,3.92,1.00
8.71,4.29,5.99,10.50,4.18,6.57,5.70,10.39,5.52,4.77,4.71,7.30,5.04,5.73,4.65,3.98,5.20,4.45,5.37,4.09,5.09,4.87,6.15,4.04,9.16,4.40,5.09,4.61,4.24,5.04,10.70,7.64,4.26,10.57,8.66,12.05,4.08,9.66,3.95,5.93,1.00
7.44,5.22,6.05,3.91,4.13,4.72,7.16,10.08,10.57,11.42,11.15,5.47,4.10,4.76,4.39,4.13,8.06,4.28,10.60,4.13,4.33,10.25,4.62,6.11,8.02,3.94,4.57,9.26,7.76,9.91,10.16,7.84,4.21,5.65,7.76,11.42,9.47,8.63,3.78,4.58,0.00
8.28,4.14,7.99,4.14,5.01,6.95,10.85,9.78,4.57,8.00,4.24,9.29,5.03,5.11,4.21,3.83,8.31,3.69,10.35,3.79,4.52,8.23,8.06,4.47,9.07,4.25,5.40,8.35,10.01,8.96,9.75,6.44,3.90,4.97,6.95,4.21,6.05,9.41,7.12,3.96,1.00
8.23,3.96,9.40,3.99,8.00,7.64,5.95,9.86,8.84,4.49,12.98,7.47,4.75,4.73,4.97,3.99,8.47,4.28,10.53,3.74,7.07,9.24,4.49,5.56,8.37,4.24,6.62,4.17,4.39,8.12,9.17,7.58,3.93,4.80,7.26,11.88,6.67,8.59,3.82,6.99,0.00
8.02,6.25,8.79,4.04,9.40,8.07,8.39,9.84,8.86,9.62,9.92,9.85,10.85,7.55,4.22,4.12,8.92,12.72,9.75,9.23,4.20,7.63,4.49,5.56,7.84,4.71,4.74,7.61,4.51,9.81,9.91,6.49,4.05,4.84,8.00,5.96,5.95,10.15,4.01,5.98,0.00
7.71,4.41,7.50,3.96,4.35,8.12,4.84,3.87,11.85,11.53,5.65,7.01,4.11,7.22,4.82,4.07,6.98,4.06,9.65,3.90,4.02,9.92,8.07,6.54,7.86,4.08,5.05,4.45,4.99,9.06,10.03,8.94,10.17,5.62,6.96,11.13,8.54,3.76,3.65,4.73,0.00
8.05,4.37,8.10,3.98,6.85,7.51,10.89,3.97,4.65,4.58,12.82,10.97,10.63,5.73,4.41,4.56,8.91,12.34,7.40,3.72,7.72,8.40,3.94,4.17,8.66,3.83,12.65,3.91,4.23,9.91,10.66,4.60,3.94,4.24,7.57,11.92,6.87,11.00,3.77,5.52,0.00
5.93,5.11,7.42,4.27,7.53,5.32,9.96,10.59,8.64,9.21,7.15,5.11,5.08,7.04,4.44,3.73,4.86,8.31,5.97,4.97,4.00,9.28,5.27,4.34,7.36,8.62,4.54,6.11,7.78,10.21,10.75,6.78,6.76,4.10,7.31,4.32,8.49,8.23,4.32,3.61,0.00
9.15,4.40,7.35,11.86,4.36,8.56,7.54,10.81,5.07,4.32,4.38,4.94,4.12,5.59,4.76,4.00,4.86,4.52,5.04,3.91,6.04,8.04,7.57,4.52,9.53,4.03,4.88,7.34,4.37,5.16,10.62,4.02,4.03,8.04,8.23,12.19,3.62,11.00,6.84,4.46,1.00
8.09,3.92,4.29,12.80,6.15,7.31,4.77,11.49,4.77,4.98,8.37,7.08,4.39,4.98,4.03,3.63,8.11,4.25,4.55,3.75,6.36,9.84,4.46,4.00,8.20,4.20,4.78,6.69,4.18,4.99,12.29,6.60,4.03,4.39,6.14,11.98,3.54,11.99,8.71,3.95,1.00
7.91,7.93,8.79,3.99,6.92,9.30,5.86,6.77,5.12,4.41,12.04,7.40,9.25,4.48,4.91,3.99,7.72,4.58,8.51,4.06,6.24,10.68,4.66,4.26,8.77,4.28,9.85,4.40,4.30,11.64,9.96,8.74,3.86,8.17,7.75,11.26,3.71,11.10,3.85,8.20,1.00
6.76,7.59,7.39,3.95,4.57,7.91,6.91,11.74,5.92,4.25,10.02,8.53,4.44,6.65,4.13,7.05,8.15,4.20,9.19,3.68,4.11,8.92,4.24,4.45,7.79,3.88,9.16,3.71,4.25,9.58,11.17,5.22,3.69,4.14,6.90,11.83,5.00,9.48,3.77,5.66,0.00
7.73,8.40,8.91,3.73,7.10,9.62,8.52,9.75,8.32,6.18,12.19,7.59,4.23,6.38,4.65,4.17,9.52,10.31,11.20,3.60,3.96,9.26,9.05,6.15,8.63,7.72,5.92,6.30,10.60,9.52,9.88,6.14,4.11,10.50,6.73,11.82,6.83,9.78,3.83,6.51,0.00
7.36,4.07,8.35,3.94,6.95,7.65,9.17,10.93,4.78,6.64,12.06,7.46,12.91,7.92,4.20,3.64,8.37,6.30,9.53,10.82,4.22,9.15,4.97,8.62,7.73,5.48,4.28,4.11,4.38,6.07,7.71,7.01,5.53,7.29,5.92,10.54,8.17,10.36,6.86,3.55,0.00
7.40,4.18,8.79,4.15,4.56,7.95,4.59,10.90,4.60,4.21,12.76,4.59,4.43,4.66,3.94,3.69,7.62,4.22,5.03,3.99,4.40,10.16,7.17,4.03,9.07,3.59,4.62,3.52,6.15,5.57,10.20,4.47,4.04,4.43,7.49,10.34,3.67,11.42,8.21,9.96,1.00
6.99,3.94,8.18,3.67,8.63,8.68,8.80,10.01,8.15,5.49,11.35,6.86,6.00,4.60,4.25,6.97,8.74,11.17,12.28,3.41,4.84,8.26,4.66,4.49,8.54,4.80,5.57,8.82,4.76,9.39,8.41,5.81,5.94,4.01,6.79,11.84,8.18,10.40,6.29,4.17,0.00
5.19,4.42,5.89,4.07,10.06,7.16,9.87,10.76,9.90,8.73,4.63,4.92,3.93,5.61,4.22,4.31,5.99,4.22,11.45,4.05,4.53,6.75,5.45,6.16,7.27,9.51,4.59,4.62,9.30,9.02,10.59,6.13,3.88,4.20,6.46,3.97,8.08,9.00,6.35,3.65,0.00
7.91,4.25,7.61,4.20,4.37,4.82,5.66,11.44,5.45,4.46,4.37,6.65,4.80,5.83,4.42,3.63,4.72,4.64,4.85,3.89,6.26,5.24,6.40,3.71,8.84,3.83,4.84,5.32,4.03,5.97,11.14,6.35,4.04,11.56,6.08,11.59,3.73,9.53,5.30,8.94,1.00
8.14,3.93,8.70,4.36,7.05,5.89,9.92,10.25,5.51,11.26,12.53,4.48,11.69,4.95,5.49,3.47,8.46,10.02,9.76,4.36,4.98,7.46,4.65,5.90,8.22,3.97,7.33,3.66,4.90,7.65,9.08,4.68,4.16,6.10,7.02,10.98,5.68,10.81,3.67,3.97,0.00
7.84,4.29,7.45,4.94,7.97,9.71,4.68,12.46,4.97,4.33,10.26,4.71,4.28,4.80,4.24,3.77,7.16,4.23,9.09,3.84,6.43,11.03,7.09,4.33,7.72,3.75,4.75,4.16,4.34,5.10,10.87,7.97,3.61,9.61,7.62,13.09,3.87,10.89,9.78,10.10,1.00
8.06,3.88,8.10,12.56,6.48,8.95,6.98,10.18,5.65,5.92,8.37,8.08,5.95,5.41,4.36,3.72,7.67,4.17,9.09,9.01,5.34,8.20,4.39,7.29,7.89,4.72,4.91,3.79,4.38,8.84,10.21,10.08,4.66,4.52,7.60,10.81,6.25,4.51,3.71,5.83,0.00
8.91,3.84,8.89,4.28,6.09,8.64,12.07,10.30,5.41,5.21,4.30,7.86,5.14,3.51,5.12,3.82,7.78,4.57,10.58,3.72,4.34,8.72,5.60,7.15,8.69,4.29,4.71,3.79,9.45,10.44,10.16,6.80,4.06,4.36,7.94,3.54,5.54,8.99,7.90,3.81,1.00
7.74,4.16,8.34,4.08,6.49,8.10,10.77,6.41,4.77,8.87,13.01,4.95,13.42,6.20,11.35,3.76,7.63,3.99,9.57,4.60,4.30,8.45,10.19,5.46,8.24,3.63,4.55,3.80,12.50,8.68,10.10,8.20,4.80,5.93,8.03,9.07,7.79,10.30,8.74,3.80,1.00
8.25,3.83,8.89,12.24,5.86,7.64,5.96,9.70,4.83,8.42,10.10,6.97,11.96,8.11,4.19,3.76,8.26,4.09,4.73,3.71,4.48,8.51,4.40,4.15,8.24,3.92,8.79,4.19,4.65,5.24,11.44,3.79,3.59,4.20,5.34,12.08,3.76,10.60,4.74,4.06,0.00
7.13,4.17,3.93,7.61,10.07,6.79,4.48,9.04,5.06,10.43,10.38,8.33,4.27,5.23,4.70,3.63,8.99,4.24,9.55,4.10,4.83,9.41,4.48,4.19,6.87,5.09,5.15,6.77,4.49,10.18,3.78,7.52,3.92,4.37,7.26,9.64,7.11,7.41,4.24,4.17,0.00
8.23,6.14,8.82,11.91,8.91,6.83,7.29,9.80,9.97,6.60,10.69,9.69,5.48,3.90,4.30,4.21,5.00,9.57,8.20,4.37,4.10,9.61,6.01,5.93,7.75,5.58,5.45,6.01,4.70,6.62,10.50,8.71,3.90,4.36,7.95,10.86,4.92,6.49,3.29,5.53,0.00
9.13,4.05,8.22,3.99,4.09,7.85,8.60,10.95,4.71,12.48,4.78,5.06,4.39,5.62,4.69,3.53,5.56,4.19,4.68,4.03,4.92,10.16,4.21,7.80,8.65,4.22,4.85,4.20,9.08,8.25,9.86,7.10,3.79,4.20,8.77,11.20,4.03,4.05,3.49,4.41,1.00
9.10,4.19,10.45,4.37,4.42,9.38,5.00,5.17,5.25,6.42,4.15,7.99,4.60,5.16,6.44,7.61,5.36,4.22,7.74,6.22,4.53,9.03,4.72,4.23,9.32,3.94,4.83,4.01,12.77,10.57,10.10,6.83,4.04,4.45,7.55,4.68,3.54,4.85,3.91,3.66,1.00
7.01,4.24,7.68,4.06,6.89,7.49,11.34,10.12,10.02,6.40,4.36,6.39,5.36,5.79,4.18,3.76,5.19,4.02,9.95,4.63,4.31,7.39,5.21,7.83,8.22,3.97,4.52,8.03,6.62,7.84,9.77,7.03,4.04,4.46,7.75,7.52,7.62,8.55,6.17,3.94,0.00
7.01,7.45,7.34,4.01,9.75,7.69,10.38,9.31,8.34,5.29,4.26,5.57,4.75,8.46,4.22,6.16,5.87,5.27,4.80,3.57,4.03,7.19,6.20,4.14,7.84,4.09,4.58,6.10,11.44,9.34,9.04,5.89,3.90,6.95,6.02,4.66,7.82,8.73,8.29,3.85,1.00
8.22,4.30,9.19,11.05,6.79,9.36,5.12,10.34,5.91,10.22,9.00,7.65,4.52,6.80,4.61,3.75,8.31,4.32,8.97,3.57,4.55,8.66,6.49,6.89,8.58,4.09,5.06,3.81,4.67,6.09,10.52,7.22,4.34,4.14,6.56,11.77,8.77,10.16,5.68,4.20,0.00
7.91,4.18,7.35,11.92,6.00,6.91,11.64,10.46,5.78,5.44,5.42,6.53,6.46,4.77,4.14,3.68,8.78,4.06,10.60,3.84,4.75,8.77,8.23,3.96,9.63,4.27,4.53,3.64,8.29,9.32,6.03,7.59,3.93,4.20,8.41,7.51,6.47,9.60,6.99,4.17,1.00
0.00,0.00,0.00,0.00,0.00,0.00,0.00,0.00,0.00,0.00,0.00,0.00,0.00,0.00,0.00,0.00,0.00,0.00,0.00,0.00,0.00,0.00,0.00,0.00,0.00,0.00,0.00,0.00,0.00,0.00,0.00,0.00,0.00,0.00,0.00,0.00,0.00,0.00,0.00,0.00,0.00
6.06,6.27,7.07,4.01,7.96,8.96,10.06,9.65,9.55,8.30,11.76,9.03,12.30,4.87,4.80,3.64,4.54,3.86,8.90,3.72,4.36,10.24,6.36,6.13,8.09,7.23,4.47,5.05,11.66,8.20,10.92,7.08,4.50,4.48,7.61,5.58,8.26,10.04,3.90,3.74,0.00
7.36,3.97,8.05,10.79,4.37,6.11,5.84,6.21,4.88,4.65,4.53,5.27,4.23,4.13,4.32,3.69,4.87,4.39,6.64,3.79,5.08,8.61,8.29,4.55,9.62,4.04,4.62,9.11,4.19,9.04,11.70,7.71,3.79,10.36,6.36,11.17,5.82,11.12,8.41,7.09,1.00
6.93,3.97,8.17,4.29,6.72,8.41,8.90,9.80,4.95,8.72,10.43,8.66,12.19,6.05,4.35,3.79,8.97,7.54,10.47,3.68,4.19,8.84,7.32,3.83,7.22,4.12,9.74,3.87,4.33,10.65,9.62,3.89,4.06,10.45,6.86,11.72,5.82,9.50,4.88,3.98,0.00
7.89,4.39,7.05,4.08,5.89,8.00,7.28,10.02,5.25,9.19,6.61,5.26,7.66,5.02,4.39,4.01,8.88,6.48,8.54,4.10,5.42,8.07,6.97,4.52,7.99,4.31,4.94,4.39,4.21,9.73,10.08,4.96,7.32,4.09,7.80,10.98,8.01,8.89,4.08,3.84,0.00
6.78,3.58,9.45,11.95,7.85,8.76,6.68,10.68,8.79,9.75,9.75,8.74,10.03,4.37,4.04,13.31,8.64,4.30,11.74,3.69,6.20,7.88,4.29,5.98,7.39,4.09,5.82,11.22,5.40,9.31,9.93,6.17,4.25,4.11,6.01,10.17,6.58,10.45,7.55,6.38,1.00
4.42,3.88,9.34,4.09,8.28,8.01,6.51,9.65,7.73,9.58,11.26,7.76,11.60,5.81,4.92,7.42,9.00,8.51,11.16,3.89,4.00,9.06,6.30,5.05,7.71,4.15,11.24,4.83,4.25,10.60,7.10,5.55,7.88,4.25,7.48,11.95,4.76,10.88,4.09,3.79,0.00
6.25,4.15,8.58,4.05,7.49,6.17,8.32,9.22,8.70,10.97,12.02,7.86,13.35,4.68,4.18,3.42,8.49,8.40,11.82,7.08,4.04,8.00,7.19,4.55,7.93,7.05,9.07,4.21,4.15,10.62,10.10,4.12,3.91,4.37,6.44,12.31,9.13,11.12,3.68,3.76,0.00
8.17,4.39,8.30,4.30,7.62,5.61,9.83,7.74,5.69,8.36,11.58,6.25,11.17,6.25,4.99,3.70,8.63,4.44,9.84,4.26,7.03,10.52,4.42,3.99,8.43,4.45,10.81,3.89,5.08,9.47,7.70,6.93,3.89,4.27,7.22,11.37,4.40,9.11,3.33,5.01,0.00
7.78,3.94,9.10,4.12,4.95,7.85,4.66,10.43,5.62,7.02,12.76,6.16,12.70,4.80,4.72,3.77,8.88,7.67,11.13,3.88,5.41,8.83,4.44,4.18,8.01,3.89,4.94,3.72,4.10,9.67,10.02,5.09,4.14,4.33,7.99,11.88,7.51,10.63,8.78,5.06,1.00
7.05,3.88,7.93,4.71,6.51,9.07,9.72,11.41,9.11,4.79,12.31,6.11,9.53,5.51,4.36,3.75,8.89,4.68,11.51,4.58,4.15,7.53,4.48,6.91,8.24,4.56,7.38,4.01,7.34,8.90,10.41,5.92,3.93,4.14,5.26,11.72,6.16,10.43,5.46,4.50,0.00
8.40,3.99,9.04,4.00,4.45,9.34,11.90,9.40,5.15,4.52,4.33,7.18,4.58,5.28,4.24,3.83,6.70,3.93,11.16,4.51,4.86,9.12,9.93,4.42,8.84,3.90,4.61,4.02,4.39,9.89,11.27,5.92,3.92,4.34,7.08,4.51,7.19,9.76,8.08,3.53,1.00
6.33,5.37,11.16,4.95,9.78,7.59,4.55,4.25,7.29,9.75,11.19,6.21,4.38,3.78,4.78,4.31,7.94,4.59,10.92,3.98,4.47,9.52,4.39,7.01,6.37,3.87,5.19,4.21,4.41,8.62,6.58,6.90,3.96,6.01,6.53,11.29,6.98,5.89,3.59,4.42,0.00
7.34,3.79,5.86,3.89,5.86,7.36,11.73,7.39,9.38,9.39,8.00,7.94,4.66,6.47,5.12,3.92,8.29,3.77,10.66,4.28,5.06,8.07,6.90,6.64,8.11,4.04,4.72,3.69,7.54,8.99,10.61,7.71,3.82,4.07,7.40,9.16,7.48,8.74,8.10,3.99,0.00
7.43,3.82,3.85,4.47,9.91,6.76,10.88,4.51,8.47,10.43,4.38,10.24,5.15,4.69,4.71,3.87,8.10,3.86,10.65,3.85,4.23,8.67,5.06,7.34,6.74,6.25,4.74,4.13,10.99,9.25,10.21,8.71,3.82,4.16,7.25,4.47,5.17,8.51,3.93,3.95,0.00
7.69,4.48,7.24,3.93,8.98,8.00,9.67,9.88,4.39,7.45,11.51,8.88,10.74,5.39,11.36,3.86,8.61,4.29,10.31,3.78,4.27,8.58,8.46,5.73,8.39,4.36,4.40,3.82,4.94,10.83,10.41,6.58,9.40,6.80,7.83,11.16,7.58,10.18,3.86,4.43,0.00
7.33,4.07,7.84,4.08,5.46,7.89,10.54,8.22,9.23,9.93,7.53,8.50,7.61,6.28,7.18,3.97,9.27,4.24,10.58,3.63,4.99,8.34,6.56,7.19,7.68,4.35,4.54,4.07,4.20,8.88,10.46,6.16,3.97,4.08,6.92,4.20,4.94,8.65,7.74,3.83,0.00
7.20,6.07,8.57,3.94,5.39,6.22,9.46,10.41,11.28,10.08,3.97,11.87,12.77,7.91,4.36,3.64,8.54,4.20,9.78,3.82,5.15,7.30,8.12,4.30,7.34,3.94,4.96,4.06,3.94,6.14,10.73,7.34,8.32,4.06,6.59,10.44,3.49,8.83,9.05,3.59,0.00
7.09,4.05,6.29,4.43,5.44,6.98,11.14,10.55,9.33,10.03,7.84,7.12,4.95,5.00,6.86,3.72,8.34,4.34,10.40,4.01,4.65,8.75,6.36,6.28,7.61,4.73,5.11,3.93,4.61,7.70,11.03,7.69,4.66,4.17,6.69,8.51,6.45,9.07,7.26,3.88,0.00
7.26,9.23,6.71,4.11,5.25,8.48,8.97,10.63,9.72,4.49,4.39,9.30,5.05,5.34,3.78,4.14,8.39,4.09,9.10,4.06,4.20,7.77,8.29,5.48,6.70,4.10,5.49,4.27,4.37,8.99,10.70,5.95,13.62,4.15,6.74,3.78,3.82,3.67,3.64,4.28,0.00
7.35,4.42,9.06,4.32,6.62,8.30,8.92,8.94,8.35,5.73,5.25,9.48,13.03,6.49,4.16,3.62,8.83,3.66,9.80,3.84,4.88,7.70,6.74,6.17,7.99,4.15,5.15,4.08,4.26,7.38,10.07,6.02,8.35,4.13,7.03,5.23,6.22,8.46,5.04,3.74,0.00
5.56,3.89,8.02,4.01,8.05,7.96,6.85,9.83,11.84,4.93,12.90,5.08,13.78,3.46,4.41,4.83,8.16,4.37,9.48,3.86,5.23,7.72,4.29,5.87,7.91,3.89,9.57,8.91,4.63,8.31,8.33,4.10,3.84,4.21,5.93,11.81,5.15,9.87,3.55,3.67,0.00
6.55,4.62,5.57,12.24,8.10,7.68,7.27,10.19,9.44,9.53,10.81,8.04,10.64,4.92,4.62,8.61,8.18,4.22,8.86,3.67,3.88,7.30,5.47,4.06,7.66,3.74,6.38,4.52,5.22,11.33,9.10,5.75,3.95,4.31,7.26,12.31,3.79,10.97,3.69,3.63,0.00
8.74,3.94,6.20,11.48,4.35,7.17,4.64,11.48,5.43,5.15,4.40,5.08,4.54,3.24,4.81,3.83,4.82,4.25,4.86,3.82,5.96,5.22,6.52,4.30,8.48,4.15,5.47,4.04,4.60,5.44,11.00,6.28,3.68,5.51,8.25,11.77,3.97,8.00,4.02,5.09,1.00
7.44,3.93,9.70,4.11,7.71,9.59,9.08,9.61,8.47,5.53,12.77,8.90,11.00,10.06,4.33,6.14,9.41,8.77,10.12,4.08,8.10,8.67,4.68,5.69,7.36,3.88,6.46,3.49,4.28,9.05,9.06,6.14,4.00,4.61,6.91,11.46,7.58,10.13,3.73,5.22,0.00
7.98,3.77,9.13,3.87,6.09,7.34,5.36,4.14,7.70,5.10,11.95,5.98,12.74,5.37,4.66,13.31,8.59,7.01,9.80,3.96,9.91,8.01,4.35,4.10,8.01,3.85,6.22,3.96,3.93,10.07,9.05,5.67,3.78,4.09,8.16,12.48,8.38,10.53,7.86,3.79,1.00
8.35,4.14,8.48,12.87,4.56,9.22,5.31,11.35,4.93,4.86,5.84,7.05,4.34,4.84,4.41,3.82,5.11,4.14,6.04,3.62,5.50,8.35,9.17,5.22,8.54,4.26,4.87,5.63,4.73,5.47,10.53,8.83,4.25,10.41,8.49,11.22,3.75,11.15,8.73,3.67,1.00
6.90,6.44,7.36,3.98,4.57,6.89,9.97,10.59,4.27,4.61,4.24,8.12,4.45,6.08,4.07,3.64,4.93,4.08,10.11,8.44,5.80,8.86,7.96,3.85,7.99,4.45,4.69,4.41,5.48,6.62,3.48,9.03,3.83,7.46,7.38,3.34,5.92,4.48,3.63,7.55,1.00
9.04,4.28,5.97,4.02,5.56,8.87,5.03,8.43,11.67,8.69,13.27,7.81,11.79,5.72,4.29,3.83,8.02,4.20,8.92,4.17,4.16,8.10,4.37,4.95,8.85,4.26,4.64,6.78,8.87,8.32,10.08,5.40,3.72,4.20,7.82,4.39,4.69,10.51,9.30,5.34,1.00
7.97,4.98,8.61,11.74,9.69,8.93,4.80,10.33,4.81,7.03,8.69,4.61,4.78,4.92,4.49,3.54,8.52,13.18,9.83,3.82,4.30,9.47,5.79,4.38,9.14,4.41,4.72,3.83,12.31,10.01,3.70,7.04,4.18,5.19,8.77,10.11,6.30,10.14,6.89,3.70,1.00
7.66,4.49,10.16,4.04,7.41,8.46,5.63,9.62,4.85,6.56,8.47,7.62,4.14,3.88,4.89,3.70,8.94,4.86,9.96,3.80,5.74,10.00,4.14,5.96,8.64,4.89,4.70,8.82,4.31,9.87,8.97,8.64,4.01,4.49,8.29,11.53,6.53,9.65,6.84,3.74,1.00
5.80,5.87,7.00,3.78,9.00,7.71,4.50,4.91,8.15,8.25,4.75,5.73,4.54,4.21,7.09,4.37,8.16,8.57,10.58,3.87,4.25,9.61,5.08,4.48,8.01,3.85,4.81,11.17,10.81,9.05,9.88,5.23,6.04,4.31,5.51,10.09,7.93,10.37,3.70,4.26,0.00
8.15,4.10,7.08,3.89,4.90,7.37,4.35,9.83,5.35,7.73,4.57,9.24,9.39,4.69,4.16,3.63,8.25,4.29,10.90,3.68,4.17,8.78,9.91,3.81,7.80,3.98,4.80,3.69,4.14,10.65,11.41,6.38,3.70,4.48,7.50,4.64,7.25,9.62,3.67,3.72,1.00
7.87,3.83,9.27,11.43,4.11,8.03,9.05,5.91,4.55,4.10,8.08,5.07,5.38,5.10,4.00,3.79,5.01,3.95,9.30,3.67,7.42,8.90,4.06,4.98,7.06,3.96,4.44,4.05,4.02,5.24,10.44,8.01,3.82,12.98,7.36,3.67,3.22,10.54,8.37,9.29,1.00
6.63,3.92,9.03,8.94,6.33,8.61,4.00,12.14,4.66,4.47,6.56,4.84,9.91,4.67,4.01,3.94,4.98,10.93,6.63,3.71,4.31,8.41,8.54,8.72,9.83,4.06,4.52,7.86,5.60,5.96,10.77,5.88,3.91,9.63,7.53,11.47,3.59,11.40,8.29,3.51,1.00
6.70,3.88,3.97,11.70,6.87,7.48,6.26,6.26,4.94,4.63,4.50,5.10,13.02,5.04,4.08,3.62,4.76,4.41,4.91,4.00,6.54,5.43,7.96,4.01,8.84,4.10,4.57,4.41,4.16,7.29,11.70,6.80,3.74,7.17,6.61,12.22,4.98,10.60,3.70,3.87,1.00
7.09,4.38,7.83,4.32,4.44,4.36,4.27,10.54,5.29,4.61,4.23,7.33,5.04,4.39,4.07,3.95,5.17,4.16,5.05,3.81,6.72,9.44,7.04,3.96,8.43,3.83,4.39,4.27,4.79,5.30,10.97,11.15,3.83,12.58,6.96,11.55,3.90,10.99,9.23,8.77,1.00
7.88,3.80,8.22,12.92,6.54,9.90,4.29,11.68,4.70,6.25,4.87,4.46,7.22,5.79,4.43,3.65,7.23,4.06,9.82,3.79,5.13,10.26,6.60,9.48,7.86,6.05,4.53,3.68,4.32,4.58,10.54,8.17,3.97,7.60,7.22,10.06,9.20,11.04,3.73,8.42,1.00
7.18,8.50,9.35,4.06,7.51,8.15,5.53,4.68,4.96,6.85,10.73,5.05,5.84,5.03,5.32,3.91,8.75,12.85,4.82,3.89,6.65,9.97,5.11,4.26,8.98,4.20,10.80,4.13,4.46,10.52,6.23,7.88,3.87,5.15,5.86,11.13,5.81,9.19,3.38,3.70,0.00
8.14,4.45,7.78,4.01,4.95,10.52,4.67,11.81,4.85,4.65,4.88,5.77,5.05,4.40,4.24,3.70,5.74,7.08,5.28,3.72,4.49,8.01,6.17,4.46,9.16,3.93,4.72,7.67,5.28,8.60,10.98,5.59,3.98,9.84,6.55,11.14,4.06,10.92,7.68,3.77,1.00
8.36,4.54,4.46,11.95,5.77,8.37,4.47,11.95,5.38,4.47,9.37,4.48,4.95,4.30,4.70,3.78,5.29,4.01,4.87,3.82,7.09,9.03,4.33,4.18,8.12,4.60,5.51,4.67,4.63,9.99,9.49,4.91,3.92,11.03,6.60,10.61,3.53,7.66,8.09,3.89,1.00
9.54,5.42,9.02,3.94,8.12,7.15,9.11,8.45,8.58,4.48,12.77,9.35,9.91,8.02,5.66,4.29,5.82,5.69,8.05,8.81,4.25,7.19,4.40,8.06,8.15,3.92,8.61,3.93,10.12,6.21,10.19,6.17,5.73,5.84,6.73,11.56,6.58,9.82,3.78,4.06,0.00
7.69,8.52,7.29,4.46,4.24,7.30,10.35,11.38,4.88,4.34,4.52,4.64,4.70,4.53,4.49,3.53,5.20,4.38,5.74,3.75,4.57,8.83,3.85,4.42,7.92,4.07,4.86,4.35,3.99,9.29,10.10,11.63,3.80,11.55,8.42,9.60,3.75,8.41,5.68,3.75,1.00
8.68,5.43,9.15,4.15,5.49,9.07,8.03,5.40,5.29,4.55,5.13,5.12,4.57,4.47,4.32,3.92,5.53,4.32,6.98,3.85,4.75,8.43,4.33,5.00,7.66,3.86,5.20,6.30,4.28,10.67,11.10,9.94,4.14,10.21,8.37,10.66,3.66,8.65,8.80,3.73,1.00
7.48,4.46,5.61,4.47,5.92,8.09,5.05,12.65,4.86,4.40,5.21,4.72,4.41,5.06,4.52,4.03,7.14,4.42,5.60,3.90,5.65,9.20,6.77,4.22,8.50,4.16,5.09,4.17,4.27,4.86,12.26,6.56,3.59,10.78,8.34,13.26,8.16,11.34,8.97,10.18,1.00
0.00,0.00,0.00,0.00,0.00,0.00,0.00,0.00,0.00,0.00,0.00,0.00,0.00,0.00,0.00,0.00,0.00,0.00,0.00,0.00,0.00,0.00,0.00,0.00,0.00,0.00,0.00,0.00,0.00,0.00,0.00,0.00,0.00,0.00,0.00,0.00,0.00,0.00,0.00,0.00,0.00
0.00,0.00,0.00,0.00,0.00,0.00,0.00,0.00,0.00,0.00,0.00,0.00,0.00,0.00,0.00,0.00,0.00,0.00,0.00,0.00,0.00,0.00,0.00,0.00,0.00,0.00,0.00,0.00,0.00,0.00,0.00,0.00,0.00,0.00,0.00,0.00,0.00,0.00,0.00,0.00,0.00
7.24,4.02,7.94,3.82,6.18,5.41,9.02,10.16,8.33,4.33,12.13,8.58,4.57,5.36,4.72,12.90,8.19,6.21,11.03,3.70,6.11,9.42,4.46,4.13,7.87,4.06,12.08,4.64,6.47,11.36,8.80,6.14,3.92,4.25,8.62,12.20,5.08,10.70,3.77,4.47,0.00
8.06,5.35,8.66,3.99,6.85,8.96,4.26,9.50,8.75,5.81,7.32,7.14,4.97,6.36,3.98,3.75,4.77,4.42,10.27,7.29,4.56,9.01,8.45,4.43,8.39,8.28,4.56,10.50,10.33,7.25,10.19,6.49,10.34,5.14,7.02,3.58,3.36,9.24,6.37,6.59,1.00
8.43,4.09,9.33,4.20,8.84,7.89,9.06,8.48,7.46,6.67,12.33,5.54,4.44,5.84,4.10,4.20,9.45,4.17,11.50,3.83,4.04,9.59,4.55,4.69,8.31,4.37,5.63,3.69,6.65,10.21,10.26,3.48,4.06,4.35,7.91,11.55,5.68,10.77,3.99,3.61,0.00
8.02,3.96,8.65,11.21,8.30,8.95,9.42,10.46,5.50,4.88,9.71,10.40,5.05,3.60,4.28,11.31,8.84,4.35,11.26,3.66,4.29,9.14,4.27,4.54,8.33,3.65,6.65,9.34,11.58,10.24,3.96,7.02,4.28,4.25,7.33,10.17,3.68,9.02,3.84,3.70,1.00
7.43,3.96,9.07,11.13,8.26,9.42,8.61,9.22,9.14,4.56,11.52,7.72,4.55,4.32,4.68,9.38,9.06,4.89,11.56,3.68,5.57,8.58,4.09,6.31,7.96,9.40,8.88,7.56,4.36,10.38,9.53,4.45,7.79,4.41,7.93,11.43,8.40,9.20,3.60,4.11,0.00
8.21,3.75,9.49,4.09,6.73,7.92,7.11,9.55,7.03,9.27,10.75,10.18,4.69,4.57,4.20,10.59,8.83,6.72,10.94,3.79,6.30,8.85,6.20,5.60,8.54,4.29,8.66,8.44,4.12,9.96,3.84,5.14,3.69,4.48,8.50,11.24,7.67,11.46,8.37,3.93,1.00
7.68,3.96,7.80,11.32,6.53,7.75,8.77,10.26,5.79,5.71,11.87,9.63,7.51,7.22,4.85,11.32,8.67,4.22,11.00,3.97,4.44,8.58,4.66,5.81,8.11,4.52,7.76,9.15,9.10,10.38,9.39,5.39,4.12,4.25,7.30,10.84,6.44,9.25,3.87,4.02,0.00
6.77,8.62,6.18,8.69,5.95,7.21,4.42,11.27,5.36,4.87,4.35,5.00,5.49,7.06,4.43,3.76,4.98,3.93,5.38,3.79,4.18,9.49,6.11,3.94,7.12,4.17,4.73,3.77,4.46,10.46,8.50,7.68,4.38,10.18,7.67,9.82,3.75,5.99,3.95,3.46,1.00
6.23,4.09,7.45,9.85,9.54,8.32,8.25,9.95,7.35,9.31,4.59,9.15,6.47,6.51,4.19,8.25,8.64,4.48,10.93,9.85,4.25,7.11,5.21,4.39,6.88,4.10,5.39,11.58,12.00,11.08,9.98,5.23,6.63,4.78,6.60,8.73,3.79,9.22,3.46,4.31,0.00
7.30,4.00,5.06,4.16,6.55,8.30,9.59,9.65,8.22,4.76,4.11,5.13,4.72,6.21,4.31,3.76,7.31,4.16,9.25,6.31,4.25,8.42,7.09,3.98,7.61,10.69,5.21,6.72,6.66,7.63,10.45,3.86,4.21,4.34,7.51,3.70,6.75,9.08,4.01,3.55,0.00
8.94,4.06,7.59,3.97,6.48,7.74,12.85,8.80,5.24,5.34,4.96,6.58,4.76,5.01,11.74,3.85,9.33,4.17,10.55,3.99,5.52,8.73,8.15,3.98,8.77,8.56,5.12,3.94,7.87,9.29,10.65,8.50,3.99,3.98,8.63,3.70,3.70,8.65,7.30,7.16,1.00
5.81,4.16,9.72,4.04,5.77,6.97,8.12,9.70,7.71,5.06,12.46,7.33,13.38,5.58,10.44,3.79,9.09,9.60,10.18,3.74,5.82,7.96,5.01,4.18,7.52,4.00,12.25,3.72,4.23,8.56,10.13,5.20,3.81,5.43,6.48,11.46,5.96,10.73,3.59,4.88,0.00
6.55,3.89,10.05,4.02,8.19,8.29,9.73,10.17,5.10,4.89,11.62,7.16,10.55,4.08,5.06,4.36,7.43,4.32,10.43,3.86,8.53,13.19,4.24,4.13,9.22,4.53,7.42,4.55,5.11,9.87,6.60,6.39,4.22,7.54,6.29,10.75,3.70,9.57,3.50,3.73,1.00
8.49,4.08,8.84,4.23,4.42,8.84,11.08,10.37,7.29,4.39,6.16,6.13,9.18,5.17,4.52,4.04,8.08,4.09,8.63,3.76,4.44,7.41,5.15,4.61,9.28,3.75,4.68,3.98,4.39,8.33,9.04,6.75,3.57,4.40,8.30,11.16,8.16,10.01,8.52,4.67,1.00
8.10,4.56,8.92,4.44,9.34,8.45,6.69,11.08,9.93,5.31,8.09,7.68,6.47,4.90,4.14,9.76,8.88,4.99,10.22,3.93,5.40,8.63,6.25,5.45,7.75,4.77,6.47,9.42,4.30,11.00,8.64,7.00,4.07,4.25,7.27,11.55,5.17,9.76,5.73,7.25,1.00
7.13,5.93,9.14,3.82,6.97,8.26,4.29,4.37,9.03,4.79,9.63,8.98,9.23,5.25,4.27,3.51,8.29,4.03,9.35,3.72,5.86,8.17,8.41,6.03,6.34,5.13,6.21,4.28,4.11,6.87,10.69,5.31,9.77,4.18,7.04,10.45,3.75,8.39,3.86,3.82,0.00
0.00,0.00,0.00,0.00,0.00,0.00,0.00,0.00,0.00,0.00,0.00,0.00,0.00,0.00,0.00,0.00,0.00,0.00,0.00,0.00,0.00,0.00,0.00,0.00,0.00,0.00,0.00,0.00,0.00,0.00,0.00,0.00,0.00,0.00,0.00,0.00,0.00,0.00,0.00,0.00,1.00
9.25,3.91,4.79,11.01,4.28,8.22,5.63,10.30,4.73,4.96,4.28,5.01,4.84,4.38,4.82,3.98,5.94,4.63,5.00,3.77,5.62,7.53,5.81,4.69,9.42,3.67,4.43,3.71,4.54,5.07,10.71,9.20,4.01,11.59,8.47,11.95,3.96,9.97,6.65,3.89,1.00
7.57,3.95,3.77,3.75,5.93,8.17,7.55,9.26,12.37,4.98,8.79,6.98,4.71,6.78,4.70,4.45,8.46,4.25,9.60,3.55,4.13,8.86,5.81,8.58,8.60,4.44,5.41,11.62,4.19,7.40,11.02,5.12,4.17,9.36,6.80,11.82,8.49,6.11,3.51,4.46,0.00
6.13,4.49,9.32,9.34,5.01,6.91,4.47,9.04,10.94,10.88,7.90,11.98,10.83,4.13,4.31,4.21,7.75,4.13,10.49,3.81,4.55,10.77,8.50,4.21,8.17,4.61,5.10,4.05,5.02,9.90,13.18,6.63,10.64,4.48,6.63,11.88,7.84,6.91,3.67,3.67,0.00
7.58,4.25,7.99,4.19,4.87,9.60,4.85,11.51,5.03,4.29,4.84,6.12,8.85,3.98,4.29,3.67,5.40,4.91,4.75,3.75,4.60,9.17,7.75,4.07,8.85,4.06,4.49,9.59,4.29,7.88,10.94,7.22,3.84,9.23,7.23,10.76,6.69,11.79,5.53,3.95,1.00
6.26,9.08,10.36,4.20,8.25,6.97,8.94,9.91,10.10,5.26,4.23,7.84,4.09,4.86,4.12,3.47,7.74,4.05,10.06,8.48,5.22,9.03,8.91,5.45,8.01,4.03,5.04,3.86,4.20,5.43,9.77,5.31,12.93,4.67,5.47,4.03,4.22,6.65,3.83,6.47,0.00
7.99,3.97,8.70,3.82,5.76,8.62,5.09,11.19,5.56,7.05,5.12,7.86,6.95,5.51,4.43,3.57,8.77,4.57,6.95,4.30,4.58,9.23,9.16,10.84,8.46,4.52,4.37,3.75,5.70,9.60,10.97,6.32,4.45,4.36,7.47,10.76,7.82,10.04,7.39,3.72,1.00
7.16,3.94,10.45,3.70,6.71,7.60,5.72,11.10,10.71,6.41,6.28,9.32,5.09,8.21,3.95,3.72,5.68,3.87,9.31,3.87,5.15,8.91,6.29,4.50,7.57,4.12,4.17,9.92,10.21,4.87,10.62,6.16,3.73,4.37,6.13,3.81,3.89,11.99,9.58,8.70,1.00
8.06,4.13,8.70,7.37,5.88,4.51,6.12,10.67,5.20,4.48,4.54,4.41,4.26,4.29,4.40,3.51,5.40,4.30,5.06,3.77,5.58,8.53,9.78,4.14,9.36,3.62,4.80,6.44,4.55,7.19,11.04,5.99,3.76,11.79,6.04,11.92,7.19,11.26,8.93,4.00,1.00
8.05,3.94,9.10,4.25,9.24,9.11,5.24,11.34,4.34,5.47,10.14,5.73,4.37,5.26,4.40,3.67,7.98,4.79,9.75,3.82,8.31,9.29,5.07,4.90,8.41,3.88,5.89,3.91,4.43,8.54,9.88,6.34,3.80,4.34,7.49,11.31,7.59,10.18,6.45,7.06,1.00
6.68,5.46,5.99,4.39,7.00,5.96,11.79,9.98,9.61,9.14,7.74,8.85,4.77,8.16,4.06,4.04,4.87,4.43,10.03,3.68,4.20,7.76,5.64,3.97,7.37,9.02,4.78,9.31,13.14,9.19,11.48,6.86,9.72,6.41,7.75,4.13,8.17,8.28,3.85,3.64,0.00
6.81,4.02,8.28,12.30,4.33,4.66,4.26,11.70,5.00,4.27,4.09,5.19,3.99,4.12,4.14,3.77,4.91,4.56,7.13,3.84,7.04,8.83,4.32,4.01,7.84,3.91,4.86,7.93,4.14,5.47,10.80,5.35,4.17,12.58,7.74,11.41,3.81,11.32,9.06,6.91,1.00
6.03,3.98,3.73,12.16,4.68,7.92,5.25,10.31,4.59,6.06,4.36,5.55,4.57,5.03,4.48,3.87,7.60,5.69,5.38,3.79,8.61,10.18,7.63,4.40,8.19,3.64,4.52,4.11,4.29,5.38,11.73,4.52,3.90,12.43,5.64,13.23,7.34,11.52,9.18,10.08,1.00
8.10,7.41,9.17,3.67,7.35,9.08,7.79,10.53,4.88,4.12,11.04,5.76,4.29,6.83,4.02,3.88,5.36,4.03,10.58,3.75,3.99,8.35,7.77,7.68,7.09,4.40,4.59,4.54,10.48,8.43,11.09,8.00,3.74,4.91,8.06,11.00,6.43,9.26,7.58,7.88,1.00
7.78,4.06,8.92,3.66,6.12,9.80,7.86,10.41,5.27,8.93,4.34,4.50,4.38,4.23,3.75,3.79,6.93,4.01,8.35,10.83,4.25,8.86,8.70,8.27,7.65,4.16,4.19,3.64,4.18,7.80,10.77,8.11,3.82,11.14,7.89,3.98,9.41,8.79,8.07,8.48,1.00
6.73,6.18,8.69,10.26,4.32,8.54,8.57,11.42,5.33,4.44,4.15,4.59,4.98,5.84,4.07,3.76,4.30,3.93,9.90,10.07,4.12,10.39,6.48,4.12,6.99,4.14,4.88,3.76,10.01,7.11,10.83,8.47,7.03,7.95,9.09,3.51,8.10,4.93,8.49,6.64,1.00
7.48,5.17,8.36,3.91,5.78,8.99,7.06,10.57,9.46,11.75,12.07,12.08,5.84,6.36,3.94,3.93,8.41,9.51,10.23,7.31,3.74,8.98,4.36,10.01,7.61,8.90,5.50,4.09,4.42,10.05,9.16,5.37,3.74,5.02,7.53,10.74,3.69,10.07,3.68,4.19,0.00
8.35,3.82,7.58,4.32,7.25,8.98,8.76,9.83,6.45,7.75,12.21,5.20,10.69,4.76,4.42,3.59,8.32,4.44,9.96,3.76,4.22,7.55,4.22,4.38,7.89,4.05,5.79,4.08,4.40,10.37,9.86,6.68,4.04,4.11,7.90,11.22,8.66,10.03,3.68,3.65,0.00
6.43,9.55,9.74,4.19,5.67,8.49,10.16,9.15,6.55,8.48,9.88,10.98,4.84,6.75,4.54,3.73,8.38,3.77,9.99,3.76,4.44,10.92,9.79,6.35,7.09,9.81,4.85,9.92,7.24,7.66,10.74,6.38,4.64,4.24,7.57,11.62,3.67,8.99,3.60,4.14,0.00
8.02,4.75,8.35,12.85,6.02,8.17,8.25,10.58,6.97,9.41,9.87,5.95,4.89,5.37,4.82,3.94,8.88,4.95,9.37,4.29,4.84,9.96,4.98,6.45,8.36,6.10,7.30,4.28,4.30,10.46,10.37,7.25,4.14,4.28,7.19,11.95,3.62,9.42,5.61,3.99,0.00
7.23,4.04,5.41,3.90,6.30,6.87,8.61,10.86,9.45,8.05,12.05,11.72,12.96,6.17,4.17,3.79,8.79,3.99,11.37,8.14,4.03,6.20,5.04,4.79,7.33,4.23,9.31,4.60,4.57,11.20,9.41,4.50,3.97,4.07,6.88,12.07,6.51,9.80,3.91,3.85,0.00
8.16,3.87,3.96,4.03,4.48,7.68,9.06,11.66,8.38,5.48,4.52,10.11,4.64,5.67,4.07,3.59,4.54,3.99,9.88,4.31,4.20,9.01,4.98,4.42,6.65,4.40,4.51,10.17,5.53,8.53,3.61,8.00,4.00,7.64,8.68,3.83,3.60,4.43,7.89,3.76,1.00
8.38,4.06,9.46,3.89,4.50,9.05,7.93,10.93,8.12,5.10,9.02,9.59,9.25,5.94,4.26,3.68,8.88,6.21,9.97,7.97,4.10,8.14,5.03,7.45,7.89,4.39,4.28,7.20,4.51,8.97,9.39,6.30,4.36,4.37,7.89,11.26,8.23,9.66,3.81,6.22,0.00
7.03,4.46,8.04,10.55,6.48,8.52,8.70,8.89,9.72,11.10,12.38,9.14,8.58,5.48,4.49,3.82,7.82,6.19,10.59,7.36,4.15,8.46,4.35,6.01,7.63,9.02,4.71,9.74,4.48,10.28,10.36,9.03,6.37,5.45,7.13,12.41,7.10,9.30,8.05,4.30,0.00
7.26,3.95,7.97,4.43,7.44,8.32,6.32,4.60,4.76,5.11,11.79,5.05,13.04,10.93,4.10,4.02,8.47,4.73,11.22,3.78,4.48,7.08,4.54,4.78,7.22,5.02,6.07,3.69,4.34,10.72,8.95,4.52,3.83,4.37,7.02,10.91,5.94,10.75,4.01,4.60,0.00
7.22,8.15,8.90,3.99,7.59,9.86,6.89,4.44,8.28,8.10,11.07,6.65,10.28,5.83,4.13,3.86,9.28,7.85,9.54,3.84,4.00,9.02,6.33,6.78,7.96,5.95,4.71,3.91,4.22,8.92,8.77,6.00,4.42,4.31,5.96,11.48,6.63,9.77,5.95,4.84,0.00
7.99,3.61,7.47,3.96,8.44,8.02,4.59,4.15,8.15,9.02,11.33,9.83,12.25,6.24,4.36,3.78,7.77,4.12,9.91,6.41,4.63,8.78,5.17,5.77,8.05,5.36,5.77,5.78,6.20,10.23,10.50,4.99,3.88,4.10,7.31,11.81,7.64,9.48,3.69,4.03,0.00
8.65,3.92,9.15,3.98,5.85,9.21,9.40,9.97,5.64,5.24,8.42,7.83,11.43,4.82,4.64,3.63,6.80,3.96,10.17,4.22,4.22,8.44,8.51,8.72,7.47,3.93,4.84,5.84,4.41,10.11,8.22,6.26,3.72,3.96,7.85,10.65,4.12,10.41,3.62,3.89,1.00
7.32,4.17,6.33,4.08,6.70,8.06,9.97,10.38,7.56,5.04,12.84,8.98,4.38,4.60,11.72,3.79,8.25,4.15,9.72,4.30,4.25,8.38,4.41,9.84,8.43,4.17,8.53,10.63,11.05,9.52,9.07,7.64,4.05,4.42,7.61,10.73,6.11,8.99,3.59,3.95,0.00
9.03,4.07,8.47,4.26,5.44,9.10,4.63,10.54,8.07,5.23,10.97,6.51,9.88,4.59,4.83,3.82,8.00,4.40,9.97,6.19,4.53,8.28,4.42,7.42,8.64,4.30,5.78,3.97,4.18,10.06,9.16,5.04,3.83,4.17,7.67,12.13,3.62,10.60,6.58,6.60,1.00
8.97,4.69,10.01,4.09,7.12,8.86,5.25,9.57,9.37,4.90,11.30,4.86,7.14,4.95,4.67,5.33,8.60,4.94,9.40,3.87,6.93,8.93,5.56,5.01,8.42,3.97,5.67,6.52,4.13,10.12,8.04,4.55,4.04,4.36,8.35,12.41,6.91,8.88,3.91,8.31,1.00
8.51,3.92,9.48,4.22,5.34,9.24,9.32,9.74,5.11,4.16,11.79,7.93,4.89,4.15,4.20,3.70,9.33,4.23,10.05,3.73,7.10,8.70,4.39,4.12,7.24,4.21,4.76,5.53,4.05,8.83,8.50,7.52,7.00,4.67,8.51,12.28,7.17,10.25,7.20,8.88,1.00
5.57,8.25,8.79,3.99,4.45,6.68,6.61,10.14,9.17,7.53,11.59,12.21,4.32,3.70,4.52,3.99,6.86,4.26,10.40,7.47,4.44,8.79,8.55,4.18,7.21,4.31,5.24,10.98,9.37,8.16,10.01,8.24,9.58,4.21,7.33,5.59,3.94,7.49,3.60,3.63,0.00
6.97,4.15,6.70,11.35,4.94,9.66,11.63,10.51,5.04,4.45,6.50,9.37,4.47,6.28,8.31,3.91,8.50,3.88,9.24,4.61,4.19,7.17,8.21,4.26,8.81,3.95,4.62,4.18,5.24,8.84,9.49,5.49,4.01,4.76,6.70,9.49,4.24,10.70,9.00,5.75,1.00
8.41,3.93,8.32,3.95,6.87,7.44,10.25,5.72,8.02,4.54,12.11,5.72,4.44,5.80,6.18,3.75,9.82,11.42,10.27,8.00,4.30,8.81,6.60,6.54,7.19,4.19,7.45,4.03,8.85,9.55,3.76,4.70,3.79,4.29,6.56,11.94,7.75,8.66,4.11,5.56,0.00
7.80,9.18,7.50,4.30,6.59,8.63,8.69,5.48,9.70,8.39,9.44,4.92,4.36,6.48,4.15,4.07,7.94,10.18,10.06,3.67,4.49,9.47,4.85,4.17,8.18,4.01,5.32,4.23,4.50,8.13,8.68,7.07,3.94,4.64,8.03,8.24,4.10,10.08,5.59,9.96,0.00
6.46,3.97,8.26,4.16,7.78,9.42,9.32,10.99,4.74,5.25,12.45,7.84,4.49,4.66,4.57,4.33,9.56,4.36,9.87,3.82,5.84,8.18,4.42,5.15,7.49,4.20,7.95,4.25,4.50,10.75,9.20,6.64,4.02,4.58,7.46,11.19,3.83,9.65,3.50,4.52,0.00
6.19,4.54,8.48,3.95,7.55,7.51,9.99,10.80,7.36,5.07,12.10,5.75,7.68,6.52,4.56,9.51,9.18,6.89,11.45,3.60,4.69,8.29,4.17,7.17,6.84,4.57,6.39,3.93,4.22,11.52,8.82,5.43,3.97,3.84,5.65,12.32,6.83,8.80,5.62,3.83,0.00
8.46,4.14,4.34,4.23,8.50,9.07,8.55,11.30,5.00,5.07,4.46,11.96,4.94,5.29,4.49,4.03,5.47,4.18,9.12,6.02,4.34,7.65,4.41,4.31,8.25,6.57,4.68,3.95,4.96,9.61,10.93,8.00,5.09,4.71,8.13,11.30,3.78,5.03,3.70,4.63,0.00
7.79,3.99,9.54,4.48,6.99,8.54,11.46,4.10,5.19,5.02,11.66,6.48,5.10,4.04,5.05,3.78,9.26,5.37,10.44,3.78,4.69,7.89,9.77,5.42,8.29,4.13,4.73,8.25,4.21,8.66,8.64,5.28,6.23,4.15,7.49,11.93,8.27,10.91,4.04,6.58,0.00
6.11,3.87,9.08,10.89,7.59,7.57,10.27,4.16,4.64,4.34,3.95,4.81,5.10,5.13,5.45,4.00,8.49,4.20,9.95,3.87,5.27,8.11,5.70,6.86,9.16,9.29,4.72,3.94,4.27,5.40,10.83,6.77,4.00,4.13,6.23,10.56,7.10,10.24,6.95,7.40,0.00
7.38,3.81,3.97,4.14,8.34,8.44,8.41,10.79,5.48,4.59,4.19,11.15,4.37,5.34,4.49,3.55,4.66,4.28,4.81,7.30,4.24,6.85,4.33,3.99,7.89,3.88,4.57,3.67,10.50,9.25,11.06,7.16,11.70,4.25,7.45,3.83,6.48,4.50,6.24,3.99,0.00
6.86,8.46,9.60,3.74,9.96,8.36,7.84,8.26,10.42,3.93,9.52,8.71,4.46,5.30,4.59,3.66,8.12,4.03,9.90,10.45,4.52,7.28,5.01,4.26,7.93,3.94,5.22,9.62,4.02,8.19,3.48,6.57,4.01,7.45,5.05,11.83,8.38,9.11,5.25,7.30,0.00
7.17,8.66,9.54,4.37,4.90,7.73,8.61,10.33,4.66,4.45,4.41,11.81,4.31,6.72,4.34,3.79,5.44,4.08,9.64,4.00,4.21,9.57,5.25,6.83,6.86,7.39,4.78,3.70,4.35,5.84,4.64,7.70,5.93,4.34,7.35,5.92,7.36,4.97,3.48,5.90,0.00
8.84,4.54,9.12,12.38,4.42,8.49,4.71,11.77,5.55,4.39,6.84,6.66,4.65,4.62,4.34,4.03,5.75,4.39,4.94,3.85,6.20,9.54,4.00,4.29,9.12,4.37,4.98,3.82,4.69,5.41,11.40,7.40,3.68,4.51,7.48,11.46,5.07,11.32,3.70,3.81,1.00
8.49,3.72,9.17,4.65,9.22,8.15,8.05,9.24,6.16,4.80,12.44,4.72,4.14,4.95,12.71,4.29,9.07,3.74,9.44,3.68,3.88,8.29,4.17,7.72,8.01,4.37,5.21,3.92,4.52,9.64,7.68,7.53,3.87,4.48,7.81,11.35,7.06,10.42,7.73,6.12,1.00
7.28,6.17,8.49,4.44,5.76,8.71,6.18,10.07,4.68,4.90,9.27,5.04,11.70,5.99,4.65,6.05,8.62,11.62,6.38,4.25,8.62,10.11,4.34,4.59,8.80,4.12,7.73,3.81,4.28,9.02,7.15,4.49,4.24,11.48,6.99,11.50,3.85,10.81,4.02,8.85,1.00
7.46,4.53,4.44,8.13,4.73,8.92,9.36,11.30,4.99,4.33,4.24,5.07,4.61,5.03,4.11,3.71,8.06,4.32,5.26,3.72,7.85,9.68,6.95,4.67,9.29,3.77,4.60,4.34,4.25,4.84,11.36,5.79,3.60,12.57,5.12,13.35,6.86,11.87,9.17,10.61,1.00
7.50,4.03,3.82,4.20,6.65,8.63,4.71,11.92,4.87,4.69,8.25,6.08,4.09,5.12,3.82,3.99,5.00,4.47,4.77,3.58,6.93,8.40,6.29,4.46,8.56,3.70,4.62,3.96,4.21,5.12,11.62,3.83,3.84,6.90,5.29,12.90,4.23,11.47,8.46,11.68,1.00
7.89,4.50,4.10,11.41,6.17,6.26,6.07,4.82,4.48,4.49,4.11,5.35,4.78,5.29,4.91,3.96,5.84,4.56,4.89,4.80,6.25,3.76,5.45,4.80,8.33,4.14,5.05,4.27,4.38,7.71,11.34,6.53,3.97,5.01,7.59,12.43,5.55,7.12,4.70,4.01,0.00
6.83,4.24,6.98,3.78,4.80,9.73,12.39,10.25,4.55,4.66,10.56,8.41,8.06,4.04,7.49,4.03,7.32,4.69,9.38,3.70,5.22,9.29,4.27,7.09,8.67,3.89,4.73,6.02,6.18,8.64,9.43,6.92,3.87,6.73,7.10,9.74,5.55,8.16,5.83,7.51,1.00
6.90,4.24,8.33,4.67,4.44,4.50,4.87,11.50,5.05,4.83,4.40,4.63,5.09,4.64,4.40,3.59,4.93,4.29,8.33,3.92,6.57,8.27,4.68,4.40,7.77,4.01,4.93,5.78,4.66,5.06,10.42,7.76,3.97,12.80,7.42,10.50,3.72,10.52,9.98,8.34,1.00
7.96,5.18,3.74,4.11,7.05,4.57,4.56,5.29,4.93,5.04,9.90,5.61,4.39,6.13,4.16,3.89,8.10,3.99,6.83,3.68,7.24,12.01,7.93,7.58,7.67,7.08,4.13,4.38,4.11,4.89,12.17,5.94,4.29,10.19,7.44,12.70,3.74,11.53,7.02,10.07,1.00
7.93,4.70,8.96,4.21,7.60,9.42,9.82,8.90,4.54,4.90,13.66,8.85,12.45,4.01,5.09,4.37,8.88,12.78,10.01,4.09,7.72,9.25,5.03,3.91,7.43,4.04,12.03,4.60,4.32,10.07,9.83,5.39,4.06,4.25,7.88,11.81,7.15,10.85,5.60,5.19,0.00
7.79,4.02,8.49,3.90,8.59,7.75,8.11,10.52,5.05,7.52,11.89,8.30,6.16,6.06,5.09,3.58,9.02,4.33,10.48,3.94,4.53,7.60,4.82,6.06,8.32,4.89,7.95,6.50,5.85,11.34,9.77,5.80,4.36,4.38,7.10,11.57,9.51,8.56,5.78,4.31,0.00
8.08,4.16,4.84,12.43,4.14,7.23,6.54,10.29,5.29,3.58,3.93,5.29,4.93,9.75,4.01,3.94,4.76,4.15,4.81,3.61,5.10,8.75,9.18,4.18,9.54,3.86,5.29,8.71,4.31,5.14,10.69,6.92,3.96,12.16,7.81,11.74,6.04,9.73,4.40,5.66,1.00
7.18,4.19,7.09,4.10,7.44,8.97,9.09,9.71,5.00,6.53,11.57,6.44,11.56,6.41,4.70,4.02,8.13,4.66,9.63,4.01,4.38,8.53,4.23,6.16,7.59,4.13,4.91,3.99,4.48,8.30,10.71,6.57,4.05,4.92,6.26,11.39,7.41,10.35,3.49,3.93,0.00
8.10,5.81,9.14,11.99,7.87,8.63,5.16,9.61,8.70,9.29,10.61,11.11,7.58,4.36,4.48,3.73,7.44,5.47,9.77,4.53,4.16,9.40,9.11,8.06,7.57,4.15,4.61,4.34,4.38,8.13,10.38,5.73,3.91,5.17,7.58,11.69,6.41,9.22,3.54,4.12,0.00
7.99,6.11,10.20,4.15,8.51,8.67,8.34,10.01,10.85,4.43,8.84,6.58,4.04,5.94,4.77,3.71,8.09,4.21,9.83,3.88,4.38,8.28,11.01,7.47,7.71,8.45,4.84,3.75,4.29,7.17,10.75,6.48,5.08,4.81,8.31,10.27,7.44,9.29,3.83,6.78,0.00
8.96,4.07,9.00,4.06,4.31,4.46,8.46,11.17,5.18,4.82,4.22,6.52,4.09,5.79,4.25,3.59,5.36,4.29,9.27,3.85,5.90,10.08,6.49,4.04,6.89,4.57,4.78,4.15,5.18,5.25,11.11,7.96,3.52,11.21,8.15,4.75,3.77,11.66,9.09,7.50,1.00
7.13,5.03,8.65,4.78,7.49,8.18,7.73,8.83,10.44,7.60,7.97,10.21,8.62,6.88,4.01,3.82,6.84,5.29,10.54,9.29,4.35,8.31,9.88,7.96,8.25,3.69,5.07,10.23,4.84,8.36,10.53,5.68,7.86,9.24,6.88,10.80,6.80,10.17,6.85,4.98,0.00
7.33,4.07,8.55,4.10,4.57,6.26,4.83,10.27,4.80,4.85,10.44,4.71,4.57,5.73,4.23,3.62,4.55,4.18,8.48,4.36,6.93,7.55,4.20,5.74,6.53,3.84,4.60,6.24,4.01,5.18,10.73,8.09,4.02,12.27,8.09,5.52,3.80,11.14,8.73,9.36,1.00
7.86,3.84,8.38,4.07,8.09,6.42,8.67,10.19,8.57,4.49,9.33,5.35,4.53,5.73,4.37,14.12,9.34,3.95,11.13,3.88,9.19,8.82,4.61,4.34,7.73,4.60,7.62,11.83,4.35,11.61,7.70,4.15,3.85,4.22,7.77,12.32,3.95,9.51,3.89,4.62,1.00
7.02,4.67,10.11,4.06,6.82,7.78,9.05,4.18,5.39,7.17,8.37,4.99,4.60,4.65,3.98,3.96,7.87,4.03,10.88,3.64,5.21,8.73,5.96,7.20,8.17,7.83,4.62,3.75,4.24,8.11,10.37,6.30,13.27,4.03,7.01,4.23,3.88,7.76,3.67,3.75,0.00
7.79,3.92,8.41,4.15,5.28,7.15,9.72,5.50,9.79,10.05,4.71,4.86,5.11,4.47,4.62,3.81,7.08,5.22,4.68,3.72,4.33,8.77,5.27,6.56,8.38,4.63,4.70,4.58,11.38,8.74,10.58,7.51,5.74,4.02,7.58,4.40,3.82,10.24,6.74,3.84,1.00
0.00,0.00,0.00,0.00,0.00,0.00,0.00,0.00,0.00,0.00,0.00,0.00,0.00,0.00,0.00,0.00,0.00,0.00,0.00,0.00,0.00,0.00,0.00,0.00,0.00,0.00,0.00,0.00,0.00,0.00,0.00,0.00,0.00,0.00,0.00,0.00,0.00,0.00,0.00,0.00,0.00
7.66,4.31,6.29,10.34,8.80,7.00,10.46,8.76,8.75,6.43,9.71,6.10,4.53,4.62,4.90,3.66,9.73,4.17,9.23,5.40,4.22,7.96,7.45,5.43,7.88,3.89,5.23,3.89,8.17,7.62,4.89,7.54,4.31,5.37,7.74,3.53,3.83,9.52,3.96,4.78,0.00
7.35,8.90,10.37,12.79,6.91,8.42,4.14,10.95,8.48,7.45,4.62,10.87,4.25,3.88,4.36,3.79,4.81,3.80,10.16,3.77,4.11,12.01,9.29,8.44,6.98,4.69,4.87,4.56,4.40,7.19,10.08,8.55,4.44,8.06,6.25,7.30,8.47,3.86,3.67,3.87,0.00
7.93,4.09,3.85,4.11,6.24,7.47,5.38,4.26,4.79,4.40,4.98,5.37,4.80,4.26,4.39,3.50,7.77,4.07,5.17,3.92,6.98,9.11,7.52,4.01,8.62,3.55,4.90,4.89,4.43,5.01,11.27,4.28,4.02,11.55,7.45,13.14,3.92,11.72,9.18,9.93,1.00
6.73,7.30,3.78,7.63,4.00,9.26,5.89,10.61,4.90,3.85,4.25,7.64,4.42,6.56,4.21,3.54,4.69,4.21,10.80,3.75,4.26,9.19,8.51,5.14,8.49,4.51,4.67,6.02,4.24,7.95,8.78,8.42,3.62,4.95,7.36,3.37,6.98,4.65,3.78,8.55,1.00
7.50,4.08,8.95,7.33,4.68,8.59,6.01,9.66,5.66,9.92,9.38,7.49,4.40,6.01,4.47,5.05,8.65,4.02,7.41,3.72,4.36,10.19,5.70,4.31,8.18,4.05,4.59,3.97,4.62,11.41,6.07,5.55,4.22,5.04,7.84,13.03,6.29,9.38,6.72,3.84,1.00
7.37,4.40,8.92,4.00,6.30,6.93,5.12,10.66,7.91,4.39,4.05,8.25,4.66,8.07,4.08,3.66,5.30,3.78,8.55,4.01,5.01,10.07,7.52,5.50,8.24,4.50,4.60,8.59,10.35,5.13,10.54,5.81,6.15,4.26,6.19,4.38,4.83,10.87,8.86,8.31,1.00
7.08,3.68,7.76,3.92,5.17,8.46,11.99,10.12,4.96,4.89,7.39,8.99,4.84,3.76,4.94,4.07,8.31,4.47,10.50,3.91,4.64,8.57,4.21,7.86,8.62,6.11,5.03,3.74,6.97,9.67,10.02,7.09,3.86,4.15,7.13,9.76,6.32,9.81,3.35,4.98,0.00
7.58,3.95,9.44,12.06,6.75,6.71,6.05,6.37,5.41,6.84,4.30,11.82,5.20,5.14,4.51,3.84,8.33,3.92,10.30,7.79,5.20,5.99,9.18,6.08,8.28,6.30,5.26,3.76,4.39,6.17,11.09,6.78,9.92,3.95,6.91,7.87,3.59,8.40,3.39,4.62,0.00
7.52,6.74,9.40,3.95,7.70,6.78,6.77,8.39,7.86,5.29,6.00,5.45,11.00,4.35,4.26,4.06,8.52,4.11,10.32,3.75,4.50,8.38,9.99,6.48,7.98,4.83,4.96,3.61,4.11,8.27,10.25,5.92,14.17,4.16,6.53,7.77,4.86,7.46,3.67,3.89,0.00
6.89,4.61,7.23,4.30,6.81,5.28,8.43,10.90,10.19,9.17,5.08,8.48,6.17,6.75,4.14,4.02,9.95,4.40,9.91,10.06,4.98,7.67,6.87,6.20,6.54,6.72,5.49,4.47,7.21,6.24,10.82,8.07,9.50,3.90,6.80,10.62,3.84,8.59,7.76,3.74,0.00
8.34,4.14,7.96,3.93,4.27,7.06,4.90,10.21,5.04,4.27,4.02,5.76,4.44,5.16,4.61,3.43,4.93,4.26,10.92,6.78,4.39,9.14,6.31,5.11,8.21,6.90,5.05,4.26,4.61,8.32,9.24,9.47,9.17,9.72,7.77,4.24,7.85,4.33,8.49,7.99,1.00
6.07,5.10,3.98,12.46,4.43,6.68,6.08,9.07,6.26,4.34,4.39,9.09,5.38,5.73,4.15,3.89,5.08,3.94,11.65,4.25,5.10,9.26,9.97,8.36,7.60,5.86,4.91,4.39,4.53,6.48,9.31,6.61,5.79,6.22,6.21,4.21,7.01,9.26,3.77,4.44,0.00
7.69,4.07,8.21,4.00,6.85,7.15,9.27,9.04,7.99,7.68,11.82,11.04,4.67,5.81,5.88,3.77,7.21,4.40,10.58,5.71,4.16,8.50,7.61,5.07,8.67,3.80,11.04,8.42,11.79,6.05,3.79,5.31,7.43,6.62,5.30,10.72,5.33,6.92,3.85,5.72,0.00
6.68,4.21,6.22,4.05,8.47,5.22,8.81,4.77,8.45,9.66,10.02,6.16,6.57,6.40,4.26,3.65,8.16,4.35,10.29,3.77,5.06,8.90,5.64,4.49,7.54,5.21,5.01,10.95,8.60,6.61,9.91,6.52,7.87,4.67,6.19,9.32,7.46,10.49,3.92,3.88,0.00
7.41,4.33,7.46,4.15,6.06,7.91,9.77,4.29,9.05,7.23,10.44,7.86,4.96,6.11,11.44,3.82,7.75,4.89,10.47,5.74,4.09,8.69,4.44,4.38,8.06,4.04,4.80,8.00,11.87,9.35,9.96,7.18,4.57,6.64,7.36,10.41,7.25,9.52,6.75,4.17,0.00
7.56,3.99,7.50,3.99,8.45,9.24,7.42,9.81,4.68,9.22,12.03,8.96,6.62,4.74,4.41,4.03,7.84,10.50,9.51,3.79,4.08,9.91,5.28,9.76,7.96,9.77,4.61,4.17,11.04,7.42,10.57,8.92,4.13,5.82,7.76,9.99,6.96,10.54,3.86,4.47,0.00
8.37,3.88,8.25,12.25,4.29,5.75,4.77,10.67,5.32,4.48,4.31,4.99,3.85,4.85,4.64,4.04,5.09,4.55,5.08,3.87,7.11,4.64,6.87,4.28,9.34,4.11,5.17,4.21,4.59,4.95,11.23,4.68,3.97,10.88,6.17,12.28,3.90,9.53,3.68,3.68,1.00
8.30,4.10,6.90,11.86,4.22,6.11,4.23,11.39,4.84,4.16,4.13,4.83,4.97,6.63,4.59,3.81,4.58,4.57,4.88,3.96,6.04,4.38,5.77,4.35,9.33,3.71,4.78,4.06,4.29,5.11,11.12,5.47,4.22,10.90,5.96,12.20,4.03,3.76,3.83,8.03,1.00
7.99,4.44,9.06,4.30,4.78,7.80,4.12,11.41,5.16,4.04,4.46,5.94,4.44,5.24,4.26,3.45,4.79,4.55,5.19,3.59,6.08,6.70,4.54,4.29,9.24,4.06,4.82,4.59,4.35,5.48,11.21,7.74,4.12,11.92,7.59,11.88,3.81,6.50,3.84,3.79,1.00
7.05,4.08,10.20,4.42,4.77,6.91,4.40,9.70,5.23,4.69,4.72,4.47,4.54,5.27,4.87,4.65,6.32,4.70,5.03,4.17,5.73,9.60,9.42,5.26,8.58,3.97,5.31,4.01,4.57,5.56,10.44,3.53,4.00,13.50,6.96,11.33,3.94,10.40,8.32,3.58,1.00
6.24,4.16,8.64,11.06,5.74,7.09,4.48,10.01,4.72,5.03,12.38,4.64,8.69,4.01,4.41,4.22,6.02,4.36,5.33,3.90,5.52,11.12,6.88,4.44,8.68,3.91,4.73,4.77,8.48,5.72,10.92,5.55,3.93,8.57,6.25,10.22,3.89,11.33,7.46,10.11,1.00
8.30,4.00,8.04,4.25,4.23,8.00,7.45,11.65,5.00,5.02,5.08,4.55,5.47,5.59,4.79,3.70,4.67,4.18,7.57,4.15,7.34,9.36,4.49,4.65,8.43,4.51,4.53,4.28,4.44,5.31,10.94,7.93,3.76,11.62,8.58,3.87,3.90,10.52,8.72,6.41,1.00
6.95,5.52,6.58,4.31,6.53,5.89,8.75,9.25,9.20,8.22,7.56,5.76,4.81,6.26,4.39,3.70,6.89,4.32,5.32,4.42,4.26,8.76,5.06,5.52,8.05,7.71,4.66,10.22,9.76,8.05,10.43,6.76,5.81,4.75,7.12,4.35,7.97,9.18,3.59,3.92,0.00
7.10,4.19,6.64,4.06,6.08,8.74,11.56,9.53,5.68,9.39,4.08,7.50,4.95,5.09,10.60,3.63,8.02,3.98,8.10,3.66,4.77,8.85,4.28,4.79,8.57,3.93,4.87,5.68,4.28,9.43,7.99,7.46,3.76,4.23,7.06,8.54,5.91,8.54,8.19,6.08,1.00
8.37,4.00,6.43,4.02,6.86,9.26,10.65,7.38,4.89,4.99,13.27,6.67,13.09,3.91,10.65,3.76,7.76,4.72,9.40,3.46,4.79,9.42,5.97,4.76,8.90,3.89,6.23,4.09,4.38,9.01,10.03,7.66,3.99,4.49,7.86,11.02,8.25,10.88,7.08,4.71,1.00
7.81,4.18,9.73,4.19,5.52,4.29,7.39,4.03,5.23,6.44,10.00,7.00,11.60,5.44,5.76,3.76,7.75,4.44,9.90,3.91,7.37,11.07,4.83,4.32,8.45,4.10,7.05,3.60,4.14,10.79,9.65,7.68,3.91,8.93,7.63,11.85,3.64,10.08,3.69,8.02,1.00
9.77,4.30,10.07,3.89,7.05,9.54,9.06,10.67,4.98,5.77,11.66,5.14,4.16,5.84,4.65,4.10,9.09,3.80,10.76,3.73,4.77,9.56,11.89,6.84,9.56,3.83,11.31,4.26,4.13,8.64,9.66,6.38,3.84,4.25,8.45,9.46,3.71,9.77,3.95,8.32,1.00
6.77,4.67,7.40,4.03,7.64,7.95,8.89,4.19,8.94,5.52,11.13,6.87,13.54,5.53,4.52,4.19,8.55,4.88,10.24,4.27,5.00,8.67,4.74,6.39,8.64,4.13,5.52,5.07,4.06,9.47,9.22,5.47,4.00,4.72,7.23,12.62,7.46,10.31,6.70,5.09,0.00
8.77,4.02,7.91,11.61,5.87,8.82,10.32,8.00,4.71,6.43,12.93,8.14,13.25,4.44,4.34,3.91,9.37,4.35,9.64,3.77,4.46,9.36,6.74,9.21,7.97,4.23,5.92,4.15,4.20,10.22,9.58,4.15,4.01,4.38,7.72,11.58,5.66,10.16,3.76,6.62,0.00
7.14,5.30,9.39,4.38,9.11,7.68,7.47,4.57,6.73,7.42,11.76,6.74,13.15,8.08,5.18,3.82,9.84,13.22,10.29,9.75,7.66,8.33,4.48,4.24,7.24,3.96,7.77,3.83,4.59,10.26,10.08,7.42,3.83,4.21,7.69,11.44,3.67,10.58,3.52,6.95,0.00
6.82,5.53,7.02,4.27,5.71,4.74,9.42,4.80,8.48,9.79,4.93,4.81,4.23,5.05,4.34,3.95,8.41,4.79,5.28,3.89,4.03,9.48,4.83,6.99,8.11,6.80,4.72,8.36,7.44,8.30,10.45,7.35,7.04,4.11,8.03,9.16,3.62,8.57,4.07,4.22,0.00
8.23,3.91,8.79,3.91,8.20,9.25,8.55,9.63,4.70,5.75,10.92,10.09,12.08,3.35,4.65,9.61,9.37,9.22,12.26,3.76,5.00,8.03,4.16,4.12,7.91,3.99,6.84,11.95,4.73,10.62,4.29,5.87,3.84,4.22,7.36,10.72,5.63,10.85,4.06,5.55,1.00
8.51,4.34,3.67,4.23,8.43,9.97,7.64,10.19,4.79,4.81,4.10,9.68,5.00,6.30,4.76,3.79,5.31,5.16,4.90,5.08,4.78,8.31,10.54,4.52,8.54,3.69,4.73,3.93,4.76,9.51,10.47,5.44,4.35,4.33,8.11,3.97,3.90,3.82,3.67,4.28,1.00
7.81,3.86,8.70,9.79,8.44,8.72,7.44,8.85,10.86,7.88,11.10,10.78,9.61,6.32,4.66,13.72,8.31,4.26,11.61,5.20,7.54,9.20,4.36,3.58,7.88,4.07,8.45,11.52,4.96,11.63,3.71,5.33,3.84,4.04,7.04,12.08,4.09,10.98,6.38,3.80,1.00
8.30,4.12,8.42,11.48,4.56,8.72,4.53,10.12,4.98,4.44,4.32,5.26,4.77,4.94,4.26,4.36,5.45,4.40,5.07,3.91,5.35,8.68,7.74,4.63,8.36,4.07,4.90,4.54,4.46,5.60,11.60,5.54,3.86,12.43,8.58,11.53,3.75,10.06,7.55,5.90,1.00
8.53,3.73,9.00,4.17,4.30,8.28,5.98,4.01,4.64,4.64,4.27,7.96,5.06,6.08,4.28,3.85,5.30,4.35,9.83,3.96,4.20,10.40,4.52,11.15,8.04,4.46,5.22,4.19,5.63,8.96,11.41,7.78,5.34,4.42,8.59,4.28,3.72,4.92,8.35,7.73,1.00
7.83,5.03,7.83,3.95,5.63,8.29,11.26,4.22,10.47,11.04,5.17,8.23,4.40,6.13,3.73,4.30,6.77,4.72,9.93,3.79,4.57,8.98,6.45,3.80,7.59,5.63,4.55,4.20,6.88,8.73,10.12,6.94,4.19,3.99,8.43,4.38,6.84,9.17,5.92,4.21,0.00
5.87,3.95,4.24,3.94,4.33,7.60,6.82,12.50,11.96,9.84,8.78,6.77,3.95,7.96,4.75,4.58,7.70,4.15,8.23,3.74,4.63,8.59,4.84,6.32,7.39,3.96,6.31,7.23,4.00,9.57,9.20,5.86,4.05,5.06,6.10,11.49,7.19,6.25,8.44,5.33,0.00
7.57,4.71,7.16,4.60,6.40,8.05,8.27,11.02,9.04,12.30,12.10,4.99,4.52,6.73,4.24,3.80,8.75,4.47,10.43,5.54,4.16,9.94,4.55,4.08,7.80,4.86,5.57,5.50,5.29,7.95,8.56,4.98,4.21,4.73,6.17,9.87,3.74,10.00,4.07,7.39,0.00
6.48,4.10,6.47,4.01,4.89,5.77,9.51,9.65,4.97,4.60,3.93,8.12,4.18,6.17,4.10,3.71,8.65,4.07,10.39,8.45,5.10,7.82,5.84,4.72,7.08,7.71,4.46,3.85,4.75,6.98,10.52,8.70,3.91,4.17,6.80,4.37,3.73,8.47,6.54,4.25,0.00
6.71,6.64,8.89,4.12,7.58,7.27,8.89,6.32,9.86,8.95,5.01,5.37,4.27,7.61,3.94,3.60,4.48,3.71,5.40,6.14,4.34,9.78,8.71,5.55,6.96,8.93,4.65,4.18,8.53,8.96,11.55,8.37,7.34,4.81,7.66,4.35,9.80,8.31,3.71,5.36,0.00
6.46,5.69,7.97,3.98,5.39,7.55,4.63,4.21,4.86,10.93,9.08,11.69,3.86,7.22,4.40,3.82,8.10,4.25,10.09,3.64,4.31,10.69,9.68,4.54,6.44,3.88,4.70,6.28,4.95,10.78,11.21,6.18,5.40,8.49,4.89,12.12,4.74,3.83,3.97,6.73,0.00
